{
"type": "FeatureCollection",
"name": "Sermilik_Fjord_Boundary",
"crs": { "type": "name", "properties": { "name": "urn:ogc:def:crs:EPSG::3413" } },
"features": [
{ "type": "Feature", "properties": { "OBJECTID_1": 30, "Name": "Sermilik", "AreaKM": 1424.2637565, "FjordID": 30 }, "geometry": { "type": "MultiPolygon", "coordinates": [ [ [ [ 330569.497400000691414, -2659042.945000000298023 ], [ 330567.563400000333786, -2659073.639199998229742 ], [ 330539.654800001531839, -2659102.319299999624491 ], [ 330560.074099998921156, -2659114.606100000441074 ], [ 330547.281500000506639, -2659211.090999998152256 ], [ 330510.863899998366833, -2659280.36939999833703 ], [ 330299.639800000935793, -2659269.808299999684095 ], [ 330296.05970000103116, -2659156.997299998998642 ], [ 330232.920499999076128, -2658958.628600001335144 ], [ 330247.831999998539686, -2658901.921799998730421 ], [ 330297.0641999989748, -2658897.6233000010252 ], [ 330324.729899998754263, -2658930.689800001680851 ], [ 330360.569200001657009, -2658912.322799999266863 ], [ 330378.858600001782179, -2658930.9222999997437 ], [ 330446.736299999058247, -2658939.018300000578165 ], [ 330456.283900000154972, -2658907.388399999588728 ], [ 330435.827399998903275, -2658896.014499999582767 ], [ 330457.392900001257658, -2658865.500500001013279 ], [ 330562.615699999034405, -2658860.183200001716614 ], [ 330572.052999999374151, -2658921.732700001448393 ], [ 330540.061799999326468, -2659018.776999998837709 ], [ 330569.497400000691414, -2659042.945000000298023 ] ] ], [ [ [ 329194.019799999892712, -2659214.527199998497963 ], [ 329215.129000000655651, -2659178.808200001716614 ], [ 329209.90989999845624, -2659010.673900000751019 ], [ 329167.979699999094009, -2658950.623100001364946 ], [ 329193.363000001758337, -2658890.001600001007318 ], [ 329235.420099999755621, -2658879.54839999973774 ], [ 329254.464200001209974, -2658847.650699999183416 ], [ 329292.032999999821186, -2658842.087600000202656 ], [ 329276.363200001418591, -2659145.111299999058247 ], [ 329300.037599999457598, -2659219.828200001269579 ], [ 329194.019799999892712, -2659214.527199998497963 ] ] ], [ [ [ 318489.144999999552965, -2607666.502300001680851 ], [ 318496.142700001597404, -2607682.155999999493361 ], [ 318461.928899999707937, -2607693.272799998521805 ], [ 318429.709800001233816, -2607667.729400001466274 ], [ 318406.290899999439716, -2607674.913400001823902 ], [ 318388.231600001454353, -2607733.578699998557568 ], [ 318315.780099999159575, -2607763.253400001674891 ], [ 318247.658399999141693, -2607795.93189999833703 ], [ 318220.599300000816584, -2607868.673599999397993 ], [ 318179.401000000536442, -2607878.934300001710653 ], [ 318163.785100001841784, -2607904.285399999469519 ], [ 318130.353999998420477, -2607783.265999998897314 ], [ 318161.039500001817942, -2607756.075100000947714 ], [ 318157.19709999859333, -2607728.771499998867512 ], [ 318202.128499999642372, -2607623.456900000572205 ], [ 318351.708399999886751, -2607553.967799998819828 ], [ 318660.005899999290705, -2607531.907999999821186 ], [ 318664.432599999010563, -2607595.688700001686811 ], [ 318547.884199999272823, -2607628.136799998581409 ], [ 318535.696400001645088, -2607671.295499999076128 ], [ 318489.144999999552965, -2607666.502300001680851 ] ] ], [ [ [ 374011.16780000180006, -2556825.776900000870228 ], [ 374127.584699999541044, -2556741.109999999403954 ], [ 374240.135899998247623, -2556631.131299998611212 ], [ 374335.384100001305342, -2556514.716899998486042 ], [ 374420.049100000411272, -2556398.302400000393391 ], [ 374525.880499999970198, -2556303.054299999028444 ], [ 374621.128600001335144, -2556207.806099999696016 ], [ 374801.041900001466274, -2556218.3893 ], [ 374970.372000001370907, -2556271.304900001734495 ], [ 375097.369500000029802, -2556355.969999998807907 ], [ 375150.285199999809265, -2556493.550599999725819 ], [ 375245.533399999141693, -2556535.883099999278784 ], [ 375361.947799999266863, -2556662.880699999630451 ], [ 375446.612900000065565, -2556800.461399998515844 ], [ 375478.362199999392033, -2556990.957699999213219 ], [ 375478.362199999392033, -2557170.870900001376867 ], [ 375467.779100000858307, -2557350.784099999815226 ], [ 375414.863400001078844, -2557520.114199999719858 ], [ 375383.114000000059605, -2557689.444299999624491 ], [ 375298.449000000953674, -2557795.275600001215935 ], [ 375192.61769999936223, -2557954.022599998861551 ], [ 375044.453899998217821, -2558070.436999998986721 ], [ 374906.873100001364946, -2558186.851399999111891 ], [ 374801.041799999773502, -2558313.848999999463558 ], [ 374705.793699998408556, -2558430.2635000012815 ], [ 374536.463599998503923, -2558504.345400001853704 ], [ 374335.384100001305342, -2558493.762200001627207 ], [ 374282.468400001525879, -2558589.010400000959635 ], [ 374324.800900001078844, -2558768.923599999397993 ], [ 374377.716600000858307, -2559001.752399999648333 ], [ 374377.716600000858307, -2559171.082499999552965 ], [ 374398.882800001651049, -2559340.412599999457598 ], [ 374398.882800001651049, -2559499.159499999135733 ], [ 374335.384100001305342, -2559647.3235 ], [ 374314.217799998819828, -2559827.236600000411272 ], [ 374250.719000000506639, -2560007.149900000542402 ], [ 374187.220199998468161, -2560144.730599999427795 ], [ 374070.805799998342991, -2560261.144999999552965 ], [ 373922.6418999992311, -2560377.559399999678135 ], [ 373837.97690000012517, -2560525.723200000822544 ], [ 373763.894999999552965, -2560695.053300000727177 ], [ 373658.0636, -2560833.692299999296665 ], [ 373520.482900001108646, -2560960.689899999648333 ], [ 373404.068500000983477, -2561077.104299999773502 ], [ 373277.070900000631809, -2561214.685100000351667 ], [ 373139.490299999713898, -2561309.933200001716614 ], [ 373012.49269999936223, -2561415.764499999582767 ], [ 372885.495099999010563, -2561521.595800001174212 ], [ 372811.413199998438358, -2561648.593299999833107 ], [ 372694.998700000345707, -2561775.590900000184774 ], [ 372568.0011, -2561870.839099999517202 ], [ 372441.003600001335144, -2561934.337900001555681 ], [ 372324.589099999517202, -2562008.419700000435114 ], [ 372271.673500001430511, -2562114.2511 ], [ 372165.842199999839067, -2562156.583599999547005 ], [ 372070.594000000506639, -2562230.665500000119209 ], [ 371922.43019999936223, -2562230.665600001811981 ], [ 371848.348200000822544, -2562357.663100000470877 ], [ 371700.184399999678135, -2562474.077500000596046 ], [ 371520.271200001239777, -2562622.241300001740456 ], [ 371573.186799999326468, -2562780.988299999386072 ], [ 371488.521800000220537, -2562855.070300001651049 ], [ 371403.856699999421835, -2562992.65089999884367 ], [ 371350.941100001335144, -2563193.730399999767542 ], [ 371255.692899998277426, -2563458.308699999004602 ], [ 371107.528999999165535, -2563458.308600001037121 ], [ 370906.449599999934435, -2563585.306200001388788 ], [ 370790.035100001841784, -2563745.1114999987185 ], [ 370694.786899998784065, -2563946.190900001674891 ], [ 370588.955600000917912, -2564157.85359999909997 ], [ 370472.541200000792742, -2564348.349899999797344 ], [ 370356.1266999989748, -2564411.848700001835823 ], [ 370345.543600000441074, -2564560.012499999254942 ], [ 370313.794199999421835, -2564750.508900001645088 ], [ 370207.962900001555681, -2564888.089600000530481 ], [ 370112.714699998497963, -2564962.171399999409914 ], [ 370028.049699999392033, -2565184.417199999094009 ], [ 369922.218299999833107, -2565343.164200000464916 ], [ 369816.386999998241663, -2565480.744899999350309 ], [ 369710.555700000375509, -2565671.2412 ], [ 369615.307599999010563, -2565787.655600000172853 ], [ 369435.394299998879433, -2566020.484499998390675 ], [ 369414.228100001811981, -2565935.819499999284744 ], [ 369266.0641999989748, -2566031.067600000649691 ], [ 369128.483500000089407, -2566136.898899998515844 ], [ 369001.486000001430511, -2566285.062800001353025 ], [ 368885.07149999961257, -2566443.809799998998642 ], [ 368990.902800001204014, -2566475.559099998325109 ], [ 368853.32209999859333, -2566613.139800000935793 ], [ 368832.155799999833107, -2566814.219200000166893 ], [ 368758.073899999260902, -2567004.715700000524521 ], [ 368683.991999998688698, -2567163.462600000202656 ], [ 368609.910100001841784, -2567301.043200001120567 ], [ 368588.74379999935627, -2567491.539599999785423 ], [ 368451.163100000470877, -2567607.954100001603365 ], [ 368292.416200000792742, -2567809.033599998801947 ], [ 368144.252300001680851, -2567957.197299998253584 ], [ 367964.339099999517202, -2568105.361200001090765 ], [ 367784.425900001078844, -2568253.524999998509884 ], [ 367678.594500001519918, -2568454.604400001466274 ], [ 367456.348799999803305, -2568652.50899999961257 ], [ 367308.184900000691414, -2568821.839099999517202 ], [ 367200.433299999684095, -2568863.286400001496077 ], [ 367181.966299999505281, -2568952.55180000141263 ], [ 367113.395300000905991, -2569080.711599998176098 ], [ 367039.215700000524521, -2569138.291299998760223 ], [ 367016.786400001496077, -2569126.677299998700619 ], [ 366977.596900001168251, -2569162.720499999821186 ], [ 366941.345800001174212, -2569312.258400000631809 ], [ 366948.892599999904633, -2569356.449400000274181 ], [ 366885.898699998855591, -2569450.728799998760223 ], [ 366848.841099999845028, -2569545.652699999511242 ], [ 366883.785599999129772, -2569560.616799999028444 ], [ 366888.539200000464916, -2569581.720400001853704 ], [ 366837.467500001192093, -2569596.759700000286102 ], [ 366815.884399998933077, -2569570.309000000357628 ], [ 366778.079500000923872, -2569575.704599998891354 ], [ 366672.513099998235703, -2569632.506400000303984 ], [ 366584.804499998688698, -2569713.779199998825788 ], [ 366477.10700000077486, -2569886.611400000751019 ], [ 366499.410799998790026, -2569981.719700001180172 ], [ 366430.657200001180172, -2570093.343600001186132 ], [ 366401.789200000464916, -2570231.444200001657009 ], [ 366449.021800000220537, -2570233.378800000995398 ], [ 366469.975299999117851, -2570262.54619999974966 ], [ 366488.905600000172853, -2570368.621300000697374 ], [ 366476.255300000309944, -2570415.702599998563528 ], [ 366418.608199998736382, -2570443.876400001347065 ], [ 366402.918699998408556, -2570493.995400000363588 ], [ 366331.828899998217821, -2570549.285500001162291 ], [ 366256.805900000035763, -2570582.669399999082088 ], [ 366278.134300000965595, -2570619.647799998521805 ], [ 366265.971599999815226, -2570630.964000001549721 ], [ 366178.757599998265505, -2570674.628499999642372 ], [ 366202.654399998486042, -2570750.473400000482798 ], [ 366150.276700001209974, -2570847.444699998944998 ], [ 366000.291700001806021, -2570929.6941 ], [ 365962.043999999761581, -2570969.118099998682737 ], [ 365942.618700001388788, -2571045.884100001305342 ], [ 365801.330800000578165, -2571269.52419999986887 ], [ 365661.369800001382828, -2571431.167300000786781 ], [ 365620.827100001275539, -2571508.30460000038147 ], [ 365594.918499998748302, -2571512.900199998170137 ], [ 365501.901500001549721, -2571652.233600001782179 ], [ 365467.499899998307228, -2571724.969200000166893 ], [ 365474.018300000578165, -2571810.131299998611212 ], [ 365410.885800000280142, -2571904.387699998915195 ], [ 365426.069600000977516, -2571942.257100000977516 ], [ 365314.750900000333786, -2572121.586899999529123 ], [ 365095.169599998742342, -2572399.842700000852346 ], [ 365070.074200000613928, -2572597.361999999731779 ], [ 365033.134100001305342, -2572675.6897 ], [ 364910.183400001376867, -2572795.757199998944998 ], [ 364703.632699999958277, -2572886.841299999505281 ], [ 364597.559000000357628, -2573032.426399998366833 ], [ 364529.300400000065565, -2573067.306000001728535 ], [ 364476.451499998569489, -2573146.967399999499321 ], [ 364228.372999999672174, -2573335.214400000870228 ], [ 364112.796399999409914, -2573476.7654 ], [ 364083.545699998736382, -2573562.775600001215935 ], [ 364083.334699999541044, -2573766.326699998229742 ], [ 364053.223099999129772, -2573857.583999998867512 ], [ 364024.551699999719858, -2573889.464800000190735 ], [ 363921.820099998265505, -2573963.960700001567602 ], [ 363734.887099999934435, -2574042.601799998432398 ], [ 363630.444899998605251, -2574117.444699998944998 ], [ 363319.741799999028444, -2574192.561099998652935 ], [ 363319.405099999159575, -2574257.032699998468161 ], [ 363164.210700001567602, -2574330.232599999755621 ], [ 363013.859200000762939, -2574325.324999999254942 ], [ 362433.966499999165535, -2574591.503400001674891 ], [ 362482.754399999976158, -2574672.429400000721216 ], [ 362333.2483000010252, -2574931.872699998319149 ], [ 362411.275100000202656, -2575062.608399998396635 ], [ 362094.258699998259544, -2575429.0592 ], [ 362008.502599999308586, -2575539.388599999248981 ], [ 361795.111600000411272, -2575663.317899998277426 ], [ 361610.087099999189377, -2575737.9835 ], [ 361536.696199998259544, -2575742.23759999871254 ], [ 361367.030799999833107, -2575706.878100000321865 ], [ 361053.76969999819994, -2575792.534600000828505 ], [ 361012.742199998348951, -2575873.982999999076128 ], [ 361015.000300001353025, -2575962.365499999374151 ], [ 360971.155999999493361, -2576025.052999999374151 ], [ 360882.004200000315905, -2576065.361000001430511 ], [ 360721.111999999731779, -2576076.611900001764297 ], [ 360658.655600000172853, -2576128.904899999499321 ], [ 360607.782000001519918, -2576106.392900001257658 ], [ 360510.845800001174212, -2576117.333099998533726 ], [ 360521.437699999660254, -2576208.07490000128746 ], [ 360561.020300000905991, -2576254.75279999896884 ], [ 360484.994300000369549, -2576334.930500000715256 ], [ 360367.461899999529123, -2576348.75730000063777 ], [ 360325.569499999284744, -2576426.887299999594688 ], [ 360181.732400000095367, -2576568.755699999630451 ], [ 360142.563999999314547, -2576649.015700001269579 ], [ 360085.112500000745058, -2576668.339099999517202 ], [ 360034.053399998694658, -2576711.150600001215935 ], [ 360010.322999998927116, -2576795.294199999421835 ], [ 360044.566899999976158, -2576956.722500000149012 ], [ 360026.115100000053644, -2577063.609700001776218 ], [ 360076.877900000661612, -2577239.154199998825788 ], [ 360032.704100001603365, -2577292.293800000101328 ], [ 359979.711500000208616, -2577424.077100001275539 ], [ 359919.624699998646975, -2577498.582400001585484 ], [ 359703.069099999964237, -2577434.877999998629093 ], [ 359468.584899999201298, -2577434.534299999475479 ], [ 359084.43129999935627, -2577402.011799998581409 ], [ 358969.414099998772144, -2577337.096400000154972 ], [ 358883.103199999779463, -2577365.644499998539686 ], [ 358767.210900001227856, -2577275.656199999153614 ], [ 358536.052200000733137, -2577223.461899999529123 ], [ 358457.294300001114607, -2577186.662099998444319 ], [ 358394.150699999183416, -2577206.729200001806021 ], [ 358380.540699999779463, -2577246.004700001329184 ], [ 358295.532699998468161, -2577267.403299998492002 ], [ 358086.336599998176098, -2577240.843499999493361 ], [ 358021.160399999469519, -2577285.583099998533726 ], [ 358010.848700001835823, -2577332.151299998164177 ], [ 357984.258799999952316, -2577353.282900001853704 ], [ 357884.230399999767542, -2577366.269499998539686 ], [ 357801.997999999672174, -2577401.167700000107288 ], [ 357667.933899998664856, -2577358.907699998468161 ], [ 357616.026299998164177, -2577375.682799998670816 ], [ 357533.434500001370907, -2577443.679299999028444 ], [ 357424.788499999791384, -2577473.5641999989748 ], [ 357405.639400001615286, -2577446.583399999886751 ], [ 357381.208700001239777, -2577448.262699998915195 ], [ 357334.867600001394749, -2577486.028599999845028 ], [ 357252.960799999535084, -2577498.188000001013279 ], [ 357217.225000001490116, -2577478.863699998706579 ], [ 357164.655600000172853, -2577506.087799999862909 ], [ 357102.151599999517202, -2577504.379200000315905 ], [ 357073.065400000661612, -2577464.863699998706579 ], [ 357006.695900000631809, -2577454.110399998724461 ], [ 356961.151099998503923, -2577475.1272 ], [ 356829.328999999910593, -2577466.476199999451637 ], [ 356717.821100000292063, -2577483.620799999684095 ], [ 356635.715300001204014, -2577529.745999999344349 ], [ 356624.334499999880791, -2577552.178899999707937 ], [ 356581.947900000959635, -2577560.66330000013113 ], [ 356574.382699999958277, -2577592.146099999547005 ], [ 356556.210700001567602, -2577580.754299998283386 ], [ 356548.25450000166893, -2577574.90089999884367 ], [ 356487.623599998652935, -2577605.967700000852346 ], [ 356463.21169999986887, -2577587.579900000244379 ], [ 356402.267799999564886, -2577613.333200000226498 ], [ 356329.487199999392033, -2577673.881700001657009 ], [ 356290.337200000882149, -2577732.2993 ], [ 356123.021699998527765, -2577718.949499998241663 ], [ 355927.215799998492002, -2577853.80689999833703 ], [ 355882.535700000822544, -2577853.02479999884963 ], [ 355856.897399999201298, -2577918.346400000154972 ], [ 355799.852000001817942, -2577929.632800001651049 ], [ 355717.511900000274181, -2578018.385000001639128 ], [ 355639.655699998140335, -2578052.6118 ], [ 355544.153900001198053, -2578216.22749999910593 ], [ 355268.832100000232458, -2578466.407900001853704 ], [ 355221.719999998807907, -2578537.172600001096725 ], [ 355121.615699999034405, -2578612.735500000417233 ], [ 354997.167300000786781, -2578810.751800000667572 ], [ 354916.61769999936223, -2578896.601100001484156 ], [ 354860.220199998468161, -2578944.370700001716614 ], [ 354760.364199999719858, -2578945.910700000822544 ], [ 354674.938400000333786, -2579030.716899998486042 ], [ 354553.285599999129772, -2579026.590399999171495 ], [ 354478.851199999451637, -2579172.443 ], [ 354363.052799999713898, -2579279.651399999856949 ], [ 354167.173099998384714, -2579379.614399999380112 ], [ 353976.280900001525879, -2579565.8279 ], [ 353815.651799999177456, -2579667.865899998694658 ], [ 353657.066399998962879, -2579875.611299999058247 ], [ 353546.582299999892712, -2579937.714400000870228 ], [ 353288.022799998521805, -2580256.5625 ], [ 353259.474899999797344, -2580256.145700000226498 ], [ 353158.973799999803305, -2580337.705899998545647 ], [ 353137.012699998915195, -2580380.713300000876188 ], [ 353036.057799998670816, -2580475.451400000602007 ], [ 352835.776200000196695, -2580642.791600000113249 ], [ 352804.151700001209974, -2580647.116099998354912 ], [ 352728.005199998617172, -2580739.231199998408556 ], [ 352656.280099999159575, -2580991.662000000476837 ], [ 352614.451299998909235, -2581036.474300000816584 ], [ 352528.598999999463558, -2581292.537399999797344 ], [ 352467.448600001633167, -2581343.51630000025034 ], [ 352328.046900000423193, -2581371.207699999213219 ], [ 352259.433600001037121, -2581445.867800001055002 ], [ 352255.680100001394749, -2581486.272300001233816 ], [ 352210.939100001007318, -2581507.1864 ], [ 352161.399999998509884, -2581517.484299998730421 ], [ 352121.538600001484156, -2581408.949999999254942 ], [ 352051.554200001060963, -2581346.360399998724461 ], [ 352017.05460000038147, -2581342.407299999147654 ], [ 351959.049499999731779, -2581303.360100001096725 ], [ 351907.291299998760223, -2581307.795299999415874 ], [ 351866.527100000530481, -2581255.125999998301268 ], [ 351884.618999999016523, -2581203.083200000226498 ], [ 351875.568300001323223, -2581125.230700001120567 ], [ 351895.777300000190735, -2581018.995999999344349 ], [ 351876.599300000816584, -2580947.653799999505281 ], [ 351833.330699998885393, -2580952.753100000321865 ], [ 351831.348799999803305, -2580927.726599998772144 ], [ 351787.011599998921156, -2580909.493500001728535 ], [ 351769.965999998152256, -2580793.532699998468161 ], [ 351687.915800001472235, -2580760.376400001347065 ], [ 351597.339800000190735, -2580751.870900001376867 ], [ 351592.124000001698732, -2580809.899900000542402 ], [ 351527.434599999338388, -2580852.670899998396635 ], [ 351529.603300001472235, -2580909.6908 ], [ 351506.840799998492002, -2580930.232500001788139 ], [ 351442.770300000905991, -2580944.2029 ], [ 351395.258499998599291, -2580862.8037 ], [ 351327.952899999916553, -2580876.297400001436472 ], [ 351305.361999999731779, -2580923.700300000607967 ], [ 351184.040800001472235, -2580988.989799998700619 ], [ 351149.01410000026226, -2580982.474899999797344 ], [ 351055.325199998915195, -2581081.252399999648333 ], [ 350987.99720000103116, -2581113.886599998921156 ], [ 350931.646999999880791, -2581121.54450000077486 ], [ 350808.956999998539686, -2581081.7007 ], [ 350740.623700000345707, -2581084.9551 ], [ 350731.349700000137091, -2581118.344399999827147 ], [ 350678.355099998414516, -2581115.974300000816584 ], [ 350571.129799999296665, -2581151.396600000560284 ], [ 350439.927799999713898, -2581141.405499998480082 ], [ 350348.202399998903275, -2581217.32660000026226 ], [ 350237.190900001674891, -2581240.138300001621246 ], [ 350197.265299998223782, -2581229.943 ], [ 350207.009799998253584, -2581206.067600000649691 ], [ 350175.27930000051856, -2581147.698100000619888 ], [ 350135.884799998253584, -2581129.561900001019239 ], [ 350059.484000001102686, -2581179.131799999624491 ], [ 350054.172400001436472, -2581145.092799998819828 ], [ 349962.454799998551607, -2581116.619199998676777 ], [ 349887.377900000661612, -2581139.787399999797344 ], [ 349828.596799999475479, -2581187.754900000989437 ], [ 349720.294900000095367, -2581237.295499999076128 ], [ 349699.167700000107288, -2581312.285399999469519 ], [ 349669.812399998307228, -2581347.602000001817942 ], [ 349683.644400000572205, -2581365.669399999082088 ], [ 349649.333000000566244, -2581377.267499998211861 ], [ 349544.533399999141693, -2581501.875999998301268 ], [ 349439.4239999987185, -2581525.678800001740456 ], [ 349351.963700000196695, -2581643.592399999499321 ], [ 349355.725900001823902, -2581775.154500000178814 ], [ 349341.402800001204014, -2581804.890599999576807 ], [ 349284.093100000172853, -2581840.557900000363588 ], [ 349168.672100000083447, -2581854.346999999135733 ], [ 349152.332600001245737, -2581901.799499999731779 ], [ 349120.448600001633167, -2581923.5456000007689 ], [ 349115.034499999135733, -2581967.68299999833107 ], [ 349076.767599999904633, -2581995.535100001841784 ], [ 349020.302499998360872, -2581990.978799998760223 ], [ 349002.972699999809265, -2582029.778000000864267 ], [ 348964.910000000149012, -2582020.113699998706579 ], [ 348943.606600001454353, -2582107.3059 ], [ 348877.120000001043081, -2582168.477699998766184 ], [ 348867.824999999254942, -2582209.732999999076128 ], [ 348697.248399998992682, -2582267.521299999207258 ], [ 348685.973099999129772, -2582329.096799999475479 ], [ 348605.8902000002563, -2582433.799699999392033 ], [ 348585.588199999183416, -2582492.139899998903275 ], [ 348515.514400001615286, -2582547.626600001007318 ], [ 348454.957400001585484, -2582548.846799999475479 ], [ 348412.653999999165535, -2582612.895799998193979 ], [ 348344.733899999409914, -2582750.698300000280142 ], [ 348334.119800001382828, -2582830.293699998408556 ], [ 348303.736299999058247, -2582854.444699998944998 ], [ 348314.254599999636412, -2582910.344900000840425 ], [ 348358.823800001293421, -2582930.423300001770258 ], [ 348371.002199999988079, -2583063.5801 ], [ 348348.32319999858737, -2583113.579799998551607 ], [ 348301.36600000038743, -2583138.139400001615286 ], [ 348296.432799998670816, -2583180.5152000002563 ], [ 348237.512800000607967, -2583265.8191 ], [ 348174.409099999815226, -2583473.390700001269579 ], [ 348102.083599999547005, -2583479.716400001198053 ], [ 348090.401299998164177, -2583585.546 ], [ 348011.6858000010252, -2583626.571199998259544 ], [ 347978.706900000572205, -2583709.298300001770258 ], [ 347927.405900001525879, -2583756.195000000298023 ], [ 347913.7489, -2583688.529699999839067 ], [ 347883.06700000166893, -2583706.5603 ], [ 347673.133299998939037, -2584081.657699998468161 ], [ 347626.133299998939037, -2584095.841299999505281 ], [ 347587.416600000113249, -2584074.958200000226498 ], [ 347527.83669999986887, -2584345.4934 ], [ 347582.902399998158216, -2584411.119800001382828 ], [ 347595.932799998670816, -2584538.01799999922514 ], [ 347523.128600001335144, -2584793.803300000727177 ], [ 347434.561900001019239, -2584909.170899998396635 ], [ 347380.623399998992682, -2585024.205600000917912 ], [ 347393.859000001102686, -2585027.671500001102686 ], [ 347352.936599999666214, -2585159.989 ], [ 347281.433499999344349, -2585213.124099999666214 ], [ 347247.160100001841784, -2585340.325899999588728 ], [ 347256.710700001567602, -2585540.723900001496077 ], [ 347145.3902000002563, -2585666.883600000292063 ], [ 347076.92509999871254, -2585706.489500001072884 ], [ 347060.317400000989437, -2585782.671300001442432 ], [ 347073.458399999886751, -2585816.5760000012815 ], [ 347087.0636, -2585851.205200001597404 ], [ 347078.804999999701977, -2585942.6765 ], [ 347015.824099998921156, -2586058.115899998694658 ], [ 346985.941599998623133, -2586196.0135000012815 ], [ 346981.772999998182058, -2586306.065200001001358 ], [ 346869.798000000417233, -2586643.660900000482798 ], [ 346799.671300001442432, -2586707.762800000607967 ], [ 346699.200300000607967, -2586722.133900001645088 ], [ 346637.259199999272823, -2586766.101199999451637 ], [ 346592.650600001215935, -2586838.970100000500679 ], [ 346529.800400000065565, -2586894.332899998873472 ], [ 346503.820700000971556, -2586954.328499998897314 ], [ 346430.002000000327826, -2587019.815099999308586 ], [ 346423.158599998801947, -2587112.909600000828505 ], [ 346393.020599998533726, -2587192.606800001114607 ], [ 346171.911699999123812, -2587326.458200000226498 ], [ 346088.381700001657009, -2587409.869300000369549 ], [ 346027.241900000721216, -2587351.05009999871254 ], [ 346004.537000000476837, -2587361.030299998819828 ], [ 346029.063999999314547, -2587514.19990000128746 ], [ 346028.184200000017881, -2587583.925999999046326 ], [ 345916.143800001591444, -2587666.704799998551607 ], [ 345897.782200001180172, -2587699.5777000002563 ], [ 345982.157000001519918, -2587815.23200000077486 ], [ 345856.589099999517202, -2587924.200800001621246 ], [ 345700.138000000268221, -2587937.241900000721216 ], [ 345562.320799998939037, -2587975.581700000911951 ], [ 345425.802499998360872, -2587927.838700000196695 ], [ 345384.906899999827147, -2587949.706599999219179 ], [ 345371.262800000607967, -2587982.856699999421835 ], [ 345479.721799999475479, -2588097.93129999935627 ], [ 345480.360500000417233, -2588181.248500000685453 ], [ 345411.511300001293421, -2588150.446199998259544 ], [ 345318.101399999111891, -2588186.384700000286102 ], [ 345207.371500000357628, -2588292.411699999123812 ], [ 345104.666000001132488, -2588341.777800001204014 ], [ 345057.7314000017941, -2588408.071400001645088 ], [ 344739.293200001120567, -2588628.703400000929832 ], [ 344686.159299999475479, -2588767.028400000184774 ], [ 344731.392400000244379, -2588847.031399998813868 ], [ 344506.171100001782179, -2589110.804699998348951 ], [ 344531.739700000733137, -2589147.392299998551607 ], [ 344450.238800000399351, -2589216.463799998164177 ], [ 344458.297100000083447, -2589241.485199999064207 ], [ 344349.150100000202656, -2589294.282400000840425 ], [ 344153.455099999904633, -2589689.79280000180006 ], [ 344105.789299998432398, -2589695.210200000554323 ], [ 344058.741900000721216, -2589744.074299998581409 ], [ 344042.027899999171495, -2589738.4331 ], [ 343941.335200000554323, -2589850.9298 ], [ 343955.520899999886751, -2589944.63399999961257 ], [ 343981.418800000101328, -2589971.621100001037121 ], [ 343969.845499999821186, -2590008.818599998950958 ], [ 343917.558600001037121, -2590047.089999999850988 ], [ 343848.414900001138449, -2590223.072799999266863 ], [ 343897.385800000280142, -2590267.957699999213219 ], [ 343853.321199998259544, -2590315.503199998289347 ], [ 343796.60869999974966, -2590279.50899999961257 ], [ 343768.029699999839067, -2590310.311900001019239 ], [ 343701.959800001233816, -2590296.402399998158216 ], [ 343675.949099998921156, -2590355.568599998950958 ], [ 343686.044900000095367, -2590418.486699998378754 ], [ 343589.39130000025034, -2590503.540899999439716 ], [ 343472.451499998569489, -2590544.234000001102686 ], [ 343463.941100001335144, -2590498.414700001478195 ], [ 343436.377500001341105, -2590478.604899998754263 ], [ 343388.809300001710653, -2590502.227299999445677 ], [ 343345.100400000810623, -2590630.608899999409914 ], [ 343282.880300000309944, -2590645.810600001364946 ], [ 343195.235100001096725, -2590715.632399998605251 ], [ 343218.446299999952316, -2590749.13459999859333 ], [ 343118.792700000107288, -2591090.005199998617172 ], [ 343163.551399998366833, -2591059.695500001311302 ], [ 343191.329700000584126, -2591122.101199999451637 ], [ 343257.6706000007689, -2591094.169799998402596 ], [ 343269.078299999237061, -2591120.575599998235703 ], [ 342969.980900000780821, -2591529.547800000756979 ], [ 342928.296399999409914, -2591612.42680000141263 ], [ 342925.51410000026226, -2591671.014800000935793 ], [ 342795.684200000017881, -2591815.109700001776218 ], [ 342779.608500000089407, -2591923.308200001716614 ], [ 342725.517200000584126, -2592009.527399998158216 ], [ 342677.850299999117851, -2592034.056600000709295 ], [ 342626.556099999696016, -2592160.017200000584126 ], [ 342529.045699998736382, -2592288.425000000745058 ], [ 342489.813299998641014, -2592462.231800001114607 ], [ 342430.371100001037121, -2592493.557900000363588 ], [ 342341.313000001013279, -2592626.193900000303984 ], [ 342317.875900000333786, -2592673.613400001078844 ], [ 342337.760299999266863, -2592768.395199999213219 ], [ 342303.099199999123812, -2592782.428800001740456 ], [ 342309.011399999260902, -2592856.499600000679493 ], [ 342244.798700001090765, -2592972.763900000602007 ], [ 342229.21059999987483, -2593092.967000000178814 ], [ 342252.483800001442432, -2593125.559099998325109 ], [ 342223.767400000244379, -2593200.66950000077486 ], [ 342247.593800000846386, -2593327.859299998730421 ], [ 342210.401299998164177, -2593393.609700001776218 ], [ 342155.816199999302626, -2593651.124200001358986 ], [ 342136.485300000756979, -2594001.39919999986887 ], [ 342097.422400001436472, -2594110.004200000315905 ], [ 342112.802099999040365, -2594174.971099998801947 ], [ 342149.197399999946356, -2594216.202300000935793 ], [ 342285.965900000184774, -2594311.185100000351667 ], [ 342365.143699999898672, -2594399.7478 ], [ 342405.164700001478195, -2594555.344300001859665 ], [ 342480.417199999094009, -2594571.504099998623133 ], [ 342545.159200001507998, -2594755.861200001090765 ], [ 342541.085200000554323, -2594805.963199999183416 ], [ 342526.967500001192093, -2594809.64979999884963 ], [ 342421.442999999970198, -2594775.719300001859665 ], [ 342365.924499999731779, -2594781.334699999541044 ], [ 342334.754200000315905, -2594811.541799999773502 ], [ 342252.866599999368191, -2594811.857200000435114 ], [ 342117.146999999880791, -2594956.684900000691414 ], [ 342113.974899999797344, -2595024.899099998176098 ], [ 342019.353500001132488, -2595239.036800000816584 ], [ 341888.896999999880791, -2595408.336199998855591 ], [ 341849.728999998420477, -2595502.140599999576807 ], [ 341771.941500000655651, -2595470.680599998682737 ], [ 341622.132800001651049, -2595562.525400001555681 ], [ 341616.766800001263618, -2595565.852899998426437 ], [ 341592.705200001597404, -2595626.436599999666214 ], [ 341615.803800001740456, -2595679.002399999648333 ], [ 341603.784000001847744, -2595689.239599999040365 ], [ 341344.700100000947714, -2595848.543499998748302 ], [ 341135.214800000190735, -2595930.875900000333786 ], [ 341073.595300000160933, -2595997.19310000166297 ], [ 340985.842700000852346, -2595998.246199999004602 ], [ 340957.065799999982119, -2596052.498599998652935 ], [ 340974.670800000429153, -2596115.356100000441074 ], [ 340900.203499998897314, -2596149.5168999992311 ], [ 340891.557700000703335, -2596019.401799999177456 ], [ 340854.295699998736382, -2595998.20160000026226 ], [ 340705.665100000798702, -2596064.655200000852346 ], [ 340700.381799999624491, -2596034.9276 ], [ 340659.822399999946356, -2596028.968400001525879 ], [ 340625.869600001722574, -2596106.336599998176098 ], [ 340518.0456000007689, -2596071.034699998795986 ], [ 340479.817499998956919, -2596088.12950000166893 ], [ 340405.53999999910593, -2596159.614799998700619 ], [ 340432.093100000172853, -2596183.931600000709295 ], [ 340472.420099999755621, -2596200.411800000816584 ], [ 340532.647399999201298, -2596174.281599998474121 ], [ 340614.619699999690056, -2596174.80799999833107 ], [ 340647.878499999642372, -2596137.407900001853704 ], [ 340676.63120000064373, -2596147.528099998831749 ], [ 340661.141699999570847, -2596210.401900000870228 ], [ 340480.288699999451637, -2596294.171300001442432 ], [ 340480.154399998486042, -2596323.695999998599291 ], [ 340521.405000001192093, -2596326.147300001233816 ], [ 340527.74210000038147, -2596348.782000001519918 ], [ 340470.994899999350309, -2596390.975400000810623 ], [ 340472.898899998515844, -2596420.230500001460314 ], [ 340442.035199999809265, -2596446.042399998754263 ], [ 340407.97690000012517, -2596447.883400000631809 ], [ 340358.589699998497963, -2596554.278999999165535 ], [ 340302.114100001752377, -2596612.951099999248981 ], [ 340226.978700000792742, -2596629.858899999409914 ], [ 340169.5608000010252, -2596617.331700000911951 ], [ 339957.336399998515844, -2596626.897700000554323 ], [ 339959.07039999961853, -2596653.552400000393391 ], [ 339841.253400001674891, -2596680.368500001728535 ], [ 339836.241500001400709, -2596727.964099999517202 ], [ 339793.744300000369549, -2596747.421900000423193 ], [ 339794.921000000089407, -2596775.073800001293421 ], [ 339822.103100001811981, -2596778.464999999850988 ], [ 339795.689800001680851, -2596825.32039999961853 ], [ 339803.146000001579523, -2596964.370299998670816 ], [ 339890.54450000077486, -2597044.982500001788139 ], [ 340005.257199998944998, -2597029.168499998748302 ], [ 340064.711899999529123, -2596982.191199999302626 ], [ 340100.944899998605251, -2596885.399099998176098 ], [ 340144.19200000166893, -2596889.297899998724461 ], [ 340205.956900000572205, -2596956.742600001394749 ], [ 340216.232500001788139, -2597052.813900001347065 ], [ 340256.456199999898672, -2597122.285399999469519 ], [ 340226.819200001657009, -2597152.256000000983477 ], [ 340163.489700000733137, -2597165.787399999797344 ], [ 340141.177400000393391, -2597213.029100000858307 ], [ 340155.334899999201298, -2597248.551600001752377 ], [ 340286.900699999183416, -2597241.678899999707937 ], [ 340294.2956000007689, -2597259.0548 ], [ 340210.102099999785423, -2597286.493099998682737 ], [ 340181.357999999076128, -2597377.183800000697374 ], [ 340336.281599998474121, -2597418.644400000572205 ], [ 340372.579100001603365, -2597552.085200000554323 ], [ 340349.798799999058247, -2597596.769000001251698 ], [ 340297.506299998611212, -2597604.530699998140335 ], [ 340302.396000001579523, -2597625.660799998790026 ], [ 340257.484600000083447, -2597669.703099999576807 ], [ 340271.483199998736382, -2597693.167599998414516 ], [ 340255.590599998831749, -2597709.14979999884963 ], [ 340263.591099999845028, -2597734.990299999713898 ], [ 340460.541700001806021, -2597684.91440000012517 ], [ 340467.802600000053644, -2597706.523699998855591 ], [ 340682.662200000137091, -2597665.36710000038147 ], [ 340651.392099998891354, -2597747.628100000321865 ], [ 340733.390000000596046, -2597749.0592 ], [ 340781.37049999833107, -2597768.856100000441074 ], [ 340818.702899999916553, -2597751.774900000542402 ], [ 340860.689899999648333, -2597768.821699999272823 ], [ 340854.592599999159575, -2597810.523499999195337 ], [ 340759.736600000411272, -2597856.014199998229742 ], [ 340746.703600000590086, -2597882.899500001221895 ], [ 340803.994199998676777, -2597914.578099999576807 ], [ 340806.691899999976158, -2597944.646299999207258 ], [ 340771.651299998164177, -2597983.085700001567602 ], [ 340715.404500000178814, -2597993.086199998855591 ], [ 340676.427799999713898, -2598058.127399999648333 ], [ 340684.521099999547005, -2598107.53940000012517 ], [ 340579.330299999564886, -2598276.96680000051856 ], [ 340607.168499998748302, -2598361.955400001257658 ], [ 340588.670699998736382, -2598418.277399998158216 ], [ 340552.516100000590086, -2598472.580899998545647 ], [ 340445.805500000715256, -2598540.458599999547005 ], [ 340413.443300001323223, -2598601.203400000929832 ], [ 340428.828299999237061, -2598636.56529999896884 ], [ 340372.521499998867512, -2598765.6206 ], [ 340478.940200001001358, -2598973.294100001454353 ], [ 340564.818199999630451, -2598982.890700001269579 ], [ 340551.381900001317263, -2599006.416299998760223 ], [ 340596.320300001651049, -2599011.010200001299381 ], [ 340721.973200000822544, -2599092.759799998253584 ], [ 340711.445799998939037, -2599115.901999998837709 ], [ 340742.184399999678135, -2599135.339099999517202 ], [ 340776.097100000828505, -2599128.275499999523163 ], [ 340798.923599999397993, -2599186.920699998736382 ], [ 340773.0760000012815, -2599246.030299998819828 ], [ 340800.740100000053644, -2599277.150400001555681 ], [ 340772.559300001710653, -2599408.581700000911951 ], [ 340800.13399999961257, -2599458.055500000715256 ], [ 340807.344099998474121, -2599534.479200001806021 ], [ 341038.156500000506639, -2599789.301600001752377 ], [ 341008.403799999505281, -2599856.668800000101328 ], [ 341006.842099998146296, -2599962.957800000905991 ], [ 341038.147300001233816, -2600075.2993 ], [ 341095.23200000077486, -2600159.997499998658895 ], [ 341068.37950000166893, -2600215.701299998909235 ], [ 341095.253299999982119, -2600238.27479999884963 ], [ 341057.500700000673532, -2600386.565200001001358 ], [ 341073.686299998313189, -2600449.737100001424551 ], [ 341048.822000000625849, -2600501.650600001215935 ], [ 341070.756599999964237, -2600550.956799998879433 ], [ 341067.768500000238419, -2600709.510400000959635 ], [ 340978.991399999707937, -2600843.7621 ], [ 341003.977299999445677, -2600854.380399998277426 ], [ 340957.048000000417233, -2600936.995200000703335 ], [ 340970.861099999397993, -2600965.608399998396635 ], [ 341108.3761, -2600977.2051 ], [ 341147.013000000268221, -2601020.795699998736382 ], [ 341162.022999998182058, -2601073.6385000012815 ], [ 341144.306800000369549, -2601099.429299999028444 ], [ 341181.632699999958277, -2601139.654699999839067 ], [ 341186.758499998599291, -2601240.746100001037121 ], [ 341081.366599999368191, -2601487.588100001215935 ], [ 341113.85020000115037, -2601605.027300000190735 ], [ 341125.944400001317263, -2601843.420699998736382 ], [ 341150.309900000691414, -2601845.351199999451637 ], [ 341186.097899999469519, -2601920.660599999129772 ], [ 341220.889499999582767, -2601929.197599999606609 ], [ 341278.813299998641014, -2602004.220499999821186 ], [ 341268.925599999725819, -2602061.918400000780821 ], [ 341371.219799999147654, -2602097.271800000220537 ], [ 341391.660599999129772, -2602069.292199999094009 ], [ 341416.442200001329184, -2602078.230599999427795 ], [ 341739.32149999961257, -2602444.497600000351667 ], [ 341736.89979999884963, -2602496.095300000160933 ], [ 341790.074000000953674, -2602593.491099998354912 ], [ 341786.760099999606609, -2602660.819600000977516 ], [ 341816.011999998241663, -2602691.741799999028444 ], [ 341837.156599998474121, -2602770.785599999129772 ], [ 341884.300599999725819, -2602991.483399998396635 ], [ 341847.897799998521805, -2603267.486000001430511 ], [ 341728.683800000697374, -2603351.853700000792742 ], [ 341613.786100000143051, -2603371.260099999606609 ], [ 341595.336899999529123, -2603234.542500000447035 ], [ 341559.012299999594688, -2603117.600999999791384 ], [ 341435.963100001215935, -2602936.370099999010563 ], [ 341340.789200000464916, -2602885.380699999630451 ], [ 341254.5641999989748, -2602883.698699999600649 ], [ 341141.340999998152256, -2602643.848799999803305 ], [ 341105.597300000488758, -2602632.009300000965595 ], [ 340944.923900000751019, -2602479.177099999040365 ], [ 340732.019799999892712, -2602437.4375 ], [ 340620.542399998754263, -2602479.833399999886751 ], [ 340384.307900000363588, -2602514.273200001567602 ], [ 340361.069600000977516, -2602544.315699998289347 ], [ 340334.339200001209974, -2602524.343499999493361 ], [ 340245.510899998247623, -2602549.855500001460314 ], [ 340184.176399998366833, -2602483.9199 ], [ 340085.716600000858307, -2602531.541900001466274 ], [ 339996.402399998158216, -2602542.418400000780821 ], [ 339892.396899998188019, -2602488.204900000244379 ], [ 339801.511700000613928, -2602542.575800001621246 ], [ 339795.572900000959635, -2602592.919599998742342 ], [ 339740.961100000888109, -2602639.240600001066923 ], [ 339611.238899998366833, -2602706.532299999147654 ], [ 339602.312899999320507, -2602679.899900000542402 ], [ 339567.590399999171495, -2602660.957499999552965 ], [ 339490.018300000578165, -2602704.114999998360872 ], [ 339408.494800001382828, -2602857.291700001806021 ], [ 339346.337000001221895, -2602886.249099999666214 ], [ 339311.013000000268221, -2602949.081000000238419 ], [ 339044.746100001037121, -2603230.691199999302626 ], [ 338934.4695999994874, -2603393.740299999713898 ], [ 338894.374400001019239, -2603479.741500001400709 ], [ 338900.162000000476837, -2603524.221700001507998 ], [ 338877.758900001645088, -2603581.04109999909997 ], [ 338744.824999999254942, -2603770.503499999642372 ], [ 338692.213899999856949, -2603768.572500001639128 ], [ 338558.803100001066923, -2603831.160500001162291 ], [ 338485.790300000458956, -2603833.700100000947714 ], [ 338431.928700000047684, -2603812.894000001251698 ], [ 338394.804200001060963, -2603757.677799999713898 ], [ 338391.74439999833703, -2603655.532200001180172 ], [ 338246.970800001174212, -2603527.47749999910593 ], [ 338226.433100000023842, -2603465.764199998229742 ], [ 338185.074599999934435, -2603433.771699998527765 ], [ 338051.2489, -2603425.055799998342991 ], [ 338003.152699999511242, -2603432.220499999821186 ], [ 337827.928899999707937, -2603732.282299999147654 ], [ 337762.081799998879433, -2603788.5603 ], [ 337719.259399998933077, -2603852.450100000947714 ], [ 337673.558699999004602, -2603992.133000001311302 ], [ 337704.800000000745058, -2603970.763700000941753 ], [ 337765.866900000721216, -2604061.054699998348951 ], [ 337894.584600001573563, -2604093.925900001078844 ], [ 337949.546300001442432, -2604197.989100001752377 ], [ 337998.871199999004602, -2604390.761199999600649 ], [ 337993.648499999195337, -2604498.312100000679493 ], [ 337890.505199998617172, -2604643.861299999058247 ], [ 337671.897199999541044, -2604827.739599999040365 ], [ 337666.445900000631809, -2604985.790500000119209 ], [ 337751.015799999237061, -2605060.059799998998642 ], [ 337734.541900001466274, -2605081.334699999541044 ], [ 337874.053300000727177, -2605218.770199999213219 ], [ 337882.614199999719858, -2605269.845800001174212 ], [ 338036.52479999884963, -2605451.554699998348951 ], [ 338075.263199999928474, -2605556.944299999624491 ], [ 338042.996199999004602, -2605655.014499999582767 ], [ 337952.045499999076128, -2605829.412300001829863 ], [ 337880.231699999421835, -2605874.386999998241663 ], [ 337832.171000000089407, -2605899.640099998563528 ], [ 337704.198300000280142, -2605886.724899999797344 ], [ 337527.272100001573563, -2605995.664599999785423 ], [ 337469.287799999117851, -2605989.281500000506639 ], [ 337256.596999999135733, -2606141.113299999386072 ], [ 337225.069400001317263, -2606211.287599999457598 ], [ 337146.066799998283386, -2606219.796100001782179 ], [ 337083.538499999791384, -2606178.315499998629093 ], [ 337040.254299998283386, -2606204.767799999564886 ], [ 336941.642299998551607, -2606191.423799999058247 ], [ 336914.373799998313189, -2606149.721200000494719 ], [ 336873.705800000578165, -2606132.41950000077486 ], [ 336826.574700001627207, -2606182.829799998551607 ], [ 336827.245600000023842, -2606226.271800000220537 ], [ 336755.372499998658895, -2606284.205800000578165 ], [ 336732.1239, -2606329.824200000613928 ], [ 336723.861400000751019, -2606451.660799998790026 ], [ 336745.827100001275539, -2606493.14750000089407 ], [ 336796.285900000482798, -2606523.201699998229742 ], [ 336836.533500000834465, -2606523.24100000038743 ], [ 336888.415800001472235, -2606459.111000001430511 ], [ 336953.536100000143051, -2606449.787200000137091 ], [ 337002.344900000840425, -2606382.63289999961853 ], [ 337040.16270000115037, -2606392.554499998688698 ], [ 337066.247600000351667, -2606410.032999999821186 ], [ 337013.996300000697374, -2606498.482900001108646 ], [ 337059.692200001329184, -2606618.6963 ], [ 337105.548900000751019, -2606667.458700001239777 ], [ 337241.38120000064373, -2606667.3235 ], [ 337282.732500001788139, -2606701.972100000828505 ], [ 337294.574999999254942, -2606743.045499999076128 ], [ 337222.839999999850988, -2606803.606800001114607 ], [ 337190.812399998307228, -2606864.264499999582767 ], [ 337163.86540000140667, -2606925.968100000172853 ], [ 337170.651599999517202, -2607008.499600000679493 ], [ 337078.44819999858737, -2607092.548500001430511 ], [ 336949.374000001698732, -2607172.700199998915195 ], [ 336889.153299998492002, -2607323.930700000375509 ], [ 336925.592599999159575, -2607340.983199998736382 ], [ 336879.643899999558926, -2607367.772300001233816 ], [ 336856.301500000059605, -2607405.543200001120567 ], [ 336857.317899998277426, -2607558.427999999374151 ], [ 336793.923300001770258, -2607703.119600001722574 ], [ 336734.046999998390675, -2607675.184000000357628 ], [ 336720.436299998313189, -2607696.999000001698732 ], [ 336725.706999998539686, -2607759.674899999052286 ], [ 336816.604100000113249, -2607825.407000001519918 ], [ 336914.348299998790026, -2607946.551699999719858 ], [ 336987.675999999046326, -2607926.705299999564886 ], [ 337048.542599998414516, -2607874.524999998509884 ], [ 337208.11430000141263, -2608025.94370000064373 ], [ 337192.317699998617172, -2608090.664200000464916 ], [ 337328.753699999302626, -2608150.383699998259544 ], [ 337464.6385000012815, -2608193.658100001513958 ], [ 337560.165199998766184, -2608200.432 ], [ 337638.128299999982119, -2608161.626400001347065 ], [ 337723.426300000399351, -2608063.64469999819994 ], [ 337757.936700001358986, -2608086.061500001698732 ], [ 337717.949200000613928, -2608240.85869999974966 ], [ 337735.047699999064207, -2608328.211199998855591 ], [ 337790.004799999296665, -2608414.074499998241663 ], [ 337783.168600000441074, -2608511.475499998778105 ], [ 338105.229200001806021, -2608692.296300001442432 ], [ 338146.530999999493361, -2608793.029199998825788 ], [ 338184.397799998521805, -2608977.629999998956919 ], [ 338140.288199998438358, -2609036.336399998515844 ], [ 338154.441300000995398, -2609064.127000000327826 ], [ 338206.520300000905991, -2609086.893399998545647 ], [ 338242.681400001049042, -2609184.763799998909235 ], [ 338130.163499999791384, -2609237.633699998259544 ], [ 338139.258499998599291, -2609278.158900000154972 ], [ 338052.851799998432398, -2609302.458599999547005 ], [ 337978.00450000166893, -2609407.7652000002563 ], [ 337980.624800000339746, -2609493.461899999529123 ], [ 337913.835799999535084, -2609625.633299998939037 ], [ 337920.064300000667572, -2609709.149700000882149 ], [ 337847.301600001752377, -2609796.740200001746416 ], [ 337851.466099999845028, -2609890.101700000464916 ], [ 337753.782999999821186, -2609974.879200000315905 ], [ 337710.543200001120567, -2609979.677200000733137 ], [ 337690.44200000166893, -2609926.670200001448393 ], [ 337645.1402000002563, -2609893.328000001609325 ], [ 337722.249400001019239, -2609795.607799999415874 ], [ 337800.228000000119209, -2609759.418800000101328 ], [ 337935.13120000064373, -2609499.348000001162291 ], [ 337913.055100001394749, -2609442.272300001233816 ], [ 337922.145300000905991, -2609389.817400000989437 ], [ 337896.600499998778105, -2609340.932599999010563 ], [ 337896.807100001722574, -2609285.291299998760223 ], [ 338024.370999999344349, -2609265.245000001043081 ], [ 338014.089400000870228, -2609230.902199998497963 ], [ 337934.821400001645088, -2609191.599700000137091 ], [ 337908.496899999678135, -2609062.031199999153614 ], [ 337755.474399998784065, -2609012.336800001561642 ], [ 337739.495400000363588, -2608980.44990000128746 ], [ 337667.288199998438358, -2608968.026399999856949 ], [ 337632.932399999350309, -2608842.1129 ], [ 337598.572500001639128, -2608815.224199999123812 ], [ 337548.212799999862909, -2608821.743599999696016 ], [ 337321.9510000012815, -2608929.28999999910593 ], [ 337290.319499999284744, -2608902.047499999403954 ], [ 337143.401999998837709, -2608882.859000001102686 ], [ 337070.502399999648333, -2608898.327599998563528 ], [ 336978.215799998492002, -2608982.368700001388788 ], [ 336911.455200001597404, -2609006.720600001513958 ], [ 336798.255399998277426, -2609005.609499998390675 ], [ 336750.453299999237061, -2608964.838899999856949 ], [ 336750.30290000140667, -2608900.592399999499321 ], [ 336830.304699998348951, -2608773.698600001633167 ], [ 336851.003400001674891, -2608682.375799998641014 ], [ 336916.012499999254942, -2608626.233899999409914 ], [ 336957.756700001657009, -2608553.0537 ], [ 336918.162200000137091, -2608424.278200000524521 ], [ 336947.054499998688698, -2608199.723000001162291 ], [ 336902.715199999511242, -2608170.703099999576807 ], [ 336830.160599999129772, -2608300.853900000452995 ], [ 336732.243099998682737, -2608346.535900000482798 ], [ 336657.211899999529123, -2608430.050900001078844 ], [ 336541.910500001162291, -2608595.333399999886751 ], [ 336526.405600000172853, -2608717.322799999266863 ], [ 336480.869300000369549, -2608751.9070999994874 ], [ 336373.839899998158216, -2608747.483199998736382 ], [ 336264.641699999570847, -2608718.030900001525879 ], [ 336152.331700000911951, -2608726.465999998152256 ], [ 336083.819699998944998, -2608767.425500001758337 ], [ 336035.825599998235703, -2608826.707100000232458 ], [ 336099.594999998807907, -2608848.907000001519918 ], [ 336176.487700000405312, -2609004.107299998402596 ], [ 336260.787599999457598, -2609021.039000000804663 ], [ 336294.269600000232458, -2609048.063999999314547 ], [ 336530.074099998921156, -2608928.095899999141693 ], [ 336604.36939999833703, -2608931.613099999725819 ], [ 336687.969500001519918, -2609019.843800000846386 ], [ 336686.188299998641014, -2609056.651399999856949 ], [ 336514.798599999397993, -2609225.633000001311302 ], [ 336424.341899998486042, -2609284.2467 ], [ 336335.252500001341105, -2609313.956199999898672 ], [ 336171.149000000208616, -2609282.128400001674891 ], [ 336056.29619999974966, -2609292.588500000536442 ], [ 336056.036100000143051, -2609241.35080000013113 ], [ 335972.326299998909235, -2609232.989500001072884 ], [ 335924.122800000011921, -2609207.061999998986721 ], [ 335848.802000001072884, -2609125.383699998259544 ], [ 335818.947200000286102, -2609117.144499998539686 ], [ 335686.168999999761581, -2609308.101300001144409 ], [ 335638.993200000375509, -2609327.161699999123812 ], [ 335620.702399998903275, -2609306.949000000953674 ], [ 335579.901099998503923, -2609339.995400000363588 ], [ 335589.690799999982119, -2609380.44649999961257 ], [ 335525.939300000667572, -2609407.785900000482798 ], [ 335515.262200001627207, -2609436.045800000429153 ], [ 335536.381400000303984, -2609453.386700000613928 ], [ 335416.752399999648333, -2609500.891399998217821 ], [ 335324.148299999535084, -2609489.32149999961257 ], [ 335284.774999998509884, -2609467.493099998682737 ], [ 335290.626800000667572, -2609360.665300000458956 ], [ 335255.12049999833107, -2609326.037099998444319 ], [ 335199.078200001269579, -2609361.1435999982059 ], [ 335137.515599999576807, -2609331.681400001049042 ], [ 335131.560400001704693, -2609297.588500000536442 ], [ 334876.666200000792742, -2609243.377500001341105 ], [ 334796.358199998736382, -2609258.920499999076128 ], [ 334728.806000001728535, -2609194.563099998980761 ], [ 334676.367300000041723, -2609189.210299998521805 ], [ 334633.662799999117851, -2609159.032699998468161 ], [ 334595.505699999630451, -2609117.776599999517202 ], [ 334649.210900001227856, -2608985.795099999755621 ], [ 334607.924699999392033, -2608904.95549999922514 ], [ 334641.431699998676777, -2608806.779199998825788 ], [ 334580.420499999076128, -2608848.552799999713898 ], [ 334551.098799999803305, -2608814.037000000476837 ], [ 334472.61430000141263, -2608882.320000000298023 ], [ 334384.732299998402596, -2608750.261999998241663 ], [ 334329.600400000810623, -2608588.713899999856949 ], [ 334255.752099998295307, -2608461.688400000333786 ], [ 334117.791900001466274, -2608369.764600001275539 ], [ 334015.276500001549721, -2608400.32319999858737 ], [ 333905.937800001353025, -2608464.679999999701977 ], [ 333840.858800001442432, -2608557.427099999040365 ], [ 333677.232200000435114, -2608883.344900000840425 ], [ 333468.613499999046326, -2609116.903599999845028 ], [ 333404.775400001555681, -2609414.5471 ], [ 333160.207600001245737, -2609397.9331 ], [ 333100.80009999871254, -2609422.039700001478195 ], [ 333078.794700000435114, -2609491.837799999862909 ], [ 332882.194600000977516, -2609628.112799998372793 ], [ 332840.911800000816584, -2609700.361699998378754 ], [ 332798.278499998152256, -2609701.468899998813868 ], [ 332723.976100001484156, -2609798.669399999082088 ], [ 332881.30009999871254, -2610011.573399998247623 ], [ 332201.206999998539686, -2610269.449999999254942 ], [ 331882.641600001603365, -2610481.984999999403954 ], [ 331726.81700000166893, -2610526.171300001442432 ], [ 331479.313000001013279, -2610654.898400001227856 ], [ 331305.993099998682737, -2610848.117400001734495 ], [ 331296.835400000214577, -2610865.000100001692772 ], [ 331155.714099999517202, -2611111.424400001764297 ], [ 331142.226199999451637, -2611220.896299999207258 ], [ 331215.940799999982119, -2611424.574700001627207 ], [ 331218.478999998420477, -2611577.127700001001358 ], [ 331253.255100000649691, -2611757.836100000888109 ], [ 331242.228999998420477, -2611914.849300000816584 ], [ 331211.212499998509884, -2612014.363099999725819 ], [ 331296.869199998676777, -2612108.644999999552965 ], [ 331146.661400001496077, -2612295.504000000655651 ], [ 331073.371700000017881, -2612630.71680000051856 ], [ 331048.651599999517202, -2613102.294100001454353 ], [ 331064.732200000435114, -2613265.447200000286102 ], [ 331091.800200000405312, -2613283.777899999171495 ], [ 331100.462200000882149, -2613476.465300001204014 ], [ 331171.400800000876188, -2613768.236900001764297 ], [ 331203.913899999111891, -2613837.940099999308586 ], [ 331213.377099998295307, -2613992.364199999719858 ], [ 331246.449000000953674, -2614115.084899999201298 ], [ 331365.878600001335144, -2614390.2364999987185 ], [ 331500.509100001305342, -2614468.755899999290705 ], [ 331467.498799998313189, -2614545.969500001519918 ], [ 331489.981899999082088, -2614650.892099998891354 ], [ 331401.627300001680851, -2614716.887699998915195 ], [ 331476.240699999034405, -2614998.643300000578165 ], [ 331547.9189000017941, -2614930.424100000411272 ], [ 331528.500599998980761, -2614844.248500000685453 ], [ 331756.390099998563528, -2614637.155799999833107 ], [ 331801.905799999833107, -2614648.701200000941753 ], [ 331800.932500001043081, -2614719.22580000013113 ], [ 331725.706900000572205, -2614743.586300000548363 ], [ 331730.283900000154972, -2614767.270300000905991 ], [ 331641.742199998348951, -2614922.854800000786781 ], [ 331632.159000001847744, -2614972.71680000051856 ], [ 331651.135600000619888, -2614995.49269999936223 ], [ 331599.301500000059605, -2615034.306000001728535 ], [ 331637.771000001579523, -2615082.402499999850988 ], [ 331709.3564000017941, -2615058.513000000268221 ], [ 331710.640999998897314, -2615136.6272 ], [ 331669.922100000083447, -2615309.6096 ], [ 331682.433800000697374, -2615426.174600001424551 ], [ 331752.920200001448393, -2615498.120299998670816 ], [ 331814.872999999672174, -2615428.513399999588728 ], [ 331820.472500000149012, -2615397.378100000321865 ], [ 331986.257500000298023, -2615394.568399999290705 ], [ 332215.553599998354912, -2615349.848600000143051 ], [ 332319.32319999858737, -2615385.319899998605251 ], [ 332395.228799998760223, -2615368.715199999511242 ], [ 332627.496100001037121, -2615228.7820999994874 ], [ 332757.993000000715256, -2615087.870799999684095 ], [ 332773.44819999858737, -2615107.668600000441074 ], [ 332912.341899998486042, -2615022.994899999350309 ], [ 332881.630100000649691, -2614967.890799999237061 ], [ 332926.613299999386072, -2614921.254200000315905 ], [ 332977.248500000685453, -2614938.275800000876188 ], [ 333035.99269999936223, -2614818.68470000103116 ], [ 333090.055399999022484, -2614782.169100001454353 ], [ 333161.907699998468161, -2614525.319400001317263 ], [ 333237.055300001055002, -2614437.465700000524521 ], [ 333256.287200000137091, -2614373.367600001394749 ], [ 333310.51630000025034, -2614381.153999999165535 ], [ 333359.647399999201298, -2614314.049499999731779 ], [ 333465.012099999934435, -2614225.071899998933077 ], [ 333525.501400001347065, -2614141.692800000309944 ], [ 333598.835099998861551, -2614173.1261 ], [ 333601.079900000244379, -2614219.78489999845624 ], [ 333746.879299998283386, -2614190.801399998366833 ], [ 333786.636199999600649, -2614268.333799999207258 ], [ 333845.48759999871254, -2614295.5768 ], [ 333929.947700001299381, -2614496.838899999856949 ], [ 333920.937699999660254, -2614560.659200001507998 ], [ 333633.276900000870228, -2614831.182700000703335 ], [ 333529.479899998754263, -2615017.394200000911951 ], [ 333530.831300001591444, -2615098.917500000447035 ], [ 333457.502599999308586, -2615206.603300001472235 ], [ 333405.694600000977516, -2615363.495299998670816 ], [ 333263.258900001645088, -2615472.124099999666214 ], [ 333057.469099998474121, -2615662.635600000619888 ], [ 332963.18299999833107, -2615750.296700000762939 ], [ 332891.956199999898672, -2615861.000300001353025 ], [ 332815.503299999982119, -2615926.330200001597404 ], [ 332444.329900000244379, -2616243.899700000882149 ], [ 332395.261199999600649, -2616303.230000000447035 ], [ 332370.373199999332428, -2616377.612199999392033 ], [ 332278.088500000536442, -2616469.3202 ], [ 332167.780900001525879, -2616615.486999999731779 ], [ 332140.33500000089407, -2616832.839499998837709 ], [ 332162.290899999439716, -2617039.473499998450279 ], [ 332275.829500000923872, -2617222.402499999850988 ], [ 332329.509199999272823, -2617360.754900000989437 ], [ 332462.055300001055002, -2617411.718400001525879 ], [ 332430.656300000846386, -2617494.895700000226498 ], [ 332444.202500000596046, -2617547.069699998944998 ], [ 332391.305500000715256, -2617575.436999998986721 ], [ 332301.364500001072884, -2617787.7364999987185 ], [ 332292.424899999052286, -2617808.015500001609325 ], [ 332117.059200000017881, -2617931.904100000858307 ], [ 332112.824599999934435, -2617986.337900001555681 ], [ 332151.503100000321865, -2618126.5945999994874 ], [ 332183.922100000083447, -2618136.494199998676777 ], [ 332320.001899998635054, -2618020.886500000953674 ], [ 332358.986699998378754, -2618039.413199998438358 ], [ 332357.221200000494719, -2618086.578299999237061 ], [ 332297.845400001853704, -2618129.781500000506639 ], [ 332283.985700000077486, -2618176.782400000840425 ], [ 332340.896600000560284, -2618212.173799999058247 ], [ 332407.479899998754263, -2618379.312300000339746 ], [ 332406.024399999529123, -2618451.62049999833107 ], [ 332350.611699998378754, -2618605.525299999862909 ], [ 332384.080400001257658, -2618606.522900000214577 ], [ 332396.974399998784065, -2618537.99720000103116 ], [ 332458.450300000607967, -2618595.374299999326468 ], [ 332516.391399998217821, -2618582.771499998867512 ], [ 332515.745000001043081, -2618616.816500000655651 ], [ 332558.002399999648333, -2618585.355000000447035 ], [ 332592.150400001555681, -2618604.491300001740456 ], [ 332637.728399999439716, -2618585.593899998813868 ], [ 332647.804999999701977, -2618599.12779999896884 ], [ 332625.24549999833107, -2618706.375700000673532 ], [ 332503.792700000107288, -2618970.429299999028444 ], [ 332361.666799999773502, -2619084.984499998390675 ], [ 332366.443900000303984, -2619139.068399999290705 ], [ 332252.310699999332428, -2619442.1809 ], [ 332233.676100000739098, -2619674.028400000184774 ], [ 332418.167199999094009, -2619748.053899999707937 ], [ 332437.786299999803305, -2619613.38120000064373 ], [ 332610.590300001204014, -2619472.373399998992682 ], [ 332684.117800001055002, -2619337.001499999314547 ], [ 332797.160399999469519, -2619296.547800000756979 ], [ 332824.602899998426437, -2619310.385600000619888 ], [ 332980.713700000196695, -2619193.229200001806021 ], [ 332980.455299999564886, -2619395.863400001078844 ], [ 333066.739999998360872, -2619415.324999999254942 ], [ 332959.731199998408556, -2619474.049800001084805 ], [ 332866.282600000500679, -2619589.396299999207258 ], [ 332886.3141999989748, -2619621.6074 ], [ 332753.705099999904633, -2619787.16440000012517 ], [ 332726.7027000002563, -2619937.47580000013113 ], [ 332809.536400001496077, -2619886.161299999803305 ], [ 332934.321899998933077, -2619725.927400000393391 ], [ 332855.352299999445677, -2619908.138999998569489 ], [ 332931.154899999499321, -2619943.754000000655651 ], [ 333092.942800000309944, -2619639.673599999397993 ], [ 333109.085900001227856, -2619447.319600000977516 ], [ 333257.761900000274181, -2619376.212000001221895 ], [ 333310.950599998235703, -2619438.9529 ], [ 333211.57209999859333, -2619568.97690000012517 ], [ 333219.215700000524521, -2619602.758200000971556 ], [ 333255.527899999171495, -2619616.482799999415874 ], [ 333296.891199998557568, -2619590.25450000166893 ], [ 333314.14919999986887, -2619543.733600001782179 ], [ 333377.596900001168251, -2619557.41950000077486 ], [ 333364.504099998623133, -2619646.9452 ], [ 333413.020100001245737, -2619675.526200000196695 ], [ 333416.969999998807907, -2619719.349500000476837 ], [ 333352.933600001037121, -2619757.9265 ], [ 333340.137099999934435, -2619899.498799998313189 ], [ 333421.5337999984622, -2619838.771200001239777 ], [ 333427.50899999961257, -2619860.5760000012815 ], [ 333511.671500001102686, -2619846.439399998635054 ], [ 333501.996599998325109, -2619876.272199999541044 ], [ 333560.554200001060963, -2619897.537900000810623 ], [ 333570.178199999034405, -2619838.076999999582767 ], [ 333599.909099999815226, -2619802.957100000232458 ], [ 333641.023200001567602, -2619796.00730000063777 ], [ 333570.037599999457598, -2619939.861600000411272 ], [ 333586.916799999773502, -2619958.562100000679493 ], [ 333663.749400001019239, -2619894.875399999320507 ], [ 333698.335999999195337, -2619907.795299999415874 ], [ 333662.034800000488758, -2619991.617800001055002 ], [ 333714.784099999815226, -2619983.993599999696016 ], [ 333756.602200001478195, -2619921.229699999094009 ], [ 333799.944200001657009, -2619928.807199999690056 ], [ 333915.869899999350309, -2619821.849199999123812 ], [ 334029.466400001198053, -2619683.94649999961257 ], [ 334084.300700001418591, -2619669.093100000172853 ], [ 334106.516600001603365, -2619627.965300001204014 ], [ 334071.165800001472235, -2619606.490800000727177 ], [ 334202.064100001007318, -2619321.079 ], [ 334244.756900001317263, -2619348.681000001728535 ], [ 334204.501600001007318, -2619453.759399998933077 ], [ 334238.883200000971556, -2619516.381400000303984 ], [ 334294.983600001782179, -2619449.171999998390675 ], [ 334302.155099999159575, -2619490.080400001257658 ], [ 334366.010499998927116, -2619421.071899998933077 ], [ 334403.719799999147654, -2619313.583999998867512 ], [ 334444.972300000488758, -2619306.598099999129772 ], [ 334473.908900000154972, -2619349.856800001114607 ], [ 334411.416700001806021, -2619444.7939000017941 ], [ 334430.079700000584126, -2619463.261700000613928 ], [ 334294.817899998277426, -2619651.809599999338388 ], [ 334330.273800000548363, -2619646.372299998998642 ], [ 334326.625300001353025, -2619698.238899998366833 ], [ 334360.307500001043081, -2619677.409800000488758 ], [ 334385.66499999910593, -2619633.2635000012815 ], [ 334439.732500001788139, -2619609.834100000560284 ], [ 334447.511999998241663, -2619528.840199999511242 ], [ 334503.343800000846386, -2619488.661400001496077 ], [ 334518.480599999427795, -2619544.971700001507998 ], [ 334648.858300000429153, -2619520.561200000345707 ], [ 334659.470800001174212, -2619428.720100000500679 ], [ 334724.534600000828505, -2619438.640799999237061 ], [ 334711.836199998855591, -2619551.609700001776218 ], [ 334753.072900000959635, -2619603.779500000178814 ], [ 334706.383200000971556, -2619662.732500001788139 ], [ 334714.368000000715256, -2619692.143300000578165 ], [ 334764.315499998629093, -2619717.897599998861551 ], [ 334785.889299999922514, -2619755.143399998545647 ], [ 334856.903999999165535, -2619661.729200001806021 ], [ 334907.15089999884367, -2619659.643100000917912 ], [ 334994.383499998599291, -2619466.822299998253584 ], [ 335013.989000000059605, -2619525.978399999439716 ], [ 334984.594999998807907, -2619694.067699998617172 ], [ 335016.371199999004602, -2619724.877399999648333 ], [ 335083.020899999886751, -2619711.112799998372793 ], [ 335094.463799998164177, -2619673.064599998295307 ], [ 335383.969300001859665, -2619512.588199999183416 ], [ 335430.01410000026226, -2619464.981499999761581 ], [ 335451.00959999859333, -2619390.954199999570847 ], [ 335545.898299999535084, -2619336.179400000721216 ], [ 335613.253100000321865, -2619236.262499999254942 ], [ 335639.721700001507998, -2619160.731800001114607 ], [ 335726.231100000441074, -2619133.1118 ], [ 335793.477299999445677, -2619172.3581000007689 ], [ 335832.015399999916553, -2619148.274599999189377 ], [ 335911.721000000834465, -2619037.184099998325109 ], [ 336057.480900000780821, -2619011.538100000470877 ], [ 336185.811799999326468, -2618920.303599998354912 ], [ 336275.230599999427795, -2618911.449499998241663 ], [ 336315.715199999511242, -2618873.196899998933077 ], [ 336433.102000001817942, -2618826.777899999171495 ], [ 336780.671900000423193, -2618549.940499998629093 ], [ 337087.144200000911951, -2618189.667100001126528 ], [ 337275.296100001782179, -2617885.408900000154972 ], [ 337324.941100001335144, -2617879.925999999046326 ], [ 337354.537300001829863, -2617852.628699999302626 ], [ 337409.144600000232458, -2617837.732500001788139 ], [ 337463.113699998706579, -2617805.579999998211861 ], [ 337490.898400001227856, -2617762.793800000101328 ], [ 337536.788199998438358, -2617744.793600000441074 ], [ 337572.442800000309944, -2617760.142799999564886 ], [ 337644.660500001162291, -2617730.888099998235703 ], [ 337717.343499999493361, -2617629.307900000363588 ], [ 337797.806099999696016, -2617565.0099 ], [ 337900.69539999961853, -2617343.836800001561642 ], [ 337951.596000000834465, -2617285.184799998998642 ], [ 338090.489199999719858, -2617212.421399999409914 ], [ 338135.884500000625849, -2617100.449299998581409 ], [ 338172.742800001055002, -2617008.715199999511242 ], [ 338277.524900000542402, -2617049.089299999177456 ], [ 338216.523899998515844, -2617090.9391999989748 ], [ 338206.369300000369549, -2617097.493099998682737 ], [ 338174.778400000184774, -2617154.575100000947714 ], [ 338183.455299999564886, -2617310.848499998450279 ], [ 338071.511999998241663, -2617454.905799999833107 ], [ 338031.749099999666214, -2617453.090399999171495 ], [ 337925.911499999463558, -2617605.007500000298023 ], [ 337839.962099999189377, -2617663.857599999755621 ], [ 337781.991300001740456, -2617848.80180000141263 ], [ 337648.447900000959635, -2617963.359700001776218 ], [ 337569.523400001227856, -2617968.411899998784065 ], [ 337555.278299998492002, -2618054.593800000846386 ], [ 337393.248199999332428, -2618223.300999999046326 ], [ 337374.635999999940395, -2618263.085799999535084 ], [ 337180.392200000584126, -2618449.836399998515844 ], [ 336944.565699998289347, -2618599.294799998402596 ], [ 336835.106699999421835, -2618730.767299998551607 ], [ 336818.457800000905991, -2618785.90260000154376 ], [ 336788.294599998742342, -2618789.786800000816584 ], [ 336763.301199998706579, -2618857.389899998903275 ], [ 336643.988099999725819, -2619003.113499999046326 ], [ 336552.563799999654293, -2619048.832600001245737 ], [ 336482.792700000107288, -2619043.886500000953674 ], [ 336104.701099999248981, -2619245.493700001388788 ], [ 336027.167899999767542, -2619240.633600000292063 ], [ 335561.378800000995398, -2619510.730999998748302 ], [ 335463.262600000947714, -2619597.259799998253584 ], [ 335357.729800000786781, -2619764.621800001710653 ], [ 335355.987799998372793, -2619802.232900001108646 ], [ 335310.339699998497963, -2619835.877900000661612 ], [ 335282.036499999463558, -2619905.600000001490116 ], [ 335361.455400001257658, -2619938.976500000804663 ], [ 335383.228500001132488, -2619976.1908 ], [ 335381.340900000184774, -2620085.954999998211861 ], [ 335280.494899999350309, -2620418.772900000214577 ], [ 335205.023499999195337, -2620567.581999998539686 ], [ 335223.961800001561642, -2620593.872999999672174 ], [ 335269.665500000119209, -2620501.982799999415874 ], [ 335328.753400001674891, -2620488.27250000089407 ], [ 335296.699599999934435, -2620631.525199998170137 ], [ 335257.902699999511242, -2620691.3081 ], [ 335206.812300000339746, -2620720.406899999827147 ], [ 335111.335799999535084, -2620947.342799998819828 ], [ 334961.995200000703335, -2621149.9222999997437 ], [ 334917.092700000852346, -2621259.135800000280142 ], [ 334885.608500000089407, -2621273.642700001597404 ], [ 334820.978799998760223, -2621426.188400000333786 ], [ 334645.478900000452995, -2621559.031199999153614 ], [ 334606.934200000017881, -2621547.422200001776218 ], [ 334551.171500001102686, -2621660.643899999558926 ], [ 334552.928800001740456, -2621783.046100001782179 ], [ 334471.150600001215935, -2621901.297200001776218 ], [ 334474.947900000959635, -2622142.5449 ], [ 334536.106499999761581, -2622224.2018 ], [ 334528.517400000244379, -2622277.3717 ], [ 334590.585799999535084, -2622303.412599999457598 ], [ 334588.949499998241663, -2622362.76799999922514 ], [ 334544.343400001525879, -2622401.401299998164177 ], [ 334480.4983000010252, -2622418.321800000965595 ], [ 334514.23759999871254, -2622478.29619999974966 ], [ 334498.261100001633167, -2622609.00450000166893 ], [ 334527.7489, -2622791.355500001460314 ], [ 334493.44990000128746, -2622824.4496 ], [ 334496.919799998402596, -2622896.150199998170137 ], [ 334594.740899998694658, -2622881.058499999344349 ], [ 334671.930100001394749, -2622892.059999998658895 ], [ 334892.487399999052286, -2622715.28830000013113 ], [ 334987.696199998259544, -2622588.364599999040365 ], [ 335016.441700000315905, -2622506.392799999564886 ], [ 335052.603000000119209, -2622501.776599999517202 ], [ 335067.264600001275539, -2622527.71169999986887 ], [ 335052.79839999973774, -2622589.624400001019239 ], [ 334998.213199999183416, -2622649.591299999505281 ], [ 334948.97520000115037, -2622750.70719999819994 ], [ 334779.166400000452995, -2623007.968299999833107 ], [ 334805.645100001245737, -2623114.114500001072884 ], [ 334823.876299999654293, -2623123.187300000339746 ], [ 334864.542500000447035, -2623229.232599999755621 ], [ 334788.803199999034405, -2623298.96059999987483 ], [ 334730.550400000065565, -2623439.399900000542402 ], [ 334716.72520000115037, -2623599.478700000792742 ], [ 334693.477400001138449, -2623637.203699998557568 ], [ 334664.417899999767542, -2623637.377500001341105 ], [ 334658.641699999570847, -2623732.94539999961853 ], [ 334607.94819999858737, -2623821.124400001019239 ], [ 334546.773299999535084, -2623870.640299998223782 ], [ 334506.214200001209974, -2623828.057599999010563 ], [ 334474.14469999819994, -2623905.0945999994874 ], [ 334243.349899999797344, -2624154.579799998551607 ], [ 334192.0320999994874, -2624167.160799998790026 ], [ 334037.999400001019239, -2624358.985300000756979 ], [ 333974.019099999219179, -2624354.012600000947714 ], [ 333947.893100000917912, -2624314.718199998140335 ], [ 333866.612300001084805, -2624383.406700000166893 ], [ 333836.441500000655651, -2624462.015500001609325 ], [ 333814.040600001811981, -2624596.957699999213219 ], [ 333755.309799998998642, -2624632.238499999046326 ], [ 333696.720300000160933, -2624727.555599998682737 ], [ 333755.708700001239777, -2624772.258000001311302 ], [ 333683.120200000703335, -2625012.737100001424551 ], [ 333618.028599999845028, -2625040.151900000870228 ], [ 333462.717999998480082, -2625279.856199998408556 ], [ 333474.034000001847744, -2625315.800799999386072 ], [ 333538.646800000220537, -2625331.06980000063777 ], [ 333485.63459999859333, -2625398.661699999123812 ], [ 333451.667899999767542, -2625493.466699998825788 ], [ 333437.480900000780821, -2625598.761700000613928 ], [ 333460.579900000244379, -2625657.485399998724461 ], [ 333406.560199998319149, -2625660.01240000128746 ], [ 333323.979800000786781, -2625961.017499998211861 ], [ 333335.401999998837709, -2626073.426399998366833 ], [ 333270.178899999707937, -2626086.035199999809265 ], [ 333272.42960000038147, -2626184.901999998837709 ], [ 333320.308100000023842, -2626241.403799999505281 ], [ 333283.155299998819828, -2626301.731100000441074 ], [ 333284.44480000063777, -2626360.719500001519918 ], [ 333369.005100000649691, -2626408.227699998766184 ], [ 333393.2635000012815, -2626456.55799999833107 ], [ 333401.727000001817942, -2626443.2804000005126 ], [ 333443.187199998646975, -2626467.545499999076128 ], [ 333460.89469999819994, -2626611.412300001829863 ], [ 333395.584699999541044, -2626738.000900000333786 ], [ 333328.427099999040365, -2626817.767099998891354 ], [ 333286.401700001209974, -2626807.4846 ], [ 333235.784699998795986, -2626860.859000001102686 ], [ 333212.776799999177456, -2626857.6294 ], [ 333141.8125, -2626928.398600000888109 ], [ 333118.946800000965595, -2627052.221000000834465 ], [ 333054.662900000810623, -2627068.125399999320507 ], [ 333023.851700000464916, -2627273.763999998569489 ], [ 333060.281399998813868, -2627346.538100000470877 ], [ 333045.093899998813868, -2627364.197000000625849 ], [ 333051.433699999004602, -2627509.396499998867512 ], [ 332966.364199999719858, -2627648.851799998432398 ], [ 332881.648800000548363, -2627744.838199999183416 ], [ 332826.092799998819828, -2627999.772399999201298 ], [ 332831.905799999833107, -2628142.419700000435114 ], [ 332796.778499998152256, -2628180.827100001275539 ], [ 332750.440000001341105, -2628191.027100000530481 ], [ 332845.615699999034405, -2628521.589999999850988 ], [ 332897.731699999421835, -2628579.388399999588728 ], [ 332967.168400000780821, -2628598.409099999815226 ], [ 332977.776599999517202, -2628662.259700000286102 ], [ 333026.812600001692772, -2628708.249400001019239 ], [ 333074.706300001591444, -2628718.711500000208616 ], [ 333114.635200001299381, -2628692.784699998795986 ], [ 333098.914000000804663, -2628662.529699999839067 ], [ 333159.920000001788139, -2628580.021499998867512 ], [ 333259.635000001639128, -2628663.919199999421835 ], [ 333240.65260000154376, -2628688.105200000107288 ], [ 333275.050000000745058, -2628730.703400000929832 ], [ 333319.793000001460314, -2628730.271899998188019 ], [ 333336.460700001567602, -2628620.212999999523163 ], [ 333389.296300001442432, -2628505.693 ], [ 333397.353700000792742, -2628424.76969999819994 ], [ 333433.991700001060963, -2628414.872400000691414 ], [ 333428.340199999511242, -2628446.026500001549721 ], [ 333516.623700000345707, -2628506.971799999475479 ], [ 333548.645300000905991, -2628502.912999998778105 ], [ 333637.431600000709295, -2628612.581999998539686 ], [ 333704.574000000953674, -2628659.6831 ], [ 333756.264600001275539, -2628640.922200001776218 ], [ 333830.348700001835823, -2628715.861400000751019 ], [ 333857.415600001811981, -2628646.316399998962879 ], [ 333836.96169999986887, -2628628.053800001740456 ], [ 333961.557599999010563, -2628529.589200001209974 ], [ 334122.810600001364946, -2628319.538400001823902 ], [ 334174.142599999904633, -2628282.577199999243021 ], [ 334230.170099999755621, -2628348.522700000554323 ], [ 334262.855200000107288, -2628338.32319999858737 ], [ 334283.032000001519918, -2628295.750599998980761 ], [ 334317.119800001382828, -2628321.846099998801947 ], [ 334387.983800001442432, -2628277.948899999260902 ], [ 334416.644099999219179, -2628222.207800000905991 ], [ 334400.208700001239777, -2628007.734499998390675 ], [ 334468.462999999523163, -2627999.041900001466274 ], [ 334473.73589999973774, -2627974.894900001585484 ], [ 334554.447399999946356, -2627924.609200000762939 ], [ 334720.044700000435114, -2627701.771200001239777 ], [ 334812.155699998140335, -2627619.593499999493361 ], [ 334853.434900000691414, -2627628.230700001120567 ], [ 334885.009700000286102, -2627666.844099998474121 ], [ 334932.937399998307228, -2627557.234900001436472 ], [ 334926.273400001227856, -2627486.732200000435114 ], [ 334976.818999998271465, -2627455.097300000488758 ], [ 335022.870200000703335, -2627353.584399998188019 ], [ 335014.140399999916553, -2627273.76630000025034 ], [ 335057.250199999660254, -2627197.8235 ], [ 335034.888599999248981, -2627111.999000001698732 ], [ 335044.346700001507998, -2626967.281399998813868 ], [ 335097.223000001162291, -2626853.625599998980761 ], [ 335150.737100001424551, -2626849.41609999909997 ], [ 335179.663899999111891, -2626779.613000001758337 ], [ 335175.245600000023842, -2626686.248599998652935 ], [ 335227.238000001758337, -2626616.128499999642372 ], [ 335418.489500001072884, -2626432.590300001204014 ], [ 335561.946699999272823, -2626246.356199998408556 ], [ 335584.914900001138449, -2626252.199299998581409 ], [ 335626.080200001597404, -2626222.547499999403954 ], [ 335751.273200001567602, -2626252.592399999499321 ], [ 335800.965500000864267, -2626194.9474 ], [ 335814.319699998944998, -2626208.969700001180172 ], [ 335792.54619999974966, -2626261.340399999171495 ], [ 335807.08669999986887, -2626291.626600001007318 ], [ 335799.815799999982119, -2626349.8902000002563 ], [ 335839.818300001323223, -2626323.912000000476837 ], [ 335854.354699999094009, -2626333.340399999171495 ], [ 335850.818399999290705, -2626380.7599 ], [ 335795.921100001782179, -2626455.710400000214577 ], [ 335835.260800000280142, -2626471.540199998766184 ], [ 335736.951900001615286, -2626597.986600000411272 ], [ 335735.374000001698732, -2626621.665899999439716 ], [ 335772.028999999165535, -2626620.5152000002563 ], [ 335735.723000001162291, -2626677.247600000351667 ], [ 335725.185899998992682, -2626742.093699999153614 ], [ 335676.092599999159575, -2626764.098499998450279 ], [ 335608.552400000393391, -2626956.129900000989437 ], [ 335597.527199998497963, -2627064.582100000232458 ], [ 335609.403299998492002, -2627376.080299999564886 ], [ 335662.967300001531839, -2627417.111900001764297 ], [ 335706.284600000828505, -2627349.7949 ], [ 335719.043999999761581, -2627369.022399999201298 ], [ 335807.387200001627207, -2627369.925900001078844 ], [ 335847.264800000935793, -2627417.951200000941753 ], [ 335856.808600001037121, -2627478.404599998146296 ], [ 335829.453400000929832, -2627501.050500001758337 ], [ 335872.907400000840425, -2627661.586899999529123 ], [ 335863.912300001829863, -2627777.525499999523163 ], [ 335887.58390000090003, -2627808.467599999159575 ], [ 335940.954700000584126, -2627773.835299998521805 ], [ 336037.363600000739098, -2627775.414900001138449 ], [ 336202.171599999070168, -2627716.945000000298023 ], [ 336215.978199999779463, -2627596.849700000137091 ], [ 336258.683100000023842, -2627474.88399999961257 ], [ 336238.643500000238419, -2627434.812199998646975 ], [ 336235.271099999547005, -2627323.983199998736382 ], [ 336195.28489999845624, -2627275.184799998998642 ], [ 336212.745000001043081, -2627228.486099999397993 ], [ 336174.426699999719858, -2627043.024300001561642 ], [ 336213.139699999243021, -2626904.923700001090765 ], [ 336303.284499999135733, -2626755.114100001752377 ], [ 336350.228300001472235, -2626762.214000001549721 ], [ 336552.71510000154376, -2626584.888799998909235 ], [ 336592.791700001806021, -2626464.962000001221895 ], [ 336730.196600001305342, -2626408.252300001680851 ], [ 336804.402399998158216, -2626407.402899999171495 ], [ 336956.371899999678135, -2626324.418400000780821 ], [ 337062.067800000309944, -2626317.002500001341105 ], [ 337141.25620000064373, -2626262.386100001633167 ], [ 337217.381499998271465, -2626146.594099998474121 ], [ 337332.154800001531839, -2626121.3651 ], [ 337402.804499998688698, -2625997.499899998307228 ], [ 337456.811700001358986, -2625834.038199998438358 ], [ 337459.219300001859665, -2625791.890900000929832 ], [ 337418.193399999290705, -2625705.051399998366833 ], [ 337386.782600000500679, -2625492.503899998962879 ], [ 337530.136700000613928, -2625107.916999999433756 ], [ 337535.019799999892712, -2625009.031700000166893 ], [ 337503.564699999988079, -2624935.672699999064207 ], [ 337500.260499998927116, -2624879.553399998694658 ], [ 337526.953000001609325, -2624803.962900001555681 ], [ 337507.244699999690056, -2624789.052000001072884 ], [ 337505.469999998807907, -2624731.035199999809265 ], [ 337475.558800000697374, -2624700.113400001078844 ], [ 337474.645300000905991, -2624637.649599999189377 ], [ 337434.190900001674891, -2624603.635000001639128 ], [ 337438.305300001055002, -2624583.152899999171495 ], [ 337404.879999998956919, -2624538.665600001811981 ], [ 337346.5962999984622, -2624306.200300000607967 ], [ 337345.515900000929832, -2624086.333599999547005 ], [ 337316.294900000095367, -2624062.161699999123812 ], [ 337309.763599999248981, -2623862.156599998474121 ], [ 337226.551500000059605, -2623631.9901 ], [ 337235.603399999439716, -2623482.984999999403954 ], [ 337284.559500001370907, -2623403.625599998980761 ], [ 337277.506400000303984, -2623231.492600001394749 ], [ 337243.689500000327826, -2623178.390599999576807 ], [ 337216.891100000590086, -2623077.429200001060963 ], [ 337196.592300001531839, -2623096.564399998635054 ], [ 337161.398299999535084, -2623060.28489999845624 ], [ 337181.200100000947714, -2623002.907299999147654 ], [ 337105.453600000590086, -2622997.937600001692772 ], [ 337089.532200001180172, -2622901.614599999040365 ], [ 337106.077199999243021, -2622817.76410000026226 ], [ 337092.128100000321865, -2622772.589999999850988 ], [ 337114.786299999803305, -2622631.411899998784065 ], [ 337175.71510000154376, -2622515.750500001013279 ], [ 337244.310300000011921, -2622465.210999999195337 ], [ 337275.757500000298023, -2622465.502900000661612 ], [ 337365.685699999332428, -2622378.247499998658895 ], [ 337317.1064000017941, -2622269.709800001233816 ], [ 337444.80689999833703, -2622118.543299999088049 ], [ 337496.13289999961853, -2622149.3293999992311 ], [ 337515.734900001436472, -2622091.984700001776218 ], [ 337506.3597999997437, -2622028.903099998831749 ], [ 337544.040199998766184, -2621970.019200000911951 ], [ 337584.739199999719858, -2621990.878600001335144 ], [ 337591.597300000488758, -2622019.637200001627207 ], [ 337604.183499999344349, -2622304.92339999973774 ], [ 337510.447200000286102, -2622479.641399998217821 ], [ 337538.785500001162291, -2622585.545000001788139 ], [ 337557.136100001633167, -2622559.693900000303984 ], [ 337590.438499998301268, -2622603.283300001174212 ], [ 337562.954700000584126, -2622661.646899998188019 ], [ 337598.249899998307228, -2622734.506999999284744 ], [ 337544.745900001376867, -2622885.701999999582767 ], [ 337595.453200001269579, -2623073.981499999761581 ], [ 337717.408700000494719, -2623180.023899998515844 ], [ 337720.462099999189377, -2623183.16440000012517 ], [ 337862.327399998903275, -2623003.947599999606609 ], [ 337890.358899999409914, -2622904.699200000613928 ], [ 337881.058499999344349, -2622826.778900001198053 ], [ 337937.502999998629093, -2622804.688000001013279 ], [ 338002.611299999058247, -2622798.924400001764297 ], [ 337840.091299999505281, -2623599.895700000226498 ], [ 337840.091299999505281, -2624922.786899998784065 ], [ 337769.067699998617172, -2625538.324499998241663 ], [ 337722.86089999973774, -2625859.421500001102686 ], [ 337522.59739999845624, -2627251.075599998235703 ], [ 337753.160300001502037, -2627666.088700000196695 ], [ 337716.43019999936223, -2627823.722199998795986 ], [ 337671.634300000965595, -2627906.890099998563528 ], [ 337660.599800001829863, -2628060.505399998277426 ], [ 337699.12049999833107, -2628195.55180000141263 ], [ 337668.625, -2628197.758099999278784 ], [ 337669.029100000858307, -2628215.035100001841784 ], [ 337715.826699998229742, -2628243.906899999827147 ], [ 337731.750300001353025, -2628185.313299998641014 ], [ 337781.636100001633167, -2628158.048000000417233 ], [ 337919.69709999859333, -2628367.286699999123812 ], [ 337933.160700000822544, -2628449.916200000792742 ], [ 337910.885000001639128, -2628545.014899998903275 ], [ 337935.546799998730421, -2628595.772300001233816 ], [ 337920.598900001496077, -2628628.924100000411272 ], [ 337934.500500001013279, -2628644.581599999219179 ], [ 337969.037300001829863, -2628641.850299999117851 ], [ 337995.69200000166893, -2628586.206500001251698 ], [ 338083.683800000697374, -2628631.442800000309944 ], [ 338140.153900001198053, -2628608.245000001043081 ], [ 338180.0945999994874, -2628705.482999999076128 ], [ 338151.795800000429153, -2628795.8607 ], [ 338189.707100000232458, -2628829.17339999973774 ], [ 338134.257800001651049, -2628918.056099999696016 ], [ 338153.056699998676777, -2628975.725600000470877 ], [ 338257.921100001782179, -2629032.690600000321865 ], [ 338257.513599999248981, -2629061.469700001180172 ], [ 338291.576999999582767, -2629064.837499998509884 ], [ 338312.337000001221895, -2629027.4342 ], [ 338386.839600000530481, -2629208.814599998295307 ], [ 338339.188799999654293, -2629227.455699998885393 ], [ 338264.322000000625849, -2629285.880199998617172 ], [ 338203.756700001657009, -2629270.183299999684095 ], [ 338139.7483000010252, -2629294.036400001496077 ], [ 338008.83390000090003, -2629303.004200000315905 ], [ 337962.043800000101328, -2629265.582400001585484 ], [ 337905.726599998772144, -2629274.533900000154972 ], [ 337702.963700000196695, -2629231.034600000828505 ], [ 337639.471400000154972, -2629152.202199999243021 ], [ 337472.436200000345707, -2629005.713500000536442 ], [ 337450.385999999940395, -2629018.1233000010252 ], [ 337428.016399998217821, -2629083.702500000596046 ], [ 337457.656800001859665, -2629106.803899999707937 ], [ 337457.989799998700619, -2629153.732200000435114 ], [ 337428.685899998992682, -2629184.505100000649691 ], [ 337399.450699999928474, -2629192.594399999827147 ], [ 337309.139199998229742, -2629152.877500001341105 ], [ 337225.207400001585484, -2629206.1699 ], [ 337072.963300000876188, -2629237.095600001513958 ], [ 336932.421599999070168, -2629177.695000000298023 ], [ 336789.754200000315905, -2629140.228500001132488 ], [ 336753.152699999511242, -2629150.157000001519918 ], [ 336705.023400001227856, -2629116.314800001680851 ], [ 336392.565900001674891, -2629063.287900000810623 ], [ 336340.7516999989748, -2629037.765900000929832 ], [ 336179.176199998706579, -2629040.074099998921156 ], [ 336120.951900001615286, -2628988.472100000828505 ], [ 336053.948300000280142, -2628994.412799999117851 ], [ 336034.915699999779463, -2628942.9287 ], [ 335981.604699999094009, -2628911.436200000345707 ], [ 335910.088700000196695, -2628898.805300001055002 ], [ 335843.136999998241663, -2628920.469099998474121 ], [ 335773.324499998241663, -2629035.39640000090003 ], [ 335701.785799998790026, -2629046.361099999397993 ], [ 335643.970400001853704, -2629216.300599999725819 ], [ 335647.416499998420477, -2629304.666600000113249 ], [ 335751.380199998617172, -2629381.790899999439716 ], [ 335819.060100000351667, -2629461.8310999982059 ], [ 335818.425000000745058, -2629528.030099999159575 ], [ 335701.780999999493361, -2629575.987199999392033 ], [ 335605.249800000339746, -2629656.136 ], [ 335547.363299999386072, -2629743.55180000141263 ], [ 335507.106699999421835, -2629746.066399998962879 ], [ 335386.927000001072884, -2629870.947299998253584 ], [ 335334.609400000423193, -2629895.97069999948144 ], [ 335282.379700001329184, -2629889.515000000596046 ], [ 335084.333200000226498, -2629804.301899999380112 ], [ 335046.861900001764297, -2629803.83500000089407 ], [ 335008.792599998414516, -2629860.892700001597404 ], [ 334940.31810000166297, -2629837.467399999499321 ], [ 334762.725499998778105, -2629922.659299999475479 ], [ 334678.508200000971556, -2629935.998599998652935 ], [ 334574.68299999833107, -2629935.298900000751019 ], [ 334461.850099999457598, -2629893.11769999936223 ], [ 334173.208099998533726, -2629926.385499998927116 ], [ 333883.673900000751019, -2630046.605099998414516 ], [ 333823.487300001084805, -2630161.163199998438358 ], [ 333720.740800000727177, -2630249.091600000858307 ], [ 333779.269099999219179, -2630392.015900000929832 ], [ 333753.816500000655651, -2630474.469200000166893 ], [ 333818.227699998766184, -2630585.407499998807907 ], [ 333836.957299999892712, -2630668.295400001108646 ], [ 333770.558899998664856, -2630857.619899999350309 ], [ 333836.371100001037121, -2630945.712400000542402 ], [ 333844.721999999135733, -2631053.398800000548363 ], [ 333815.825800001621246, -2631123.175200000405312 ], [ 333845.029100000858307, -2631214.308600001037121 ], [ 333821.927799999713898, -2631305.928100001066923 ], [ 333834.113800000399351, -2631353.059099998325109 ], [ 333805.229400001466274, -2631400.14750000089407 ], [ 333813.533399999141693, -2631405.257199998944998 ], [ 333849.268699999898672, -2631427.619899999350309 ], [ 333809.133099999278784, -2631558.899099998176098 ], [ 333839.66609999909997, -2631586.26630000025034 ], [ 333819.199099998921156, -2631666.261399999260902 ], [ 333786.229299999773502, -2631682.642700001597404 ], [ 333812.112900000065565, -2631714.129000000655651 ], [ 333767.180500000715256, -2631851.145500000566244 ], [ 333827.651999998837709, -2631978.322900000959635 ], [ 333780.847199998795986, -2632166.884799998253584 ], [ 333734.660199999809265, -2632635.433899998664856 ], [ 333753.117899999022484, -2632719.162599999457598 ], [ 333742.939100001007318, -2632786.5724 ], [ 333664.947399999946356, -2632810.362300001084805 ], [ 333555.763300001621246, -2632818.952799998223782 ], [ 333475.653000000864267, -2632765.609999999403954 ], [ 333473.150800000876188, -2632679.857799999415874 ], [ 333281.4358000010252, -2632589.344700001180172 ], [ 333033.596999999135733, -2632530.317899998277426 ], [ 332985.909800000488758, -2632285.799699999392033 ], [ 332957.61879999935627, -2632297.242199998348951 ], [ 332954.620700001716614, -2632384.601399999111891 ], [ 332922.972899999469519, -2632466.915500000119209 ], [ 332945.744600001722574, -2632607.433200001716614 ], [ 332842.264299999922514, -2632835.387200001627207 ], [ 332805.442299999296665, -2632873.899099998176098 ], [ 332785.606899999082088, -2632963.377099998295307 ], [ 332700.800400000065565, -2633043.737100001424551 ], [ 332729.754299998283386, -2633119.19310000166297 ], [ 332776.139600001275539, -2633116.751400001347065 ], [ 332784.265900000929832, -2633200.9847999997437 ], [ 332837.348299998790026, -2633292.539500001817942 ], [ 332796.214000001549721, -2633322.127500001341105 ], [ 332593.369500000029802, -2633233.767099998891354 ], [ 332486.203499998897314, -2633091.704 ], [ 332448.887699998915195, -2632978.100900001823902 ], [ 332462.099599998444319, -2632952.948600001633167 ], [ 332534.555300001055002, -2632922.939399998635054 ], [ 332554.605099998414516, -2632894.3015 ], [ 332568.112399999052286, -2632810.866700001060963 ], [ 332545.964499998837709, -2632739.8048 ], [ 332588.569299999624491, -2632602.199700001627207 ], [ 332492.844200000166893, -2632571.652699999511242 ], [ 332516.578000001609325, -2632513.03660000115633 ], [ 332518.561099998652935, -2632414.523400001227856 ], [ 332536.423599999397993, -2632362.687199998646975 ], [ 332563.051899999380112, -2632336.640999998897314 ], [ 332600.622600000351667, -2632331.092399999499321 ], [ 332649.601799998432398, -2632239.641600001603365 ], [ 332643.094000000506639, -2632116.105599999427795 ], [ 332709.2364999987185, -2632070.357700001448393 ], [ 332706.490600001066923, -2632022.031899999827147 ], [ 332737.761300001293421, -2631983.309000000357628 ], [ 332788.210299998521805, -2631769.929299999028444 ], [ 332747.553399998694658, -2631718.538699999451637 ], [ 332763.625199999660254, -2631682.533300001174212 ], [ 332738.455099999904633, -2631607.523200001567602 ], [ 332630.437600001692772, -2631568.061099998652935 ], [ 332539.917899999767542, -2631716.968699999153614 ], [ 332570.865200001746416, -2631791.249200001358986 ], [ 332501.444899998605251, -2631916.631000000983477 ], [ 332451.019600000232458, -2631963.013000000268221 ], [ 332364.142900001257658, -2631975.691599998623133 ], [ 332329.984900001436472, -2632025.260800000280142 ], [ 332310.575599998235703, -2632177.255100000649691 ], [ 332416.42850000038743, -2632322.096400000154972 ], [ 332278.226799998432398, -2632400.533900000154972 ], [ 332228.049699999392033, -2632357.2804000005126 ], [ 332201.703400000929832, -2632406.6570999994874 ], [ 332186.291499998420477, -2632551.196699999272823 ], [ 332260.112500000745058, -2632632.381000000983477 ], [ 332270.650299999862909, -2632748.459100000560284 ], [ 332227.106300000101328, -2632747.801100000739098 ], [ 332182.079700000584126, -2632708.34180000051856 ], [ 332136.517799999564886, -2632774.964099999517202 ], [ 332097.904800001531839, -2632746.774999998509884 ], [ 332035.94819999858737, -2632793.686299998313189 ], [ 331987.892099998891354, -2632730.220199998468161 ], [ 331950.607500001788139, -2632714.059300001710653 ], [ 331942.977800000458956, -2632774.972199998795986 ], [ 331898.425799999386072, -2632791.876200001686811 ], [ 331854.564599998295307, -2632766.063999999314547 ], [ 331835.861699998378754, -2632838.066599998623133 ], [ 331844.810100000351667, -2632909.081599999219179 ], [ 331875.163899999111891, -2632891.349700000137091 ], [ 331888.982599999755621, -2632921.7516999989748 ], [ 331872.100299999117851, -2633015.1875 ], [ 331954.521999999880791, -2633137.933899998664856 ], [ 331921.394200000911951, -2633182.915399998426437 ], [ 331850.157499998807907, -2633194.511500000953674 ], [ 331810.970100000500679, -2633180.308299999684095 ], [ 331813.605500001460314, -2633273.096099998801947 ], [ 331736.342399999499321, -2633277.593499999493361 ], [ 331676.201799999922514, -2633361.648499999195337 ], [ 331651.282499998807907, -2633462.239100001752377 ], [ 331589.564899999648333, -2633465.6858000010252 ], [ 331522.901799999177456, -2633587.032000001519918 ], [ 331462.028900001198053, -2633798.269900001585484 ], [ 331489.280099999159575, -2633834.847500000149012 ], [ 331488.980999998748302, -2633940.101300001144409 ], [ 331454.078200001269579, -2633948.821699999272823 ], [ 331479.286100000143051, -2634045.615299999713898 ], [ 331506.412799999117851, -2634044.826900001615286 ], [ 331511.522100001573563, -2634170.3662 ], [ 331556.409600000828505, -2634178.615200001746416 ], [ 331594.277800001204014, -2634370.362799998372793 ], [ 331628.002300001680851, -2634394.843199998140335 ], [ 331645.347500000149012, -2634446.579900000244379 ], [ 331617.924800001084805, -2634446.492199998348951 ], [ 331668.049300000071526, -2634564.547200001776218 ], [ 331697.062399998307228, -2634578.329500000923872 ], [ 331672.213300000876188, -2634641.423799999058247 ], [ 331752.6706000007689, -2634666.059399999678135 ], [ 331873.509899999946356, -2634648.2212999984622 ], [ 331993.758200000971556, -2634537.433200001716614 ], [ 332050.703099999576807, -2634365.876400001347065 ], [ 332160.977400001138449, -2634307.634199999272823 ], [ 332198.380100000649691, -2634331.64919999986887 ], [ 332225.611600000411272, -2634142.060600001364946 ], [ 332272.286400001496077, -2634156.238699998706579 ], [ 332319.934500001370907, -2634196.276700001209974 ], [ 332368.73369999974966, -2634173.592000000178814 ], [ 332378.474800001829863, -2634060.195900000631809 ], [ 332396.154699999839067, -2634022.292199999094009 ], [ 332442.331900000572205, -2634049.520300000905991 ], [ 332478.116500001400709, -2633961.557700000703335 ], [ 332464.263599999248981, -2633938.003800000995398 ], [ 332505.484000001102686, -2633855.39750000089407 ], [ 332554.456199999898672, -2633832.684000000357628 ], [ 332586.953499998897314, -2633882.503199998289347 ], [ 332649.068599998950958, -2633835.561999998986721 ], [ 332702.775100000202656, -2633755.711199998855591 ], [ 332745.858600001782179, -2633755.510200001299381 ], [ 332775.77760000154376, -2633704.759100001305342 ], [ 332770.455400001257658, -2633654.135499998927116 ], [ 332829.09739999845624, -2633609.340900000184774 ], [ 332829.569699998944998, -2633557.985300000756979 ], [ 332907.323899999260902, -2633540.292899999767542 ], [ 332915.289900001138449, -2633579.289299998432398 ], [ 333007.462000001221895, -2633572.8882 ], [ 333040.00560000166297, -2633546.993700001388788 ], [ 333005.271999999880791, -2633473.991399999707937 ], [ 333039.15819999948144, -2633453.176600001752377 ], [ 333117.5608000010252, -2633484.179000001400709 ], [ 333218.1587999984622, -2633585.331900000572205 ], [ 333196.646499998867512, -2633608.00620000064373 ], [ 333229.181400001049042, -2633666.583799999207258 ], [ 333181.381299998611212, -2633746.497600000351667 ], [ 333139.918499998748302, -2633743.9956 ], [ 333059.545299999415874, -2633804.541299998760223 ], [ 333001.461599998176098, -2633776.210799999535084 ], [ 332963.913899999111891, -2633813.220199998468161 ], [ 332968.230000000447035, -2633874.33729999884963 ], [ 332896.738299999386072, -2633855.561500001698732 ], [ 332913.434900000691414, -2633912.620299998670816 ], [ 332953.803700000047684, -2633924.951900001615286 ], [ 332960.865299999713898, -2633982.317200001329184 ], [ 333009.735800001770258, -2634020.478700000792742 ], [ 333031.106300000101328, -2634081.271699998527765 ], [ 333004.938900001347065, -2634123.674899999052286 ], [ 333021.043400000780821, -2634186.051600001752377 ], [ 332909.427600000053644, -2634343.676300000399351 ], [ 332868.081399999558926, -2634350.608600001782179 ], [ 332732.022199999541044, -2634444.288699999451637 ], [ 332659.039900001138449, -2634388.300900001078844 ], [ 332581.368599999696016, -2634452.02589999884367 ], [ 332465.148899998515844, -2634440.5929000005126 ], [ 332423.107599999755621, -2634474.624200001358986 ], [ 332334.046100001782179, -2634433.658700000494719 ], [ 332327.158700000494719, -2634482.396000001579523 ], [ 332302.907000001519918, -2634456.729800000786781 ], [ 332255.640999998897314, -2634493.125399999320507 ], [ 332150.01410000026226, -2634500.411499999463558 ], [ 332019.039500001817942, -2634651.656199999153614 ], [ 332015.034299999475479, -2634737.4254 ], [ 331901.161499999463558, -2634871.8037 ], [ 331852.548099998384714, -2634855.240499999374151 ], [ 331792.63060000166297, -2634941.10190000012517 ], [ 331739.441300000995398, -2635083.438099998980761 ], [ 331786.80350000038743, -2635129.691300000995398 ], [ 331805.562300000339746, -2635066.451400000602007 ], [ 331840.387699998915195, -2635065.492600001394749 ], [ 331831.667599998414516, -2635137.942800000309944 ], [ 331877.888599999248981, -2635165.178800001740456 ], [ 331947.289500001817942, -2635123.386399999260902 ], [ 331986.848799999803305, -2635148.834800001233816 ], [ 332021.95160000026226, -2635140.081999998539686 ], [ 332079.158300001174212, -2635195.454300001263618 ], [ 332090.964099999517202, -2635286.186299998313189 ], [ 332043.590300001204014, -2635337.407499998807907 ], [ 331990.090599998831749, -2635470.229699999094009 ], [ 331912.061200000345707, -2635540.0121 ], [ 331873.144799999892712, -2635729.357999999076128 ], [ 331834.113400001078844, -2635685.477800000458956 ], [ 331769.419700000435114, -2635654.523400001227856 ], [ 331739.5472999997437, -2635553.070999998599291 ], [ 331708.662900000810623, -2635509.993000000715256 ], [ 331683.304699998348951, -2635547.953600000590086 ], [ 331648.850299999117851, -2635717.5801 ], [ 331737.986200001090765, -2635850.670400001108646 ], [ 331758.779899999499321, -2635786.385299999266863 ], [ 331819.537500001490116, -2636052.664200000464916 ], [ 331848.965199999511242, -2636068.106899999082088 ], [ 331963.397599998861551, -2636351.115600001066923 ], [ 331951.798700001090765, -2636397.829300001263618 ], [ 332204.247699998319149, -2636880.046900000423193 ], [ 332247.825399998575449, -2636914.566100001335144 ], [ 332302.294300001114607, -2637012.923500001430511 ], [ 332407.994500000029802, -2637142.217099998146296 ], [ 332424.330699998885393, -2637243.673700001090765 ], [ 332521.824099998921156, -2637287.007500000298023 ], [ 332678.994699999690056, -2637495.085200000554323 ], [ 332703.505300000309944, -2637809.486900001764297 ], [ 332740.659299999475479, -2637877.874699998646975 ], [ 332713.590900000184774, -2637947.30519999936223 ], [ 332833.473000001162291, -2638100.103999998420477 ], [ 332868.902100000530481, -2638177.38060000166297 ], [ 332872.987900000065565, -2638291.670499999076128 ], [ 332912.664900001138449, -2638361.452799998223782 ], [ 332895.839699998497963, -2638440.186299998313189 ], [ 332718.967199999839067, -2638392.035000000149012 ], [ 332465.641699999570847, -2638289.104200001806021 ], [ 332469.029100000858307, -2638127.824799999594688 ], [ 332437.695500001311302, -2638067.353799998760223 ], [ 332489.116599999368191, -2637819.986600000411272 ], [ 332419.940400000661612, -2637733.861699998378754 ], [ 332276.989199999719858, -2637672.756999999284744 ], [ 332219.880699999630451, -2637556.487100001424551 ], [ 332265.661100000143051, -2637499.300900001078844 ], [ 332247.013300001621246, -2637450.35080000013113 ], [ 332183.568900000303984, -2637394.049499999731779 ], [ 332046.722699999809265, -2637378.215900000184774 ], [ 332004.631599999964237, -2637405.295800000429153 ], [ 331984.85020000115037, -2637465.129599999636412 ], [ 331933.741999998688698, -2637494.132800001651049 ], [ 331918.357799999415874, -2637556.138999998569489 ], [ 331997.193999998271465, -2638050.665399998426437 ], [ 331888.285500001162291, -2637810.382199998944998 ], [ 331814.150499999523163, -2637788.362300001084805 ], [ 331725.724599998444319, -2637825.589400000870228 ], [ 331656.730599999427795, -2637966.494899999350309 ], [ 331623.374200001358986, -2638080.245799999684095 ], [ 331633.686900001019239, -2638194.654500000178814 ], [ 331582.991200000047684, -2638294.046700000762939 ], [ 331580.638399999588728, -2638353.508200000971556 ], [ 331640.146200001239777, -2638432.099500000476837 ], [ 331606.145300000905991, -2638505.117400001734495 ], [ 331612.178599998354912, -2638550.530499998480082 ], [ 331517.931400001049042, -2638716.26969999819994 ], [ 331563.325800001621246, -2638741.006900001317263 ], [ 331584.951799999922514, -2638778.304900001734495 ], [ 331514.398299999535084, -2638945.511799998581409 ], [ 331482.846799999475479, -2638944.23200000077486 ], [ 331430.589899998158216, -2639029.905900001525879 ], [ 331469.750999998301268, -2639124.173900000751019 ], [ 331436.264400001615286, -2639185.720199998468161 ], [ 331474.816700000315905, -2639206.985599998384714 ], [ 331459.713599998503923, -2639240.231199998408556 ], [ 331388.344500001519918, -2639269.145399998873472 ], [ 331387.01410000026226, -2639326.764600001275539 ], [ 331417.420899998396635, -2639369.920499999076128 ], [ 331376.794399999082088, -2639442.85249999910593 ], [ 331309.340599998831749, -2639393.065400000661612 ], [ 331278.529399998486042, -2639410.837999999523163 ], [ 331284.128699999302626, -2639479.675500001758337 ], [ 331223.52760000154376, -2639535.957600001245737 ], [ 331155.469000000506639, -2639529.794199999421835 ], [ 331113.644299998879433, -2639559.325100000947714 ], [ 331090.151799999177456, -2639622.344200000166893 ], [ 331113.695199999958277, -2639708.998100001364946 ], [ 331082.230500001460314, -2639755.462099999189377 ], [ 331130.081000000238419, -2639813.876299999654293 ], [ 331160.823499999940395, -2639818.68189999833703 ], [ 331157.351199999451637, -2639852.174600001424551 ], [ 331181.094900000840425, -2639876.217599999159575 ], [ 331265.823300000280142, -2639878.579 ], [ 331280.73369999974966, -2639734.090999998152256 ], [ 331321.180399999022484, -2639755.123799998313189 ], [ 331365.735800001770258, -2639744.289900001138449 ], [ 331379.125900000333786, -2639822.631900001317263 ], [ 331412.794700000435114, -2639854.888999998569489 ], [ 331463.288600001484156, -2639853.001400001347065 ], [ 331518.638700000941753, -2639807.738600000739098 ], [ 331540.145300000905991, -2639815.418800000101328 ], [ 331581.681699998676777, -2639793.662599999457598 ], [ 331593.90260000154376, -2639755.653099998831749 ], [ 331679.249499998986721, -2639704.91780000180006 ], [ 331712.30970000103116, -2639727.780799999833107 ], [ 331788.961800001561642, -2639665.934399999678135 ], [ 331829.950599998235703, -2639665.113299999386072 ], [ 331875.661800000816584, -2639706.33729999884963 ], [ 331882.0472999997437, -2639771.652699999511242 ], [ 331952.103900000452995, -2639761.938299998641014 ], [ 331958.7652000002563, -2639788.113200001418591 ], [ 331918.883900001645088, -2639833.141600001603365 ], [ 331856.397900000214577, -2639990.574200000613928 ], [ 331861.439399998635054, -2640192.644600000232458 ], [ 331891.84739999845624, -2640220.056600000709295 ], [ 331877.166400000452995, -2640341.951699998229742 ], [ 331842.883799999952316, -2640393.228900000452995 ], [ 331668.219999998807907, -2640526.564599998295307 ], [ 331432.321100000292063, -2640546.608800001442432 ], [ 331377.711300000548363, -2640532.599300000816584 ], [ 331298.927200000733137, -2640428.480599999427795 ], [ 331171.197799999266863, -2640450.653999999165535 ], [ 331041.009199999272823, -2640369.508699998259544 ], [ 330961.789099998772144, -2640405.5471 ], [ 330880.61089999973774, -2640417.437699999660254 ], [ 330725.264699999243021, -2640376.020599998533726 ], [ 330675.2685999982059, -2640427.536800000816584 ], [ 330638.804200001060963, -2640406.913499999791384 ], [ 330616.030799999833107, -2640252.329199999570847 ], [ 330435.609099999070168, -2640213.131700001657009 ], [ 330196.53660000115633, -2640236.995400000363588 ], [ 330084.986200001090765, -2640354.341499999165535 ], [ 329966.136300001293421, -2640444.886300001293421 ], [ 329942.208200000226498, -2640427.93299999833107 ], [ 329943.754999998956919, -2640386.013399999588728 ], [ 329876.180300001055002, -2640390.927400000393391 ], [ 329863.320799998939037, -2640370.760800000280142 ], [ 329943.020100001245737, -2640257.288199998438358 ], [ 329884.761599998921156, -2640228.095199998468161 ], [ 329858.803800001740456, -2640266.102800000458956 ], [ 329747.927700001746416, -2640206.083200000226498 ], [ 329711.302099999040365, -2640208.833099998533726 ], [ 329664.386900000274181, -2640146.071699999272823 ], [ 329567.454300001263618, -2640118.959300000220537 ], [ 329529.565900001674891, -2640171.5669 ], [ 329473.507699999958277, -2640174.229400001466274 ], [ 329424.621500000357628, -2640080.250700000673532 ], [ 329325.707800000905991, -2640076.971000000834465 ], [ 329178.578899998217821, -2640257.071100000292063 ], [ 329197.350400000810623, -2640403.490899998694658 ], [ 329154.702500000596046, -2640476.627000000327826 ], [ 329068.89469999819994, -2640478.660399999469519 ], [ 329042.256299998611212, -2640449.72069999948144 ], [ 328998.682100001722574, -2640472.589000001549721 ], [ 328954.605799999088049, -2640444.114 ], [ 328957.476599998772144, -2640408.195900000631809 ], [ 328749.794900000095367, -2640244.383299998939037 ], [ 328781.609499998390675, -2640158.6919 ], [ 328780.463599998503923, -2640029.226799998432398 ], [ 328669.759500000625849, -2639985.675299998372793 ], [ 328573.030200000852346, -2639982.904800001531839 ], [ 328523.376499999314547, -2640034.338899999856949 ], [ 328484.531300000846386, -2640027.885899998247623 ], [ 328484.704500000923872, -2639899.964400000870228 ], [ 328447.136700000613928, -2639895.068599998950958 ], [ 328418.543000001460314, -2639913.448399998247623 ], [ 328346.708299998193979, -2639899.8147 ], [ 328327.185499999672174, -2639995.253100000321865 ], [ 328229.968299999833107, -2639974.27930000051856 ], [ 328101.878400001674891, -2640082.42339999973774 ], [ 327990.240299999713898, -2640224.064300000667572 ], [ 327943.13569999858737, -2640262.970600001513958 ], [ 327878.517700001597404, -2640278.860100001096725 ], [ 327861.916499998420477, -2640330.508600000292063 ], [ 327900.784800000488758, -2640391.795099999755621 ], [ 327887.421599999070168, -2640456.82209999859333 ], [ 327809.007199998944998, -2640512.724399998784065 ], [ 327731.887299999594688, -2640611.885099999606609 ], [ 327713.820000000298023, -2640727.995299998670816 ], [ 327746.967000000178814, -2640766.516600001603365 ], [ 327822.400600001215935, -2640691.045099999755621 ], [ 327858.371199999004602, -2640724.8772 ], [ 327827.119899999350309, -2640805.2331000007689 ], [ 327873.943599998950958, -2640858.5793999992311 ], [ 327878.158399999141693, -2640930.21000000089407 ], [ 327799.49269999936223, -2640960.83390000090003 ], [ 327721.956599999219179, -2640933.072200000286102 ], [ 327664.728300001472235, -2640987.130800001323223 ], [ 327617.088899999856949, -2641079.2162000015378 ], [ 327635.212200000882149, -2641111.730099998414516 ], [ 327722.900400001555681, -2641110.428800001740456 ], [ 327750.663100000470877, -2641190.4232 ], [ 327832.544300001114607, -2641306.32319999858737 ], [ 327929.323499999940395, -2641309.13230000063777 ], [ 328099.156599998474121, -2641401.120400000363588 ], [ 328119.145599998533726, -2641434.3125 ], [ 328085.409800000488758, -2641464.608899999409914 ], [ 328044.729400001466274, -2641466.126400001347065 ], [ 327945.821600001305342, -2641417.534099999815226 ], [ 327921.45890000090003, -2641379.635400000959635 ], [ 327837.865699999034405, -2641351.826400000602007 ], [ 327757.388099998235703, -2641382.6743 ], [ 327646.999099999666214, -2641395.460400000214577 ], [ 327605.502199999988079, -2641453.727800000458956 ], [ 327608.070900000631809, -2641475.973999999463558 ], [ 327562.262299999594688, -2641528.620200000703335 ], [ 327704.204900000244379, -2641578.833200000226498 ], [ 327755.573300000280142, -2641627.287900000810623 ], [ 327905.340500000864267, -2641646.888999998569489 ], [ 327929.897199999541044, -2641713.482099998742342 ], [ 328074.156300000846386, -2641780.72239999845624 ], [ 327996.219700001180172, -2641806.136500000953674 ], [ 328025.721000000834465, -2641892.865699999034405 ], [ 328103.121399998664856, -2642006.817800000309944 ], [ 328067.909800000488758, -2642094.630899999290705 ], [ 328066.485300000756979, -2642143.478300001472235 ], [ 328004.16609999909997, -2642215.614100001752377 ], [ 328011.047899998724461, -2642243.492499999701977 ], [ 327991.180300001055002, -2642289.390900000929832 ], [ 328037.623599998652935, -2642303.6875 ], [ 328007.668999999761581, -2642371.694400001317263 ], [ 327966.116099998354912, -2642370.804400000721216 ], [ 327931.9206000007689, -2642476.734900001436472 ], [ 327996.765999998897314, -2642493.985399998724461 ], [ 328033.644799999892712, -2642571.142900001257658 ], [ 328104.916700001806021, -2642549.184999998658895 ], [ 328290.564599998295307, -2642602.731600001454353 ], [ 328293.571899998933077, -2642645.78999999910593 ], [ 328255.115299999713898, -2642665.3871 ], [ 328259.716699998825788, -2642683.968100000172853 ], [ 328319.537799999117851, -2642687.81529999896884 ], [ 328352.267299998551607, -2642725.475400000810623 ], [ 328432.648699998855591, -2642748.54619999974966 ], [ 328546.560699999332428, -2642733.472800001502037 ], [ 328546.913499999791384, -2642766.488000001758337 ], [ 328422.810499999672174, -2642802.772999998182058 ], [ 328312.208799999207258, -2642799.981100000441074 ], [ 328189.57490000128746, -2642826.617800001055002 ], [ 328055.525299999862909, -2642934.5691 ], [ 327874.7162000015378, -2643026.541999999433756 ], [ 327886.404100000858307, -2643066.010600000619888 ], [ 327942.727400001138449, -2643111.112199999392033 ], [ 327870.92339999973774, -2643153.086899999529123 ], [ 327921.199000000953674, -2643198.140500001609325 ], [ 327895.881499998271465, -2643442.257500000298023 ], [ 327926.809399999678135, -2643456.660599999129772 ], [ 327956.593899998813868, -2643434.734299998730421 ], [ 327981.232400000095367, -2643477.729299999773502 ], [ 327954.90260000154376, -2643521.921100001782179 ], [ 327996.804499998688698, -2643580.217000000178814 ], [ 328019.963799998164177, -2643657.36259999871254 ], [ 327927.778299998492002, -2643712.229299999773502 ], [ 328234.698800001293421, -2643810.713500000536442 ], [ 328185.239700000733137, -2643848.201400000602007 ], [ 328159.75730000063777, -2643951.329100001603365 ], [ 328205.740100000053644, -2643947.337600000202656 ], [ 328236.4386, -2643912.291600000113249 ], [ 328215.136900000274181, -2643890.543600000441074 ], [ 328232.227000001817942, -2643864.022799998521805 ], [ 328303.640799999237061, -2643844.7837999984622 ], [ 328298.597600001841784, -2643785.337699998170137 ], [ 328332.561700001358986, -2643684.559999998658895 ], [ 328311.794399999082088, -2643632.426399998366833 ], [ 328359.418600000441074, -2643587.296900000423193 ], [ 328432.254900000989437, -2643605.265999998897314 ], [ 328448.779399998486042, -2643631.932100001722574 ], [ 328386.864700000733137, -2643683.057700000703335 ], [ 328386.922200001776218, -2643706.533100001513958 ], [ 328457.1875, -2643728.246300000697374 ], [ 328494.121500000357628, -2643671.440699998289347 ], [ 328506.922100000083447, -2643613.426300000399351 ], [ 328557.754900000989437, -2643581.005899999290705 ], [ 328601.041999999433756, -2643621.682700000703335 ], [ 328652.316700000315905, -2643630.126499999314547 ], [ 328660.993000000715256, -2643696.868700001388788 ], [ 328553.968100000172853, -2643802.397900000214577 ], [ 328551.109999999403954, -2643854.05460000038147 ], [ 328646.019999999552965, -2643872.696899998933077 ], [ 328581.344999998807907, -2644006.819400001317263 ], [ 328550.131299998611212, -2643998.498599998652935 ], [ 328529.592599999159575, -2644066.259100001305342 ], [ 328471.495999999344349, -2644053.522700000554323 ], [ 328390.196299999952316, -2644144.446800000965595 ], [ 328385.588700000196695, -2644196.433600001037121 ], [ 328317.383799999952316, -2644214.360599998384714 ], [ 328198.120999999344349, -2644388.417599998414516 ], [ 328190.240100000053644, -2644458.939800001680851 ], [ 328156.903400000184774, -2644514.372400000691414 ], [ 328171.606899999082088, -2644542.19310000166297 ], [ 328143.130399998277426, -2644569.205699998885393 ], [ 328153.563200000673532, -2644611.341400001198053 ], [ 328129.991599999368191, -2644666.476300001144409 ], [ 328210.337499998509884, -2644713.056600000709295 ], [ 328255.413199998438358, -2644783.956300001591444 ], [ 328270.586199998855591, -2644876.000300001353025 ], [ 328216.500300001353025, -2644872.223299998790026 ], [ 328163.958700001239777, -2644817.877300001680851 ], [ 328086.878100000321865, -2644816.147199999541044 ], [ 328018.114500001072884, -2644854.319299999624491 ], [ 328155.22859999909997, -2644956.438200000673532 ], [ 328146.353100001811981, -2644991.400100000202656 ], [ 328379.379599999636412, -2645045.129900000989437 ], [ 328402.83049999922514, -2645076.987300001084805 ], [ 328397.153299998492002, -2645117.7007 ], [ 328130.956000000238419, -2645213.439100001007318 ], [ 328148.665600001811981, -2645308.591600000858307 ], [ 328249.385800000280142, -2645357.886100001633167 ], [ 328219.737199999392033, -2645404.200399998575449 ], [ 328090.670200001448393, -2645413.25620000064373 ], [ 328016.873700000345707, -2645621.5713 ], [ 328086.482200000435114, -2645680.771299999207258 ], [ 328072.076799999922514, -2645740.807599999010563 ], [ 328190.763399999588728, -2645744.331700000911951 ], [ 328143.492199998348951, -2645878.102099999785423 ], [ 328106.129999998956919, -2646097.51240000128746 ], [ 328052.910000000149012, -2646119.839999999850988 ], [ 328044.965799998492002, -2646269.48759999871254 ], [ 328023.352800000458956, -2646315.710400000214577 ], [ 328088.234700001776218, -2646446.755300000309944 ], [ 328054.873399998992682, -2646545.741599999368191 ], [ 328081.041700001806021, -2646587.751400001347065 ], [ 328079.94310000166297, -2646684.446800000965595 ], [ 328041.662599999457598, -2646678.705600000917912 ], [ 328010.159000001847744, -2646714.758499998599291 ], [ 327963.50789999961853, -2646729.3224 ], [ 327907.876200001686811, -2646700.531399998813868 ], [ 327767.618900001049042, -2646975.31700000166893 ], [ 327788.342099998146296, -2647012.765000000596046 ], [ 327720.467099998146296, -2647143.840300001204014 ], [ 327726.949400000274181, -2647200.383699998259544 ], [ 327668.0456000007689, -2647352.108199998736382 ], [ 327659.577399998903275, -2647449.725299999117851 ], [ 327728.175999999046326, -2647422.877900000661612 ], [ 327689.229899998754263, -2647484.240699999034405 ], [ 327689.781599998474121, -2647569.443900000303984 ], [ 327668.496800001710653, -2647617.337699998170137 ], [ 327692.608399998396635, -2647651.7511 ], [ 327785.203600000590086, -2647581.119199998676777 ], [ 327809.266600001603365, -2647592.052999999374151 ], [ 327770.862199999392033, -2647640.355799999088049 ], [ 327825.090500000864267, -2647732.709600001573563 ], [ 327717.577799998223782, -2647830.378499999642372 ], [ 327731.099500000476837, -2647868.729200001806021 ], [ 327705.750300001353025, -2647891.010899998247623 ], [ 327741.958799999207258, -2648160.49100000038743 ], [ 327788.575699999928474, -2648191.318500000983477 ], [ 327776.563999999314547, -2648291.072000000625849 ], [ 327800.2956000007689, -2648378.538899999111891 ], [ 327764.696199998259544, -2648367.335700001567602 ], [ 327777.522999998182058, -2648425.827199999243021 ], [ 327749.181099999696016, -2648476.3026 ], [ 327844.297899998724461, -2648561.895700000226498 ], [ 327873.77479999884963, -2648619.120400000363588 ], [ 327911.222300000488758, -2648567.519600000232458 ], [ 327916.715399999171495, -2648643.339099999517202 ], [ 327863.120099999010563, -2648660.461300000548363 ], [ 327870.114199999719858, -2648728.343499999493361 ], [ 327905.962900001555681, -2648808.271699998527765 ], [ 327971.393800001591444, -2648745.334100000560284 ], [ 327987.863299999386072, -2648687.654100000858307 ], [ 328053.275800000876188, -2648732.571199998259544 ], [ 328010.647199999541044, -2648778.775100000202656 ], [ 328029.656500000506639, -2648800.710799999535084 ], [ 328030.205400001257658, -2648841.57039999961853 ], [ 328049.835799999535084, -2648858.285599999129772 ], [ 328066.284200001507998, -2648823.194600000977516 ], [ 328094.307199999690056, -2648850.159400001168251 ], [ 328082.336399998515844, -2648942.960099998861551 ], [ 328116.38459999859333, -2648984.806000001728535 ], [ 328074.131000000983477, -2649071.899300001561642 ], [ 328067.762699998915195, -2649147.475699998438358 ], [ 328013.60020000115037, -2649132.405799999833107 ], [ 327978.18189999833703, -2649160.285000000149012 ], [ 327922.2939000017941, -2649254.192299999296665 ], [ 327930.351199999451637, -2649387.153000000864267 ], [ 327866.33500000089407, -2649349.015900000929832 ], [ 327734.183699999004602, -2649533.188299998641014 ], [ 327725.981300000101328, -2649607.28770000115037 ], [ 327748.936900001019239, -2649760.981899999082088 ], [ 327818.82880000025034, -2649926.314300000667572 ], [ 327789.835499998182058, -2649948.149099998176098 ], [ 327800.517400000244379, -2649999.952500000596046 ], [ 327826.175700001418591, -2650008.8596 ], [ 327903.640599999576807, -2650141.109999999403954 ], [ 327991.007599998265505, -2650204.294399999082088 ], [ 327953.633000001311302, -2650310.620400000363588 ], [ 327894.318599998950958, -2650329.241399999707937 ], [ 327894.7331000007689, -2650424.052000001072884 ], [ 327940.605099998414516, -2650453.155000001192093 ], [ 327943.576099999248981, -2650510.243000000715256 ], [ 327981.607400000095367, -2650562.894000001251698 ], [ 327957.216099999845028, -2650579.818399999290705 ], [ 327900.686599999666214, -2650524.222199998795986 ], [ 327835.118700001388788, -2650618.410999998450279 ], [ 327857.662300001829863, -2650679.125799998641014 ], [ 327852.331599999219179, -2650780.685100000351667 ], [ 327808.625300001353025, -2650946.16609999909997 ], [ 327815.538899999111891, -2651138.45890000090003 ], [ 327940.592700000852346, -2651211.688700001686811 ], [ 327914.038499999791384, -2651261.038400001823902 ], [ 327917.824200000613928, -2651337.986200001090765 ], [ 327959.94649999961257, -2651429.347800001502037 ], [ 327995.238099999725819, -2651414.607500001788139 ], [ 328083.358199998736382, -2651287.978100001811981 ], [ 328110.963199999183416, -2650886.985100001096725 ], [ 328132.763000000268221, -2650896.488099999725819 ], [ 328174.711500000208616, -2650979.200800001621246 ], [ 328177.345800001174212, -2651044.093400001525879 ], [ 328206.262600000947714, -2651043.139499999582767 ], [ 328233.500999998301268, -2651012.743200000375509 ], [ 328312.298900000751019, -2651041.291700001806021 ], [ 328324.385999999940395, -2651091.109499998390675 ], [ 328246.659400001168251, -2651282.589699998497963 ], [ 328273.0489999987185, -2651310.55799999833107 ], [ 328250.015999998897314, -2651382.162200000137091 ], [ 328262.375799998641014, -2651431.145300000905991 ], [ 328282.045699998736382, -2651432.127900000661612 ], [ 328301.117199998348951, -2651477.6587999984622 ], [ 328349.48930000141263, -2651484.661899998784065 ], [ 328425.438799999654293, -2651463.967599999159575 ], [ 328469.766100000590086, -2651532.3614999987185 ], [ 328574.902699999511242, -2651589.802499998360872 ], [ 328490.09569999948144, -2651699.513999998569489 ], [ 328393.619600001722574, -2651754.105000000447035 ], [ 328306.043400000780821, -2651830.161299999803305 ], [ 328307.600299999117851, -2651867.375599998980761 ], [ 328241.326200000941753, -2651959.153799999505281 ], [ 328230.266800001263618, -2652101.445300001651049 ], [ 328291.496599998325109, -2652144.263099998235703 ], [ 328248.652300000190735, -2652205.214400000870228 ], [ 328274.915699999779463, -2652481.195500001311302 ], [ 328309.431600000709295, -2652510.910700000822544 ], [ 328380.551600001752377, -2652455.126899998635054 ], [ 328373.158100001513958, -2652627.418400000780821 ], [ 328404.017099998891354, -2652657.575300000607967 ], [ 328445.191599998623133, -2652621.116500001400709 ], [ 328468.444299999624491, -2652666.9276 ], [ 328561.793000001460314, -2652560.619199998676777 ], [ 328536.420099999755621, -2652528.0702 ], [ 328607.405799999833107, -2652526.228000000119209 ], [ 328669.757800001651049, -2652434.927400000393391 ], [ 328686.182700000703335, -2652376.336500000208616 ], [ 328793.383900001645088, -2652332.603000000119209 ], [ 328798.793200001120567, -2652269.329100001603365 ], [ 328844.41440000012517, -2652288.875100001692772 ], [ 328883.462799999862909, -2652220.529100000858307 ], [ 328912.796300001442432, -2652221.337099999189377 ], [ 328982.521699998527765, -2652151.798000000417233 ], [ 328988.324000000953674, -2652120.5143 ], [ 329158.208399999886751, -2652011.636599998921156 ], [ 329201.110300000756979, -2652035.0449 ], [ 329172.408700000494719, -2652068.141100000590086 ], [ 329226.1739999987185, -2652112.785199999809265 ], [ 329238.003199998289347, -2652089.534400001168251 ], [ 329285.885999999940395, -2652102.743999999016523 ], [ 329273.9527000002563, -2652125.09739999845624 ], [ 329322.219799999147654, -2652155.700800001621246 ], [ 329387.720300000160933, -2652092.726300001144409 ], [ 329406.363499999046326, -2652098.2787000015378 ], [ 329353.50620000064373, -2652204.041799999773502 ], [ 329375.809999998658895, -2652262.16160000115633 ], [ 329435.994699999690056, -2652193.793200001120567 ], [ 329491.815699998289347, -2652175.459699999541044 ], [ 329472.380499999970198, -2652215.386 ], [ 329508.917300000786781, -2652252.580800000578165 ], [ 329588.213500000536442, -2652159.152100000530481 ], [ 329616.445500001311302, -2652155.636700000613928 ], [ 329632.662000000476837, -2652197.982099998742342 ], [ 329595.345899999141693, -2652242.645899999886751 ], [ 329616.709800001233816, -2652327.906800001859665 ], [ 329598.074000000953674, -2652392.818500000983477 ], [ 329650.453000001609325, -2652439.447900000959635 ], [ 329641.976599998772144, -2652684.06810000166297 ], [ 329550.659000001847744, -2652776.26069999858737 ], [ 329540.49549999833107, -2652883.693300001323223 ], [ 329362.012200001627207, -2653160.825199998915195 ], [ 329479.964499998837709, -2653190.541499998420477 ], [ 329519.711599998176098, -2653163.818500000983477 ], [ 329517.636700000613928, -2653132.721400000154972 ], [ 329437.17680000141263, -2653143.620999999344349 ], [ 329442.595499999821186, -2653110.7949 ], [ 329474.575100000947714, -2653076.377700001001358 ], [ 329552.557799998670816, -2653070.1114999987185 ], [ 329625.055599998682737, -2653121.198300000280142 ], [ 329688.125399999320507, -2653264.6858000010252 ], [ 329644.769999999552965, -2653432.790600001811981 ], [ 329595.867400001734495, -2653491.096099998801947 ], [ 329541.737900000065565, -2653516.068599998950958 ], [ 329420.203499998897314, -2653463.306499999016523 ], [ 329388.274599999189377, -2653475.025800000876188 ], [ 329396.417399998754263, -2653546.3081 ], [ 329456.461599998176098, -2653593.591400001198053 ], [ 329546.81700000166893, -2653760.719399999827147 ], [ 329587.685600001364946, -2653932.276000000536442 ], [ 329625.8412000015378, -2654008.500500001013279 ], [ 329782.730700001120567, -2653945.4496 ], [ 329736.040199998766184, -2654030.3885000012815 ], [ 329740.399999998509884, -2654234.317200001329184 ], [ 329716.506299998611212, -2654270.353100001811981 ], [ 329794.43189999833703, -2654357.255800001323223 ], [ 329855.017499998211861, -2654258.387800000607967 ], [ 329837.356899999082088, -2654218.847699999809265 ], [ 329866.872999999672174, -2654151.657299999147654 ], [ 329895.011500000953674, -2654155.920299999415874 ], [ 329996.188200000673532, -2654050.287300001829863 ], [ 330018.129099998623133, -2653997.156800001859665 ], [ 330054.674100000411272, -2654003.900699999183416 ], [ 330123.841699998825788, -2653923.910399999469519 ], [ 330156.672100000083447, -2653931.112300001084805 ], [ 330091.023699998855591, -2654102.929900001734495 ], [ 330105.997600000351667, -2654116.684099998325109 ], [ 330065.017099998891354, -2654200.922400001436472 ], [ 330091.763700000941753, -2654369.906399998813868 ], [ 330144.684999998658895, -2654410.304699998348951 ], [ 330215.863499999046326, -2654408.408599998801947 ], [ 330239.24210000038147, -2654387.260200001299381 ], [ 330284.050999999046326, -2654411.2212999984622 ], [ 330348.321100000292063, -2654513.721200000494719 ], [ 330398.894299998879433, -2654529.215900000184774 ], [ 330401.965999998152256, -2654604.55460000038147 ], [ 330447.261500000953674, -2654629.362100001424551 ], [ 330454.517900001257658, -2654658.906800001859665 ], [ 330435.155600000172853, -2654690.855999998748302 ], [ 330407.934300001710653, -2654689.905000001192093 ], [ 330325.05519999936223, -2654590.627500001341105 ], [ 330255.003499999642372, -2654634.922800000756979 ], [ 330171.094700001180172, -2654609.788499999791384 ], [ 330134.653999999165535, -2654726.527699999511242 ], [ 330155.040800001472235, -2654793.554999999701977 ], [ 330083.142900001257658, -2654865.110599998384714 ], [ 329929.461100000888109, -2654913.855900000780821 ], [ 329935.871899999678135, -2654978.293000001460314 ], [ 329980.612199999392033, -2654994.513900000602007 ], [ 330060.638000000268221, -2654958.453899998217821 ], [ 330041.391699999570847, -2655113.999000001698732 ], [ 330048.676399998366833, -2655213.104400001466274 ], [ 330009.717999998480082, -2655218.857900001108646 ], [ 330002.245999999344349, -2655259.817800000309944 ], [ 330021.532900001853704, -2655305.198399998247623 ], [ 330143.433699999004602, -2655430.999499998986721 ], [ 330188.102600000798702, -2655430.69990000128746 ], [ 330207.211199998855591, -2655336.063799999654293 ], [ 330264.695099998265505, -2655333.241599999368191 ], [ 330262.108399998396635, -2655400.621300000697374 ], [ 330217.059300001710653, -2655467.125799998641014 ], [ 330242.680599998682737, -2655556.1985 ], [ 330303.812699999660254, -2655645.071899998933077 ], [ 330340.380100000649691, -2655628.4353 ], [ 330428.503400001674891, -2655664.462699998170137 ], [ 330469.530299998819828, -2655781.956000000238419 ], [ 330453.180900000035763, -2655793.564500000327826 ], [ 330414.886799998581409, -2655780.08500000089407 ], [ 330382.274999998509884, -2655695.413400001823902 ], [ 330291.861000001430511, -2655690.124899998307228 ], [ 330273.754000000655651, -2655664.5456000007689 ], [ 330218.947900000959635, -2655646.959699999541044 ], [ 330227.60700000077486, -2655712.02589999884367 ], [ 330279.99100000038743, -2655720.335400000214577 ], [ 330241.703299999237061, -2655815.540899999439716 ], [ 330252.744300000369549, -2655905.508400000631809 ], [ 330292.787200000137091, -2656019.708299998193979 ], [ 330278.576799999922514, -2656048.505100000649691 ], [ 330414.173599999397993, -2656110.784200001507998 ], [ 330479.12779999896884, -2656091.411200001835823 ], [ 330561.085700001567602, -2655962.03489999845624 ], [ 330631.135299999266863, -2656049.00730000063777 ], [ 330618.510499998927116, -2656075.776799999177456 ], [ 330535.573399998247623, -2656022.574700001627207 ], [ 330519.387499999254942, -2656067.243500001728535 ], [ 330639.549800001084805, -2656136.683400001376867 ], [ 330680.446299999952316, -2656183.8202 ], [ 330790.809300001710653, -2656191.866999998688698 ], [ 330866.162599999457598, -2656230.269000001251698 ], [ 330892.950399998575449, -2656306.988499999046326 ], [ 330868.968400001525879, -2656504.885499998927116 ], [ 330923.423300001770258, -2656568.583599999547005 ], [ 330929.152300000190735, -2656621.815999999642372 ], [ 330955.820799998939037, -2656667.308299999684095 ], [ 330928.119600001722574, -2656742.03999999910593 ], [ 330951.792700000107288, -2656774.784499999135733 ], [ 330926.253299999982119, -2656796.216699998825788 ], [ 330961.745799999684095, -2656830.118200000375509 ], [ 330964.624200001358986, -2656888.035300001502037 ], [ 330891.134799998253584, -2656880.653900001198053 ], [ 330860.158100001513958, -2656950.661699999123812 ], [ 330814.607200000435114, -2656946.747600000351667 ], [ 330764.624200001358986, -2657063.483199998736382 ], [ 330619.179400000721216, -2657101.552499998360872 ], [ 330637.356600001454353, -2657150.719700001180172 ], [ 330509.370099999010563, -2657127.412200000137091 ], [ 330471.91270000115037, -2657085.991099998354912 ], [ 330406.390399999916553, -2657164.630100000649691 ], [ 330429.096799999475479, -2657240.042399998754263 ], [ 330398.22239999845624, -2657302.269900001585484 ], [ 330341.730999998748302, -2657285.802000001072884 ], [ 330288.859099999070168, -2657298.412099998444319 ], [ 330278.784299999475479, -2657351.904199998825788 ], [ 330247.716299999505281, -2657350.515799999237061 ], [ 330181.085999999195337, -2657410.120099999010563 ], [ 330164.290399998426437, -2657514.84739999845624 ], [ 330189.817499998956919, -2657777.981300000101328 ], [ 330252.050999999046326, -2657919.079900000244379 ], [ 330263.470600001513958, -2657980.272700000554323 ], [ 330244.396000001579523, -2658012.183899998664856 ], [ 330265.302200000733137, -2658096.601799998432398 ], [ 330292.500700000673532, -2658120.252599999308586 ], [ 330288.795899998396635, -2658159.83390000090003 ], [ 330193.22690000012517, -2658171.705299999564886 ], [ 330202.4087999984622, -2658107.9543999992311 ], [ 330159.749200001358986, -2658091.468100000172853 ], [ 330155.841899998486042, -2658146.814399998635054 ], [ 330112.582800000905991, -2658213.8882 ], [ 330178.193399999290705, -2658258.879900000989437 ], [ 330171.883400000631809, -2658280.535300001502037 ], [ 330136.726399999111891, -2658270.986600000411272 ], [ 330113.589299999177456, -2658310.356300000101328 ], [ 330111.190200001001358, -2658370.75899999961257 ], [ 330158.499000001698732, -2658366.594700001180172 ], [ 330190.319600000977516, -2658424.455800000578165 ], [ 330248.976599998772144, -2658417.976700000464916 ], [ 330273.407200001180172, -2658469.796599999070168 ], [ 330320.705899998545647, -2658426.508499998599291 ], [ 330358.987199999392033, -2658425.1765 ], [ 330387.253400001674891, -2658383.451499998569489 ], [ 330381.67509999871254, -2658330.200100000947714 ], [ 330410.023200001567602, -2658280.492400001734495 ], [ 330452.8918999992311, -2658327.392000000923872 ], [ 330457.525800000876188, -2658299.901900000870228 ], [ 330524.021000001579523, -2658263.690900001674891 ], [ 330579.59569999948144, -2658191.543400000780821 ], [ 330669.08729999884963, -2658045.600600000470877 ], [ 330689.953499998897314, -2658060.340399999171495 ], [ 330707.7956000007689, -2658030.296100001782179 ], [ 330741.914200000464916, -2658050.460999999195337 ], [ 330736.569400001317263, -2658091.156800001859665 ], [ 330775.092500001192093, -2658253.4529 ], [ 330751.019600000232458, -2658304.2357 ], [ 330697.245900001376867, -2658337.036200001835823 ], [ 330671.882399998605251, -2658321.030600000172853 ], [ 330677.969999998807907, -2658306.362100001424551 ], [ 330650.530000001192093, -2658305.4441 ], [ 330666.131700001657009, -2658274.761 ], [ 330652.473000001162291, -2658219.891800001263618 ], [ 330550.352600000798702, -2658261.327599998563528 ], [ 330550.617800001055002, -2658292.664200000464916 ], [ 330674.356199998408556, -2658353.806000001728535 ], [ 330676.923099998384714, -2658380.516699999570847 ], [ 330621.589600000530481, -2658397.770500000566244 ], [ 330550.810300000011921, -2658340.426100000739098 ], [ 330432.933600001037121, -2658379.491300001740456 ], [ 330408.871899999678135, -2658430.385000001639128 ], [ 330405.390599999576807, -2658502.094000000506639 ], [ 330324.522100001573563, -2658503.472100000828505 ], [ 330287.901999998837709, -2658605.429999999701977 ], [ 330245.221400000154972, -2658604.679299999028444 ], [ 330200.417899999767542, -2658673.777399998158216 ], [ 330208.072500001639128, -2658735.435199998319149 ], [ 330152.22239999845624, -2658728.463899999856949 ], [ 330040.750300001353025, -2658887.598099999129772 ], [ 329996.293800000101328, -2659081.069899998605251 ], [ 329953.799899999052286, -2659051.557100001722574 ], [ 329913.972699999809265, -2659062.549100000411272 ], [ 329898.747800000011921, -2659171.524599999189377 ], [ 329921.4679000005126, -2659185.250900000333786 ], [ 329899.648200001567602, -2659249.808800000697374 ], [ 329708.699599999934435, -2659240.261300001293421 ], [ 329706.416600000113249, -2659231.076299998909235 ], [ 329676.341699998825788, -2659238.643399998545647 ], [ 329651.569499999284744, -2659237.404800001531839 ], [ 329650.107200000435114, -2659198.831500001251698 ], [ 329709.081000000238419, -2659187.184099998325109 ], [ 329760.139400001615286, -2659229.556400001049042 ], [ 329784.433200001716614, -2659209.206500001251698 ], [ 329803.494500000029802, -2659131.105200000107288 ], [ 329818.958299998193979, -2659154.397399999201298 ], [ 329886.275100000202656, -2658982.498500000685453 ], [ 329871.890700001269579, -2658947.788699999451637 ], [ 329912.438799999654293, -2658861.777800001204014 ], [ 329931.953200001269579, -2658869.852899998426437 ], [ 329958.131599999964237, -2658843.104400001466274 ], [ 329940.265900000929832, -2658794.799199998378754 ], [ 330005.834899999201298, -2658670.105599999427795 ], [ 330031.766499999910593, -2658417.120200000703335 ], [ 330062.045699998736382, -2658352.453299999237061 ], [ 330010.946299999952316, -2658194.337999999523163 ], [ 330007.394499998539686, -2658133.876800000667572 ], [ 330037.644999999552965, -2658106.632599998265505 ], [ 330001.612199999392033, -2658055.449700001627207 ], [ 330006.956799998879433, -2657984.308800000697374 ], [ 329912.902699999511242, -2657955.954599998891354 ], [ 329939.672800000756979, -2657908.264499999582767 ], [ 329921.024099998176098, -2657872.255399998277426 ], [ 329960.884899999946356, -2657862.066599998623133 ], [ 329972.061000000685453, -2657812.887200001627207 ], [ 329937.786899998784065, -2657761.374200001358986 ], [ 329885.436599999666214, -2657730.465199999511242 ], [ 329902.690699998289347, -2657659.666299998760223 ], [ 329992.907299999147654, -2657633.644999999552965 ], [ 329999.371899999678135, -2657551.073100000619888 ], [ 329954.030699998140335, -2657537.538199998438358 ], [ 329977.863000001758337, -2657480.636799998581409 ], [ 329921.989000000059605, -2657325.741599999368191 ], [ 329912.440699998289347, -2657202.511199999600649 ], [ 329872.160799998790026, -2657150.027699999511242 ], [ 329792.988699998706579, -2657159.054499998688698 ], [ 329809.508299998939037, -2657131.684999998658895 ], [ 329784.814100001007318, -2657094.729699999094009 ], [ 329886.097100000828505, -2656996.050500001758337 ], [ 329906.069299999624491, -2656921.37950000166893 ], [ 329872.528299998492002, -2656918.590900000184774 ], [ 329911.290500000119209, -2656872.030999999493361 ], [ 329888.418800000101328, -2656842.599899999797344 ], [ 329918.865800000727177, -2656810.190099999308586 ], [ 329851.082699999213219, -2656491.424699999392033 ], [ 329793.2331000007689, -2656446.372600000351667 ], [ 329810.980000000447035, -2656292.839499998837709 ], [ 329697.375700000673532, -2656131.201499998569489 ], [ 329650.029599998146296, -2656136.165699999779463 ], [ 329613.942999999970198, -2656178.04839999973774 ], [ 329630.779599998146296, -2656190.788400001823902 ], [ 329625.670000001788139, -2656217.530699998140335 ], [ 329554.228000000119209, -2656271.560600001364946 ], [ 329458.651399999856949, -2656439.193 ], [ 329469.524000000208616, -2656552.68189999833703 ], [ 329436.491999998688698, -2656615.055399999022484 ], [ 329450.163699999451637, -2656654.30009999871254 ], [ 329422.382500000298023, -2656666.414099998772144 ], [ 329405.108500000089407, -2656628.524099998176098 ], [ 329310.955600000917912, -2656568.919799998402596 ], [ 329278.808299999684095, -2656587.615299999713898 ], [ 329286.352800000458956, -2656648.494199998676777 ], [ 329235.190099999308586, -2656692.241999998688698 ], [ 329256.029100000858307, -2656729.690400000661612 ], [ 329291.697599999606609, -2656732.221799999475479 ], [ 329322.563000001013279, -2656871.060699999332428 ], [ 329230.601599998772144, -2656905.954300001263618 ], [ 329210.467799998819828, -2656965.011100001633167 ], [ 329249.432100001722574, -2657246.419100001454353 ], [ 329278.708799999207258, -2657285.44819999858737 ], [ 329319.294300001114607, -2657292.620700001716614 ], [ 329414.583700001239777, -2657255.605099998414516 ], [ 329433.212200000882149, -2657268.011300001293421 ], [ 329406.835499998182058, -2657301.721799999475479 ], [ 329285.356899999082088, -2657357.726199999451637 ], [ 329239.611400000751019, -2657338.189399998635054 ], [ 329167.451099999248981, -2657414.073399998247623 ], [ 329194.305100001394749, -2657474.260400000959635 ], [ 329187.579500000923872, -2657556.063000001013279 ], [ 329139.652300000190735, -2657624.61259999871254 ], [ 329127.804299999028444, -2657797.481199998408556 ], [ 329201.406500000506639, -2657984.066599998623133 ], [ 329252.537399999797344, -2658002.140700001269579 ], [ 329241.035599999129772, -2658034.008200000971556 ], [ 329258.770599998533726, -2658104.9206000007689 ], [ 329164.175799999386072, -2658098.388799998909235 ], [ 329161.334399998188019, -2658040.465700000524521 ], [ 329128.593800000846386, -2657979.170499999076128 ], [ 329141.905999999493361, -2657961.893399998545647 ], [ 329100.445199999958277, -2657873.973299998790026 ], [ 329050.65819999948144, -2657907.049100000411272 ], [ 329037.244699999690056, -2657962.653999999165535 ], [ 329011.441500000655651, -2657967.675299998372793 ], [ 328969.971700001507998, -2658018.873599998652935 ], [ 328949.871899999678135, -2658139.6261 ], [ 328984.374699998646975, -2658216.324200000613928 ], [ 328750.236200001090765, -2658518.53830000013113 ], [ 328820.825899999588728, -2658615.868299998342991 ], [ 328875.116200000047684, -2658553.499299999326468 ], [ 328884.368299998342991, -2658504.576200000941753 ], [ 328960.832499999552965, -2658501.150199998170137 ], [ 328931.692600000649691, -2658547.408399999141693 ], [ 328923.453400000929832, -2658653.695099998265505 ], [ 328966.065499998629093, -2658685.830200001597404 ], [ 328919.223799999803305, -2658729.94539999961853 ], [ 328925.597899999469519, -2658794.384199999272823 ], [ 328904.253499999642372, -2658809.231499999761581 ], [ 328903.213700000196695, -2658744.120999999344349 ], [ 328856.662999998778105, -2658728.098799999803305 ], [ 328832.682300001382828, -2658771.10080000013113 ], [ 328833.102400001138449, -2658826.700399998575449 ], [ 328801.729600001126528, -2658802.747999999672174 ], [ 328739.087799999862909, -2658807.873100001364946 ], [ 328746.484200000762939, -2658937.424499999731779 ], [ 328726.455200001597404, -2658966.016800001263618 ], [ 328698.124499998986721, -2658946.027800001204014 ], [ 328672.728399999439716, -2658967.413100000470877 ], [ 328637.093699999153614, -2659128.513099998235703 ], [ 328659.907299999147654, -2659164.815000001341105 ], [ 328700.806800000369549, -2659151.086199998855591 ], [ 328707.7635000012815, -2659190.214499998837709 ], [ 318938.090500000864267, -2658701.730999998748302 ], [ 318426.800999999046326, -2658669.460900001227856 ], [ 318680.11430000141263, -2658425.15089999884367 ], [ 319265.393300000578165, -2658031.431800000369549 ], [ 319301.801100000739098, -2658216.61939999833703 ], [ 319410.315999999642372, -2658194.921100001782179 ], [ 319456.011999998241663, -2658059.8191 ], [ 319474.188299998641014, -2657915.038699999451637 ], [ 319564.792700000107288, -2657857.983199998736382 ], [ 319507.401700001209974, -2657809.249499998986721 ], [ 319651.325699999928474, -2657672.8293999992311 ], [ 319567.936900001019239, -2657543.680799998342991 ], [ 319522.64130000025034, -2657550.829999998211861 ], [ 319487.580800000578165, -2657582.8614999987185 ], [ 319504.380300000309944, -2657370.422200001776218 ], [ 319604.618700001388788, -2657238.337799999862909 ], [ 319583.429900001734495, -2657186.170000001788139 ], [ 319553.93129999935627, -2656943.625399999320507 ], [ 319688.665399998426437, -2656852.533100001513958 ], [ 319753.856699999421835, -2656751.672800000756979 ], [ 319650.069400001317263, -2656743.304699998348951 ], [ 319647.070999998599291, -2656682.790500000119209 ], [ 319706.42960000038147, -2656664.364100001752377 ], [ 319687.230500001460314, -2656590.0777000002563 ], [ 319781.695599999278784, -2656468.257100000977516 ], [ 319877.546999998390675, -2656388.093100000172853 ], [ 319864.614700000733137, -2656328.780000001192093 ], [ 319893.139699999243021, -2656264.481499999761581 ], [ 319929.057700000703335, -2656297.54109999909997 ], [ 320043.884700000286102, -2656161.853700000792742 ], [ 320054.355799999088049, -2656064.166299998760223 ], [ 320024.860599998384714, -2656025.084300000220537 ], [ 320044.632100000977516, -2655979.164599999785423 ], [ 319912.117800001055002, -2655881.255899999290705 ], [ 319916.353199999779463, -2655813.725499998778105 ], [ 319890.881499998271465, -2655749.878699999302626 ], [ 319891.333799999207258, -2655729.771000001579523 ], [ 319920.078099999576807, -2655742.033599998801947 ], [ 319964.30519999936223, -2655726.218100000172853 ], [ 320005.8918999992311, -2655668.206700000911951 ], [ 320014.657299999147654, -2655626.225699998438358 ], [ 319946.65089999884367, -2655560.558400001376867 ], [ 319860.968199998140335, -2655522.212200000882149 ], [ 319946.400800000876188, -2655425.753899998962879 ], [ 319890.100400000810623, -2655418.6305 ], [ 319819.263099998235703, -2655501.927799999713898 ], [ 319789.178100001066923, -2655493.360599998384714 ], [ 319637.273400001227856, -2655651.734099999070168 ], [ 319619.121800001710653, -2655636.475600000470877 ], [ 319623.2820999994874, -2655584.684900000691414 ], [ 319571.039200000464916, -2655563.164000000804663 ], [ 319645.297899998724461, -2655447.306200001388788 ], [ 319568.321800000965595, -2655388.636700000613928 ], [ 319525.674499999731779, -2655454.640500001609325 ], [ 319477.800599999725819, -2655478.744699999690056 ], [ 319484.714499998837709, -2655394.372499998658895 ], [ 319372.881000000983477, -2655407.022700000554323 ], [ 319271.19480000063777, -2655454.8108000010252 ], [ 319249.040600001811981, -2655370.623700000345707 ], [ 319132.66499999910593, -2655412.421 ], [ 318989.62950000166893, -2655546.091499999165535 ], [ 318927.52760000154376, -2655562.215599998831749 ], [ 318813.911800000816584, -2655546.33729999884963 ], [ 318492.295899998396635, -2655302.269900001585484 ], [ 318428.401299998164177, -2655107.398299999535084 ], [ 318511.94649999961257, -2654993.895399998873472 ], [ 318707.064699999988079, -2654946.088799998164177 ], [ 318740.787300001829863, -2654855.078299999237061 ], [ 318655.206700000911951, -2654786.248700000345707 ], [ 318632.620700001716614, -2654742.920699998736382 ], [ 318637.020399998873472, -2654719.709199998527765 ], [ 318742.664000000804663, -2654734.832899998873472 ], [ 318689.242199998348951, -2654670.808499999344349 ], [ 318585.218499999493361, -2654661.647199999541044 ], [ 318591.609200000762939, -2654629.536899998784065 ], [ 318644.593600001186132, -2654594.44819999858737 ], [ 318555.226100001484156, -2654593.894200000911951 ], [ 318349.836599998176098, -2654427.284200001507998 ], [ 318321.012699998915195, -2654375.014899998903275 ], [ 318347.116999998688698, -2654322.300599999725819 ], [ 318301.737900000065565, -2654281.704999998211861 ], [ 318316.664700001478195, -2654173.006400000303984 ], [ 318184.345800001174212, -2654084.479400001466274 ], [ 318176.308899998664856, -2654126.359299998730421 ], [ 318120.722800001502037, -2654146.013799998909235 ], [ 317989.970899999141693, -2654086.921700000762939 ], [ 317996.419599998742342, -2654187.005899999290705 ], [ 318035.097800001502037, -2654186.707899998873472 ], [ 318084.228999998420477, -2654282.587600000202656 ], [ 318013.621199999004602, -2654342.333999998867512 ], [ 317743.464899998158216, -2654243.40089999884367 ], [ 317622.62220000103116, -2654304.816399998962879 ], [ 317515.674400001764297, -2654266.329999998211861 ], [ 317494.978300001472235, -2654306.188200000673532 ], [ 317512.90089999884367, -2654352.706900000572205 ], [ 317476.846200000494719, -2654404.886700000613928 ], [ 317302.675400000065565, -2654451.803800001740456 ], [ 317213.071299999952316, -2654429.467500001192093 ], [ 317125.947999998927116, -2654466.776200000196695 ], [ 316820.982700001448393, -2654322.326499998569489 ], [ 316763.643500000238419, -2654196.174699999392033 ], [ 316747.556600000709295, -2654067.728500001132488 ], [ 316606.905699998140335, -2653958.350099999457598 ], [ 316640.098200000822544, -2653818.783900000154972 ], [ 316616.542399998754263, -2653768.598099999129772 ], [ 316629.771699998527765, -2653678.243099998682737 ], [ 316563.928899999707937, -2653615.784600000828505 ], [ 316533.790300000458956, -2653521.039700001478195 ], [ 316505.158500000834465, -2653501.8838 ], [ 316537.489799998700619, -2653403.220400001853704 ], [ 316524.866200000047684, -2653339.542300000786781 ], [ 316453.054499998688698, -2653243.831000000238419 ], [ 316471.189100001007318, -2652885.21000000089407 ], [ 316537.828299999237061, -2652841.590599998831749 ], [ 316866.256999999284744, -2652762.387699998915195 ], [ 317010.7483000010252, -2652703.412300001829863 ], [ 316966.464499998837709, -2652662.5482 ], [ 316974.048300001770258, -2652586.88230000063777 ], [ 316857.488899998366833, -2652479.103100001811981 ], [ 316804.353399999439716, -2652400.210099998861551 ], [ 316856.97749999910593, -2652302.646999999880791 ], [ 316796.648299999535084, -2652247.291600000113249 ], [ 316970.10700000077486, -2652165.709600001573563 ], [ 317169.478999998420477, -2652162.729400001466274 ], [ 317395.753299999982119, -2652286.086500000208616 ], [ 317428.944200001657009, -2652329.977400001138449 ], [ 317490.693900000303984, -2652576.3805 ], [ 317477.676600001752377, -2653089.168400000780821 ], [ 317515.39469999819994, -2653131.609099999070168 ], [ 317527.081399999558926, -2653175.461800001561642 ], [ 317655.812399998307228, -2653220.906700000166893 ], [ 317768.014199998229742, -2653194.473900001496077 ], [ 318436.262499999254942, -2653807.287000000476837 ], [ 318617.921900000423193, -2653831.642400000244379 ], [ 318721.617499999701977, -2653873.103999998420477 ], [ 318832.498700000345707, -2653984.131499998271465 ], [ 318969.948300000280142, -2654078.050799999386072 ], [ 319084.335299998521805, -2654372.037999998778105 ], [ 319139.029399998486042, -2654421.195700000971556 ], [ 319221.375100001692772, -2654421.668400000780821 ], [ 319249.8277000002563, -2654391.343899998813868 ], [ 319214.462900001555681, -2654320.8257 ], [ 319237.166999999433756, -2654314.560600001364946 ], [ 319230.025199998170137, -2654295.476799998432398 ], [ 319191.85020000115037, -2654273.061200000345707 ], [ 319199.087200000882149, -2654249.619300000369549 ], [ 319098.5945999994874, -2654187.72859999909997 ], [ 319114.987799998372793, -2654161.484900001436472 ], [ 319522.405200000852346, -2654338.481499999761581 ], [ 319579.640099998563528, -2654405.56870000064373 ], [ 319499.511700000613928, -2654608.2949 ], [ 319627.607500001788139, -2654626.7212999984622 ], [ 319662.195199999958277, -2654662.564399998635054 ], [ 319779.566799998283386, -2654596.231699999421835 ], [ 319760.975000001490116, -2654540.2195999994874 ], [ 319789.37950000166893, -2654472.517799999564886 ], [ 319773.937699999660254, -2654454.317699998617172 ], [ 319849.668400000780821, -2654356.517099998891354 ], [ 319969.143199998885393, -2654337.784000001847744 ], [ 320022.712999999523163, -2654219.967000000178814 ], [ 319952.07149999961257, -2654179.817699998617172 ], [ 320005.468100000172853, -2654130.749000001698732 ], [ 319996.619500000029802, -2654090.104499999433756 ], [ 320025.651900000870228, -2654010.914000000804663 ], [ 320056.095800001174212, -2654015.114 ], [ 320069.978000000119209, -2653959.524399999529123 ], [ 320163.611699998378754, -2653879.4983000010252 ], [ 320195.360399998724461, -2653813.094999998807907 ], [ 319983.645300000905991, -2653763.857299998402596 ], [ 319902.241599999368191, -2653775.382800001651049 ], [ 319783.921999998390675, -2653757.500100001692772 ], [ 319782.232200000435114, -2653563.713799998164177 ], [ 319824.0287000015378, -2653507.388700000941753 ], [ 319767.284099999815226, -2653460.320000000298023 ], [ 319790.138199999928474, -2653368.886900000274181 ], [ 319741.195300001651049, -2653379.119899999350309 ], [ 319721.657200001180172, -2653257.1272 ], [ 319737.988899998366833, -2653065.610599998384714 ], [ 319914.918000001460314, -2653070.382599998265505 ], [ 319951.655900001525879, -2653030.285399999469519 ], [ 319813.999000001698732, -2652967.784200001507998 ], [ 319853.4364, -2652924.735599998384714 ], [ 319765.076200000941753, -2652896.284200001507998 ], [ 319729.508000001311302, -2652798.793299999088049 ], [ 319690.509700000286102, -2652780.01969999819994 ], [ 319688.789500001817942, -2652756.746300000697374 ], [ 319728.890299998223782, -2652703.246800001710653 ], [ 319686.19310000166297, -2652659.614 ], [ 319665.627900000661612, -2652585.6162 ], [ 319693.942099999636412, -2652550.060699999332428 ], [ 319730.443999998271465, -2652577.806699998676777 ], [ 319768.430500000715256, -2652552.367899999022484 ], [ 319756.865100000053644, -2652498.143100000917912 ], [ 319655.195000000298023, -2652543.447999998927116 ], [ 319641.808400001376867, -2652511.097300000488758 ], [ 319565.306200001388788, -2652503.788499999791384 ], [ 319474.837699998170137, -2652419.0641999989748 ], [ 319449.912599999457598, -2652344.673799999058247 ], [ 319468.094200000166893, -2652315.474599998444319 ], [ 319357.710799999535084, -2652266.197299998253584 ], [ 319306.792399998754263, -2652195.860300000756979 ], [ 319307.72580000013113, -2652159.15819999948144 ], [ 319405.445599999278784, -2652150.929099999368191 ], [ 319429.392200000584126, -2652165.364500001072884 ], [ 319430.258099999278784, -2652136.651599999517202 ], [ 319394.879200000315905, -2652113.910000000149012 ], [ 319373.583000000566244, -2652021.64919999986887 ], [ 319316.553599998354912, -2651982.47239999845624 ], [ 319350.167100001126528, -2651971.473400000482798 ], [ 319369.622099999338388, -2651914.30460000038147 ], [ 319340.061900001019239, -2651843.103399999439716 ], [ 319426.477000001817942, -2651580.596700001507998 ], [ 319408.960099998861551, -2651558.311900001019239 ], [ 319424.250300001353025, -2651532.085400000214577 ], [ 319577.998700000345707, -2651589.237199999392033 ], [ 319631.002500001341105, -2651479.360500000417233 ], [ 319588.288499999791384, -2651457.615299999713898 ], [ 319563.70719999819994, -2651337.035100001841784 ], [ 319474.782400000840425, -2651273.901200000196695 ], [ 319462.597600001841784, -2651168.465599998831749 ], [ 319431.767099998891354, -2651133.880800001323223 ], [ 319443.601399999111891, -2651029.889499999582767 ], [ 319483.338799998164177, -2651032.854600001126528 ], [ 319469.479299999773502, -2651002.383000001311302 ], [ 319505.732900001108646, -2650988.438999999314547 ], [ 319468.796100001782179, -2650916.423099998384714 ], [ 319543.227099999785423, -2650840.429999999701977 ], [ 319565.291400000452995, -2650791.732099998742342 ], [ 319504.305399999022484, -2650731.269400000572205 ], [ 319602.680399999022484, -2650699.351300001144409 ], [ 319643.089099999517202, -2650658.81529999896884 ], [ 319653.133099999278784, -2650595.02589999884367 ], [ 319729.701799999922514, -2650563.2347999997437 ], [ 319747.95549999922514, -2650500.969999998807907 ], [ 319717.393399998545647, -2650461.233899999409914 ], [ 319737.419700000435114, -2650314.423599999397993 ], [ 319930.458299998193979, -2650541.623599998652935 ], [ 319965.422200001776218, -2650518.262899998575449 ], [ 319945.743700001388788, -2650460.578099999576807 ], [ 320058.949000000953674, -2650385.25279999896884 ], [ 320021.971599999815226, -2650300.137899998575449 ], [ 320143.064500000327826, -2650281.18019999936223 ], [ 320206.919300001114607, -2650199.494800001382828 ], [ 320210.765999998897314, -2649900.780000001192093 ], [ 320296.477400001138449, -2649949.563499998301268 ], [ 320316.018899999558926, -2649905.493099998682737 ], [ 320310.794300001114607, -2649848.689300000667572 ], [ 320355.853799998760223, -2649886.777899999171495 ], [ 320356.049899999052286, -2649949.322500001639128 ], [ 320380.979200001806021, -2649956.792500000447035 ], [ 320441.242400001734495, -2649838.154500000178814 ], [ 320422.2195999994874, -2649796.119300000369549 ], [ 320323.449299998581409, -2649689.764899998903275 ], [ 320376.987500000745058, -2649692.861000001430511 ], [ 320417.115299999713898, -2649632.401200000196695 ], [ 320492.565699998289347, -2649651.075599998235703 ], [ 320549.144299998879433, -2649627.708999998867512 ], [ 320576.553199999034405, -2649573.104899998754263 ], [ 320530.818599998950958, -2649416.920000001788139 ], [ 320440.52250000089407, -2649425.220300000160933 ], [ 320393.6722999997437, -2649289.220499999821186 ], [ 320411.66499999910593, -2649233.9358000010252 ], [ 320380.996300000697374, -2649102.939399998635054 ], [ 320500.302400000393391, -2649133.639800000935793 ], [ 320519.295800000429153, -2649108.775400001555681 ], [ 320544.954900000244379, -2649130.057799998670816 ], [ 320567.209800001233816, -2649103.886500000953674 ], [ 320544.222300000488758, -2649073.624000001698732 ], [ 320602.568799998611212, -2648952.59010000154376 ], [ 320619.280799999833107, -2648852.331199999898672 ], [ 320580.29839999973774, -2648852.717199999839067 ], [ 320562.864199999719858, -2648782.682399999350309 ], [ 320578.902100000530481, -2648740.741700001060963 ], [ 320481.704300001263618, -2648662.015500001609325 ], [ 320368.377500001341105, -2648687.914599999785423 ], [ 320409.682300001382828, -2648928.971900001168251 ], [ 320358.8445999994874, -2648976.037599999457598 ], [ 320300.934999998658895, -2648865.651000000536442 ], [ 320238.44990000128746, -2648791.493999999016523 ], [ 320184.183899998664856, -2648831.106199998408556 ], [ 320131.620600000023842, -2648791.307399999350309 ], [ 319835.212699998170137, -2649066.205699998885393 ], [ 319876.026099998503923, -2649155.184799998998642 ], [ 319776.36259999871254, -2649260.3268 ], [ 319756.022100001573563, -2649134.915600001811981 ], [ 319678.735399998724461, -2649222.538699999451637 ], [ 319656.526000000536442, -2649323.454700000584126 ], [ 319690.708799999207258, -2649481.951299998909235 ], [ 319728.720800001174212, -2649488.651000000536442 ], [ 319736.9847999997437, -2649597.1722999997437 ], [ 319761.733300000429153, -2649631.565499998629093 ], [ 319821.710099998861551, -2649634.813999999314547 ], [ 319806.899500001221895, -2649691.301100000739098 ], [ 319832.504700001329184, -2649734.37049999833107 ], [ 319745.665699999779463, -2649763.999200001358986 ], [ 319713.396000001579523, -2649794.788400001823902 ], [ 319686.111400000751019, -2649614.59180000051856 ], [ 319652.12220000103116, -2649607.412500001490116 ], [ 319618.71229999884963, -2649661.011500000953674 ], [ 319582.248799998313189, -2649593.276099998503923 ], [ 319468.451299998909235, -2649615.660000000149012 ], [ 319408.254000000655651, -2649646.390799999237061 ], [ 319362.598900001496077, -2649613.600600000470877 ], [ 319369.367199998348951, -2649553.754900000989437 ], [ 319351.195300001651049, -2649538.512499999254942 ], [ 319321.020300000905991, -2649580.4375 ], [ 319307.149900000542402, -2649549.856300000101328 ], [ 319378.265500001609325, -2649391.763300001621246 ], [ 319361.311700001358986, -2649346.058299999684095 ], [ 319369.338199999183416, -2649314.554499998688698 ], [ 319403.166900001466274, -2649308.768899999558926 ], [ 319412.780499998480082, -2649247.66160000115633 ], [ 319366.977600000798702, -2649118.368000000715256 ], [ 319324.9239999987185, -2649113.864 ], [ 319293.581900000572205, -2649148.0641999989748 ], [ 319264.719300001859665, -2649128.071199998259544 ], [ 319278.494699999690056, -2649077.747999999672174 ], [ 319254.907600000500679, -2649061.449299998581409 ], [ 319269.454300001263618, -2649024.934599999338388 ], [ 319362.634500000625849, -2649011.084600001573563 ], [ 319359.814399998635054, -2648981.909699998795986 ], [ 319339.175700001418591, -2648953.060199998319149 ], [ 319308.293400000780821, -2648975.92339999973774 ], [ 319272.958700001239777, -2648953.170000001788139 ], [ 319270.383299998939037, -2648931.827799998223782 ], [ 319216.886199999600649, -2648945.228900000452995 ], [ 319287.618200000375509, -2648825.370700001716614 ], [ 319330.613299999386072, -2648868.843199998140335 ], [ 319416.2516999989748, -2648859.429299999028444 ], [ 319457.5810999982059, -2648755.305799998342991 ], [ 319450.440200001001358, -2648639.697500001639128 ], [ 319650.841699998825788, -2648389.4199 ], [ 319623.828499998897314, -2648346.635099999606609 ], [ 319529.497000001370907, -2648377.162599999457598 ], [ 319492.319899998605251, -2648347.696600001305342 ], [ 319501.860300000756979, -2648251.837799999862909 ], [ 319553.960200000554323, -2648191.648400001227856 ], [ 319547.164799999445677, -2648141.189800001680851 ], [ 319493.110599998384714, -2648157.171500001102686 ], [ 319425.392400000244379, -2648215.818999998271465 ], [ 319347.22690000012517, -2648221.722600001841784 ], [ 319294.270100001245737, -2648258.529599998146296 ], [ 319247.883099999278784, -2648335.460299998521805 ], [ 319234.163100000470877, -2648297.118200000375509 ], [ 319197.053800001740456, -2648272.870299998670816 ], [ 319204.644099999219179, -2648194.579799998551607 ], [ 319160.559599999338388, -2648140.865299999713898 ], [ 319181.615800000727177, -2648100.035500001162291 ], [ 319150.092700000852346, -2648077.734400000423193 ], [ 319133.876899998635054, -2648017.134100001305342 ], [ 319054.359200000762939, -2647931.901099998503923 ], [ 318892.777300000190735, -2647920.935199998319149 ], [ 318887.192999999970198, -2647862.469500001519918 ], [ 318967.006599999964237, -2647792.912099998444319 ], [ 318958.629700001329184, -2647652.160100001841784 ], [ 318991.981499999761581, -2647584.671399999409914 ], [ 319146.084199998527765, -2647502.633000001311302 ], [ 319185.944699998944998, -2647556.050700001418591 ], [ 319264.071600001305342, -2647523.157699998468161 ], [ 319329.646200001239777, -2647445.7368 ], [ 319335.263999998569489, -2647340.787000000476837 ], [ 319315.195799998939037, -2647254.442099999636412 ], [ 319350.140900000929832, -2647188.56980000063777 ], [ 319461.875900000333786, -2647381.130100000649691 ], [ 319494.889199998229742, -2647338.854299999773502 ], [ 319536.587799999862909, -2647321.6266999989748 ], [ 319582.880100000649691, -2647340.425599999725819 ], [ 319487.632100000977516, -2647464.053199999034405 ], [ 319475.403499998152256, -2647546.438700001686811 ], [ 319591.446400001645088, -2647807.186000000685453 ], [ 319631.441599998623133, -2647844.862500000745058 ], [ 319789.49720000103116, -2647811.876600001007318 ], [ 319855.850299999117851, -2647748.250700000673532 ], [ 319872.443300001323223, -2647663.6239 ], [ 319979.898800000548363, -2647550.695599999278784 ], [ 320102.043499998748302, -2647555.078200001269579 ], [ 320229.704900000244379, -2647488.361900001764297 ], [ 320424.678899999707937, -2647268.188700001686811 ], [ 320483.603500001132488, -2647162.816599998623133 ], [ 320449.897999998182058, -2647129.513599999248981 ], [ 320495.881799999624491, -2647117.910799998790026 ], [ 320525.306800000369549, -2647046.542399998754263 ], [ 320481.363099999725819, -2647012.656500000506639 ], [ 320502.000599998980761, -2646973.688000001013279 ], [ 320461.753199998289347, -2646949.848400000482798 ], [ 320461.073899999260902, -2646901.27140000090003 ], [ 320429.631599999964237, -2646842.510000001639128 ], [ 320372.276799999177456, -2646819.022999998182058 ], [ 320319.589899998158216, -2646827.114599999040365 ], [ 320377.41950000077486, -2646727.116500001400709 ], [ 320329.196699999272823, -2646670.275299999862909 ], [ 320205.50620000064373, -2646778.348999999463558 ], [ 320110.214800000190735, -2646915.912300001829863 ], [ 320082.087000001221895, -2646927.072200000286102 ], [ 320088.951900001615286, -2646814.102000001817942 ], [ 320036.399399999529123, -2646743.076499998569489 ], [ 319918.074700001627207, -2646712.253899998962879 ], [ 319932.106699999421835, -2646649.588700000196695 ], [ 320005.874499998986721, -2646525.922699999064207 ], [ 320097.517000000923872, -2646571.363400001078844 ], [ 320161.592199999839067, -2646471.528099998831749 ], [ 320083.325699999928474, -2646493.987700000405312 ], [ 320038.173500001430511, -2646451.58669999986887 ], [ 320075.193399999290705, -2646408.935499999672174 ], [ 319918.848099999129772, -2646356.5066 ], [ 319912.880499999970198, -2646378.083200000226498 ], [ 319621.988299999386072, -2646388.047800000756979 ], [ 319354.960400000214577, -2646204.682700000703335 ], [ 319265.464800000190735, -2646270.289099998772144 ], [ 319113.28319999948144, -2646260.734200000762939 ], [ 319048.131000000983477, -2646152.1283 ], [ 318939.706900000572205, -2646100.818399999290705 ], [ 318912.303700000047684, -2646061.6195 ], [ 318751.486000001430511, -2646061.85080000013113 ], [ 318713.872600000351667, -2645909.819899998605251 ], [ 318687.256000000983477, -2645948.687300000339746 ], [ 318676.754399999976158, -2646014.331700000911951 ], [ 318488.208099998533726, -2645911.809799998998642 ], [ 318523.549199998378754, -2645811.9474 ], [ 318492.751299999654293, -2645760.853999998420477 ], [ 318451.915600001811981, -2645767.588799998164177 ], [ 318218.470100000500679, -2645722.635899998247623 ], [ 318034.490100000053644, -2645582.164799999445677 ], [ 317893.824000000953674, -2645556.4496 ], [ 317840.59010000154376, -2645581.994199998676777 ], [ 317736.829700000584126, -2645525.746399998664856 ], [ 317710.057700000703335, -2645374.227699998766184 ], [ 317619.890399999916553, -2645343.361699998378754 ], [ 317591.13740000128746, -2645184.217599999159575 ], [ 317512.775499999523163, -2645237.151500001549721 ], [ 317417.670899998396635, -2645206.861600000411272 ], [ 317373.868299998342991, -2645036.543400000780821 ], [ 317393.559799998998642, -2644944.616799999028444 ], [ 317295.653799999505281, -2644880.715300001204014 ], [ 317356.460700001567602, -2644756.0658 ], [ 317428.727600000798702, -2644771.774300001561642 ], [ 317466.120900001376867, -2644745.5185999982059 ], [ 317471.365899998694658, -2644682.345300000160933 ], [ 317607.322999998927116, -2644713.75620000064373 ], [ 317616.857500001788139, -2644691.761100001633167 ], [ 317707.697000000625849, -2644722.554400000721216 ], [ 317835.684099998325109, -2644818.48930000141263 ], [ 317884.768699999898672, -2644788.212900001555681 ], [ 317915.546100001782179, -2644824.500399999320507 ], [ 318187.357799999415874, -2644711.034499999135733 ], [ 318203.864700000733137, -2644682.041400000452995 ], [ 318236.645199999213219, -2644682.429999999701977 ], [ 318342.383900001645088, -2644594.956700000911951 ], [ 318393.625100001692772, -2644477.578699998557568 ], [ 318414.040600001811981, -2644344.6554000005126 ], [ 318395.460900001227856, -2644304.284699998795986 ], [ 318353.279899999499321, -2644308.560600001364946 ], [ 318379.082699999213219, -2644085.4391999989748 ], [ 318344.810499999672174, -2643931.40989999845624 ], [ 318428.808299999684095, -2643856.119699999690056 ], [ 318357.410599999129772, -2643697.798599999397993 ], [ 318387.684099998325109, -2643648.003600001335144 ], [ 318432.125799998641014, -2643656.670899998396635 ], [ 318455.733899999409914, -2643697.239999998360872 ], [ 318500.519400000572205, -2643686.604899998754263 ], [ 318532.123799998313189, -2643631.525400001555681 ], [ 318557.522599998861551, -2643623.219399999827147 ], [ 318619.954199999570847, -2643407.978500001132488 ], [ 318650.110100001096725, -2643380.880199998617172 ], [ 318701.627300001680851, -2643267.792599998414516 ], [ 318678.640099998563528, -2643229.65819999948144 ], [ 318720.407499998807907, -2643186.33390000090003 ], [ 318913.619300000369549, -2643283.008400000631809 ], [ 318937.074499998241663, -2643317.552200000733137 ], [ 318966.271600000560284, -2643497.476199999451637 ], [ 318989.484999999403954, -2643538.995000001043081 ], [ 318890.752500001341105, -2643888.177499998360872 ], [ 318857.975299999117851, -2643890.422200001776218 ], [ 318876.768199998885393, -2643816.827799998223782 ], [ 318831.74720000103116, -2643804.936999998986721 ], [ 318821.309799998998642, -2643867.845600001513958 ], [ 318899.048900000751019, -2644358.340700000524521 ], [ 318949.530600000172853, -2644380.171300001442432 ], [ 318999.903099998831749, -2644325.326499998569489 ], [ 319096.035599999129772, -2644389.379900000989437 ], [ 319072.374200001358986, -2644447.840500000864267 ], [ 318979.315099999308586, -2644432.972100000828505 ], [ 319014.422499999403954, -2644760.8935999982059 ], [ 319045.159499999135733, -2644764.141800001263618 ], [ 319099.844900000840425, -2644887.102299999445677 ], [ 319228.173900000751019, -2644983.741300001740456 ], [ 319268.495099999010563, -2644944.915199998766184 ], [ 319306.22239999845624, -2644832.564899999648333 ], [ 319349.184799998998642, -2644823.051199998706579 ], [ 319387.376299999654293, -2644837.577500000596046 ], [ 319497.0760000012815, -2644765.188499998301268 ], [ 319538.763599999248981, -2644499.3268 ], [ 319589.067499998956919, -2644835.774999998509884 ], [ 319682.827799998223782, -2644888.824999999254942 ], [ 319739.267400000244379, -2644838.475099999457598 ], [ 319741.382599998265505, -2644808.707100000232458 ], [ 319673.441399998962879, -2644778.63399999961257 ], [ 319710.160700000822544, -2644729.067899998277426 ], [ 319741.815400000661612, -2644717.380199998617172 ], [ 319827.059200000017881, -2644748.784000001847744 ], [ 319878.765000000596046, -2644739.103700000792742 ], [ 319899.354800000786781, -2644687.846799999475479 ], [ 319901.253699999302626, -2644620.722300000488758 ], [ 319806.782699998468161, -2644572.218800000846386 ], [ 319739.101399999111891, -2644562.048099998384714 ], [ 319702.4070999994874, -2644509.973200000822544 ], [ 319773.534099999815226, -2644493.622600000351667 ], [ 320016.898800000548363, -2644607.650800000876188 ], [ 320119.09910000115633, -2644536.936000000685453 ], [ 320165.083299998193979, -2644549.712799999862909 ], [ 320231.980799999088049, -2644624.11259999871254 ], [ 320156.925400000065565, -2644703.621199999004602 ], [ 320086.874699998646975, -2644726.919700000435114 ], [ 320043.740600001066923, -2644776.465599998831749 ], [ 320071.558400001376867, -2644821.761 ], [ 320181.669900000095367, -2644879.76240000128746 ], [ 320209.000900000333786, -2644960.785799998790026 ], [ 320250.310300000011921, -2645001.021699998527765 ], [ 320305.718299999833107, -2644952.60700000077486 ], [ 320361.298300001770258, -2644834.536400001496077 ], [ 320386.696400001645088, -2644737.559500001370907 ], [ 320396.125500001013279, -2644489.479299999773502 ], [ 320566.966299999505281, -2644442.688000001013279 ], [ 320839.7939000017941, -2644572.215500000864267 ], [ 320900.117400001734495, -2644437.944699998944998 ], [ 321002.237700000405312, -2644468.169799998402596 ], [ 320983.922400001436472, -2644508.684500001370907 ], [ 321024.487900000065565, -2644613.267499998211861 ], [ 321069.969900000840425, -2644653.792100001126528 ], [ 321121.236800000071526, -2644664.086399998515844 ], [ 321135.003699999302626, -2644638.944699998944998 ], [ 321152.943599998950958, -2644632.4309 ], [ 321194.418400000780821, -2644683.9239999987185 ], [ 321244.136300001293421, -2644619.643399998545647 ], [ 321299.762600000947714, -2644630.329900000244379 ], [ 321312.922400001436472, -2644578.240899998694658 ], [ 321329.306499999016523, -2644582.4037000015378 ], [ 321328.028499998152256, -2644632.022799998521805 ], [ 321392.345100000500679, -2644704.205899998545647 ], [ 321336.966299999505281, -2644752.639899998903275 ], [ 321339.551500000059605, -2644816.716099999845028 ], [ 321394.594700001180172, -2644825.6382 ], [ 321419.952399998903275, -2644897.431600000709295 ], [ 321576.022399999201298, -2644933.163199998438358 ], [ 321678.098099999129772, -2644870.374099999666214 ], [ 321745.832600001245737, -2644769.026900000870228 ], [ 321764.443199999630451, -2644784.208399999886751 ], [ 321675.179400000721216, -2644927.260899998247623 ], [ 321629.921700000762939, -2645037.030699998140335 ], [ 321634.140700001269579, -2645074.808899998664856 ], [ 321669.886799998581409, -2645098.277499999850988 ], [ 321708.424899999052286, -2645096.212000001221895 ], [ 321773.394400000572205, -2645045.683200001716614 ], [ 321757.647399999201298, -2644997.112199999392033 ], [ 321890.642200000584126, -2644927.027199998497963 ], [ 321881.989900000393391, -2644855.943599998950958 ], [ 321855.505800001323223, -2644839.223499998450279 ], [ 321818.940499998629093, -2644853.243299998342991 ], [ 321865.621700000017881, -2644804.939100001007318 ], [ 321863.740800000727177, -2644779.076299998909235 ], [ 321805.041400000452995, -2644763.646200001239777 ], [ 321787.113299999386072, -2644741.442600000649691 ], [ 321796.032900001853704, -2644707.306000001728535 ], [ 321947.824299998581409, -2644554.018699999898672 ], [ 322040.965500000864267, -2644261.0746 ], [ 322092.322799999266863, -2644185.1891999989748 ], [ 322131.16330000013113, -2644078.809399999678135 ], [ 322138.325100000947714, -2644018.787999998778105 ], [ 322123.4358000010252, -2643972.739799998700619 ], [ 322189.292300000786781, -2643872.52250000089407 ], [ 322220.741300001740456, -2643740.940400000661612 ], [ 322197.930900000035763, -2643574.1404 ], [ 322241.786499999463558, -2643399.225400000810623 ], [ 322235.053800001740456, -2643336.686000000685453 ], [ 322209.786899998784065, -2643291.897999998182058 ], [ 322207.661499999463558, -2643176.488800000399351 ], [ 322092.387600000947714, -2643218.346799999475479 ], [ 322101.945500001311302, -2643131.142400000244379 ], [ 322027.609600000083447, -2643102.819200001657009 ], [ 321974.596799999475479, -2643111.897599998861551 ], [ 321966.793000001460314, -2643075.473499998450279 ], [ 321930.928700000047684, -2643055.458399999886751 ], [ 322069.947799999266863, -2643070.653299998492002 ], [ 322164.519000001251698, -2643131.381700001657009 ], [ 322225.945799998939037, -2643080.354200001806021 ], [ 322257.837999999523163, -2642915.676399998366833 ], [ 322200.531800001859665, -2642770.527199998497963 ], [ 322216.086599998176098, -2642739.909699998795986 ], [ 322296.799600001424551, -2642732.68470000103116 ], [ 322331.4189000017941, -2642559.809799998998642 ], [ 322333.565900001674891, -2642280.468499999493361 ], [ 322299.00620000064373, -2642215.0504 ], [ 322225.786800000816584, -2642211.793400000780821 ], [ 322346.925000000745058, -2642170.116599999368191 ], [ 322402.117499999701977, -2642009.541299998760223 ], [ 322358.90819999948144, -2641953.851799998432398 ], [ 322428.397399999201298, -2641964.515999998897314 ], [ 322430.844099998474121, -2641945.071899998933077 ], [ 322456.333200000226498, -2641944.5793999992311 ], [ 322475.561900001019239, -2641802.2972999997437 ], [ 322435.806600000709295, -2641744.58729999884963 ], [ 322435.229800000786781, -2641580.326099999248981 ], [ 322411.169900000095367, -2641580.645799998193979 ], [ 322388.426600001752377, -2641511.286299999803305 ], [ 322461.388799998909235, -2641511.03940000012517 ], [ 322457.268500000238419, -2641409.77760000154376 ], [ 322362.6864, -2641341.331300001591444 ], [ 322367.486800000071526, -2641314.759300000965595 ], [ 322414.707299999892712, -2641322.899000000208616 ], [ 322461.627900000661612, -2641265.776900000870228 ], [ 322387.37049999833107, -2641138.442400000989437 ], [ 322347.493099998682737, -2641127.581399999558926 ], [ 322320.190000001341105, -2641097.074700001627207 ], [ 322336.494500000029802, -2641065.450300000607967 ], [ 322401.046000000089407, -2641048.916999999433756 ], [ 322402.284400001168251, -2641012.296700000762939 ], [ 322317.174199998378754, -2640911.353700000792742 ], [ 322272.703999999910593, -2640929.878800000995398 ], [ 322195.499699998646975, -2640874.917199999094009 ], [ 322051.333099998533726, -2640671.662300001829863 ], [ 322044.696400001645088, -2640620.291299998760223 ], [ 322062.016100000590086, -2640604.272700000554323 ], [ 322008.639499999582767, -2640502.988800000399351 ], [ 321962.462600000202656, -2640488.676899999380112 ], [ 321879.592500001192093, -2640550.852600000798702 ], [ 321804.9189000017941, -2640450.450899999588728 ], [ 321607.835499998182058, -2640344.106300000101328 ], [ 321575.611099999397993, -2640387.119100000709295 ], [ 321480.786400001496077, -2640333.484000001102686 ], [ 321437.798700001090765, -2640362.991599999368191 ], [ 321420.549400001764297, -2640320.761599998921156 ], [ 321357.444299999624491, -2640366.728300001472235 ], [ 321324.003800000995398, -2640358.608899999409914 ], [ 321298.371500000357628, -2640397.388599999248981 ], [ 321268.976599998772144, -2640388.776900000870228 ], [ 321253.947500001639128, -2640280.192600000649691 ], [ 321231.7787000015378, -2640249.0472999997437 ], [ 321067.938900001347065, -2640243.792599998414516 ], [ 321066.904399998486042, -2640339.51799999922514 ], [ 320988.939599998295307, -2640386.373199999332428 ], [ 320894.182100001722574, -2640340.46339999884367 ], [ 320958.496700000017881, -2640294.471099998801947 ], [ 320968.222199998795986, -2640239.398299999535084 ], [ 320938.720600001513958, -2640212.564399998635054 ], [ 320616.407800000160933, -2640108.262899998575449 ], [ 320519.238099999725819, -2640226.034299999475479 ], [ 320428.254000000655651, -2640197.99549999833107 ], [ 320304.920699998736382, -2640350.367499999701977 ], [ 320230.000399999320507, -2640357.634100001305342 ], [ 320220.088100001215935, -2640378.892400000244379 ], [ 320028.695099998265505, -2640356.864799998700619 ], [ 320023.007699999958277, -2640334.992899999022484 ], [ 319991.396899998188019, -2640346.5735 ], [ 319953.555399999022484, -2640309.454599998891354 ], [ 319940.790300000458956, -2640214.495900001376867 ], [ 319889.264499999582767, -2640212.994899999350309 ], [ 319865.286100000143051, -2640146.279399998486042 ], [ 319886.606499999761581, -2640111.562600001692772 ], [ 319897.682700000703335, -2639986.832899998873472 ], [ 319875.243299998342991, -2639938.278999999165535 ], [ 319787.846200000494719, -2639891.440200001001358 ], [ 319668.189899999648333, -2639878.136100001633167 ], [ 319649.356699999421835, -2639815.240200001746416 ], [ 319466.040600001811981, -2639754.833500001579523 ], [ 319433.433299999684095, -2639700.557199999690056 ], [ 319669.068599998950958, -2639761.472699999809265 ], [ 319738.580899998545647, -2639747.92680000141263 ], [ 319804.280200000852346, -2639778.139600001275539 ], [ 320159.949400000274181, -2639778.546900000423193 ], [ 320199.055300001055002, -2639711.254999998956919 ], [ 320183.646499998867512, -2639412.326200000941753 ], [ 320218.562899999320507, -2639357.612500000745058 ], [ 320199.712400000542402, -2639219.993599999696016 ], [ 320227.702300000935793, -2639192.20890000090003 ], [ 320220.811799999326468, -2639136.531199999153614 ], [ 320162.210799999535084, -2639135.896999999880791 ], [ 320143.420099999755621, -2639117.329700000584126 ], [ 320142.975699998438358, -2639081.718199998140335 ], [ 320209.653499998152256, -2639034.548799999058247 ], [ 320207.006999999284744, -2638983.480000000447035 ], [ 320073.803100001066923, -2638944.951699998229742 ], [ 319982.169300001114607, -2639002.094200000166893 ], [ 319878.730999998748302, -2639018.173000000417233 ], [ 319856.363800000399351, -2639080.813099998980761 ], [ 319835.698499999940395, -2639091.176600001752377 ], [ 319813.213199999183416, -2639055.616999998688698 ], [ 319736.315499998629093, -2639036.229400001466274 ], [ 319665.958399999886751, -2639135.211800001561642 ], [ 319607.752000000327826, -2639130.065600000321865 ], [ 319610.410100001841784, -2639015.021499998867512 ], [ 319562.172899998724461, -2638992.152399998158216 ], [ 319564.855200000107288, -2638937.935100000351667 ], [ 319529.801500000059605, -2638896.949799999594688 ], [ 319474.811799999326468, -2638886.288199998438358 ], [ 319417.088599998503923, -2638951.48930000141263 ], [ 319356.942699998617172, -2638944.8761 ], [ 319339.771000001579523, -2638916.535300001502037 ], [ 319291.377999998629093, -2638912.822799999266863 ], [ 319260.953600000590086, -2638876.506999999284744 ], [ 319202.073399998247623, -2638861.076299998909235 ], [ 319136.381599999964237, -2638861.96059999987483 ], [ 319082.677600000053644, -2638895.451299998909235 ], [ 318918.262800000607967, -2638859.73200000077486 ], [ 318812.075300000607967, -2638877.80350000038743 ], [ 318805.849599998444319, -2638864.539700001478195 ], [ 318851.160700000822544, -2638795.611699998378754 ], [ 318806.421999998390675, -2638760.228000000119209 ], [ 318808.853700000792742, -2638724.270199999213219 ], [ 318864.411699999123812, -2638732.372699998319149 ], [ 318866.674899999052286, -2638683.454900000244379 ], [ 318832.818900000303984, -2638652.677200000733137 ], [ 318773.118900001049042, -2638689.519400000572205 ], [ 318573.874600000679493, -2638652.742800001055002 ], [ 318487.622299998998642, -2638663.150699999183416 ], [ 318366.549300000071526, -2638639.485300000756979 ], [ 318302.739700000733137, -2638506.371399998664856 ], [ 318134.420699998736382, -2638539.778400000184774 ], [ 317970.552099999040365, -2638595.0746 ], [ 317947.082299999892712, -2638573.638000000268221 ], [ 317930.297600001096725, -2638494.773899998515844 ], [ 317743.389299999922514, -2638518.995999999344349 ], [ 317517.361999999731779, -2638577.529199998825788 ], [ 317415.899000000208616, -2638676.661899998784065 ], [ 317402.680900000035763, -2638739.998100001364946 ], [ 317420.672800000756979, -2638791.717999998480082 ], [ 317473.85190000012517, -2638842.620799999684095 ], [ 317460.233199998736382, -2638859.976199999451637 ], [ 317503.138399999588728, -2638900.841699998825788 ], [ 317454.52419999986887, -2638901.4452 ], [ 317374.1587999984622, -2639006.699200000613928 ], [ 317371.476799998432398, -2639119.223900001496077 ], [ 317344.60530000180006, -2639143.305399999022484 ], [ 317336.079700000584126, -2639185.115299999713898 ], [ 317377.295099999755621, -2639227.100000001490116 ], [ 317369.908700000494719, -2639333.13740000128746 ], [ 317442.097699999809265, -2639390.527199998497963 ], [ 317464.322799999266863, -2639363.583299998193979 ], [ 317490.104699999094009, -2639377.80629999935627 ], [ 317511.95890000090003, -2639409.91440000012517 ], [ 317508.184099998325109, -2639605.067400000989437 ], [ 317559.270199999213219, -2639645.859099999070168 ], [ 317554.438799999654293, -2639874.173099998384714 ], [ 317482.923700001090765, -2640166.10080000013113 ], [ 317256.824400000274181, -2640275.869699999690056 ], [ 317256.539700001478195, -2640341.985100001096725 ], [ 317280.550900001078844, -2640365.182300001382828 ], [ 317277.882399998605251, -2640424.633900001645088 ], [ 317296.0489999987185, -2640457.197299998253584 ], [ 317260.385999999940395, -2640547.494699999690056 ], [ 317165.859900001436472, -2640547.575800001621246 ], [ 317092.804699998348951, -2640641.556699998676777 ], [ 317102.257800001651049, -2640577.770799998193979 ], [ 317018.919399999082088, -2640495.729699999094009 ], [ 316929.14130000025034, -2640514.251800000667572 ], [ 316917.935400001704693, -2640477.427700001746416 ], [ 316946.700100000947714, -2640433.085099998861551 ], [ 316859.474800001829863, -2640309.6864 ], [ 316864.158300001174212, -2640255.244800001382828 ], [ 316801.655200000852346, -2640234.9496 ], [ 316763.153499998152256, -2640270.900299999862909 ], [ 316778.397900000214577, -2640189.888700000941753 ], [ 316844.018500000238419, -2640185.548700001090765 ], [ 316890.454199999570847, -2640146.02930000051856 ], [ 316965.795899998396635, -2640215.248500000685453 ], [ 317005.929400000721216, -2640206.100699998438358 ], [ 317015.224599998444319, -2640244.974500000476837 ], [ 317046.522399999201298, -2640238.593299999833107 ], [ 317041.534699998795986, -2640152.265999998897314 ], [ 317100.451699998229742, -2639998.348999999463558 ], [ 317143.245099999010563, -2639918.364599999040365 ], [ 317214.697900000959635, -2639908.974800001829863 ], [ 317269.177499998360872, -2639730.299199998378754 ], [ 317209.331999998539686, -2639622.774000000208616 ], [ 317140.974599998444319, -2639553.629799999296665 ], [ 317082.768399998545647, -2639558.916200000792742 ], [ 316980.480900000780821, -2639525.174600001424551 ], [ 316944.10080000013113, -2639489.5614 ], [ 317000.512299999594688, -2639354.973099999129772 ], [ 317021.329500000923872, -2639255.179200001060963 ], [ 317060.211599998176098, -2639228.748500000685453 ], [ 316999.752099998295307, -2638982.208200000226498 ], [ 316932.081500001251698, -2638911.278299998492002 ], [ 316918.036200001835823, -2638868.646999999880791 ], [ 316842.478100001811981, -2638827.256400000303984 ], [ 316793.934000000357628, -2638773.166000001132488 ], [ 316718.49210000038147, -2638808.302000001072884 ], [ 316630.304099999368191, -2638774.58049999922514 ], [ 316621.425000000745058, -2638810.3871 ], [ 316510.847800001502037, -2638891.428399998694658 ], [ 316427.142799999564886, -2639013.562699999660254 ], [ 316369.868200000375509, -2639022.136 ], [ 316355.467599999159575, -2638952.668699998408556 ], [ 316308.17960000038147, -2638900.014899998903275 ], [ 316194.036299999803305, -2638915.515799999237061 ], [ 316069.594399999827147, -2638953.884199999272823 ], [ 316129.33669999986887, -2638875.416900001466274 ], [ 316293.108800001442432, -2638790.635600000619888 ], [ 316265.542700000107288, -2638739.148600000888109 ], [ 316189.940000001341105, -2638682.141600001603365 ], [ 315982.029199998825788, -2638666.267400000244379 ], [ 315850.2331000007689, -2638690.705299999564886 ], [ 315611.629599999636412, -2638796.594999998807907 ], [ 315550.236000001430511, -2638803.146000001579523 ], [ 315561.294100001454353, -2638655.789700001478195 ], [ 315596.784000001847744, -2638557.683400001376867 ], [ 315764.544799998402596, -2638579.299899999052286 ], [ 315820.738000001758337, -2638466.523800000548363 ], [ 315769.882699999958277, -2638375.33839999884367 ], [ 315643.617899999022484, -2638313.099800001829863 ], [ 315709.660100001841784, -2638267.836199998855591 ], [ 315511.55290000140667, -2638217.606600001454353 ], [ 315475.170000001788139, -2638151.560899998992682 ], [ 315402.365699999034405, -2638117.670000001788139 ], [ 315281.172899998724461, -2638084.426600001752377 ], [ 315201.623599998652935, -2638110.445900000631809 ], [ 315012.946899998933077, -2637985.255199998617172 ], [ 314895.248199999332428, -2638049.65089999884367 ], [ 314824.037799999117851, -2638059.060600001364946 ], [ 314775.326999999582767, -2638183.902300000190735 ], [ 314707.009899999946356, -2638208.5724 ], [ 314700.067699998617172, -2638353.600600000470877 ], [ 314640.255699999630451, -2638337.271499998867512 ], [ 314614.632699999958277, -2638389.875 ], [ 314668.420000001788139, -2638451.224700000137091 ], [ 314616.374499998986721, -2638516.554999999701977 ], [ 314504.592999998480082, -2638563.823300000280142 ], [ 314449.171799998730421, -2638548.669399999082088 ], [ 314439.007100000977516, -2638495.096700001507998 ], [ 314330.992400001734495, -2638404.651799999177456 ], [ 314272.678700000047684, -2638407.159299999475479 ], [ 314224.785999998450279, -2638368.555700000375509 ], [ 314237.966099999845028, -2638302.7478 ], [ 314220.485300000756979, -2638226.580299999564886 ], [ 314175.333599999547005, -2638197.214200001209974 ], [ 314090.668299999088049, -2638240.332299999892712 ], [ 313949.481600001454353, -2638215.443300001323223 ], [ 313903.753199998289347, -2638148.676100000739098 ], [ 313837.754700001329184, -2638158.355700001120567 ], [ 313724.72859999909997, -2638242.980700001120567 ], [ 313701.0912000015378, -2638313.562300000339746 ], [ 313613.81700000166893, -2638379.635800000280142 ], [ 313636.501200001686811, -2638614.068599998950958 ], [ 313653.216899998486042, -2638640.786400001496077 ], [ 313630.014899998903275, -2638860.868000000715256 ], [ 313619.420200001448393, -2638887.296100001782179 ], [ 313585.018899999558926, -2638891.381700001657009 ], [ 313549.754599999636412, -2638975.524900000542402 ], [ 313480.175400000065565, -2639072.406500000506639 ], [ 313437.210900001227856, -2639103.591699998825788 ], [ 313413.816199999302626, -2639209.796399999409914 ], [ 313427.289099998772144, -2639231.656399998813868 ], [ 313300.625399999320507, -2639623.816799998283386 ], [ 313111.131299998611212, -2639772.276299998164177 ], [ 313051.927999999374151, -2639863.576999999582767 ], [ 312907.416000001132488, -2639955.4254 ], [ 312803.538600001484156, -2640085.050999999046326 ], [ 312528.178700000047684, -2640537.370900001376867 ], [ 312489.329199999570847, -2640602.001899998635054 ], [ 312409.411699999123812, -2640667.94649999961257 ], [ 312336.306499999016523, -2640680.010099999606609 ], [ 312305.784800000488758, -2640721.8915 ], [ 312076.178300000727177, -2640714.292300000786781 ], [ 311976.982700001448393, -2640654.717799998819828 ], [ 311959.57880000025034, -2640490.833000000566244 ], [ 312000.310699999332428, -2640494.677700001746416 ], [ 312096.411899998784065, -2640422.495200000703335 ], [ 312054.93299999833107, -2640234.45890000090003 ], [ 312076.906800001859665, -2640191.089099999517202 ], [ 312046.839499998837709, -2640131.200800001621246 ], [ 312203.291200000792742, -2639835.484900001436472 ], [ 312204.116700001060963, -2639692.000700000673532 ], [ 312263.165699999779463, -2639558.133699998259544 ], [ 312360.495600000023842, -2639380.67509999871254 ], [ 312391.048700001090765, -2639378.775199998170137 ], [ 312412.990800000727177, -2639377.086199998855591 ], [ 312486.84180000051856, -2639270.958500001579523 ], [ 312577.809200000017881, -2638972.605799999088049 ], [ 312631.415500000119209, -2638671.727200001478195 ], [ 312691.052299998700619, -2638546.4419 ], [ 312815.874400001019239, -2638394.406199999153614 ], [ 312841.094500001519918, -2638407.018800001591444 ], [ 312891.638999998569489, -2638315.030699998140335 ], [ 313011.464099999517202, -2638213.924400001764297 ], [ 313073.693399999290705, -2638129.203000001609325 ], [ 313101.952500000596046, -2638058.0801 ], [ 313115.237399999052286, -2638063.452599998563528 ], [ 313194.621899999678135, -2637888.8849 ], [ 313228.428100001066923, -2637885.780999999493361 ], [ 313275.705600000917912, -2637809.7804000005126 ], [ 313297.336399998515844, -2637810.633499998599291 ], [ 313345.287500001490116, -2637699.813499998301268 ], [ 313487.822700001299381, -2637625.581999998539686 ], [ 313625.609999999403954, -2637479.706799998879433 ], [ 313845.526399999856949, -2637403.092799998819828 ], [ 313904.311000000685453, -2637158.048700001090765 ], [ 313870.042700000107288, -2636950.96510000154376 ], [ 313404.700300000607967, -2636318.074200000613928 ], [ 313316.039200000464916, -2636271.320099998265505 ], [ 313190.251299999654293, -2636111.563900001347065 ], [ 313027.120999999344349, -2635997.123399998992682 ], [ 312989.129799999296665, -2635990.358399998396635 ], [ 312830.79839999973774, -2635809.282999999821186 ], [ 312606.709800001233816, -2635639.532499998807907 ], [ 312604.443399999290705, -2635617.259399998933077 ], [ 312541.057599999010563, -2635575.2347999997437 ], [ 312505.38910000026226, -2635582.085999999195337 ], [ 312238.903999999165535, -2635478.9452 ], [ 312154.542899999767542, -2635424.714400000870228 ], [ 311910.028999999165535, -2635314.615899998694658 ], [ 311747.078499998897314, -2635240.968499999493361 ], [ 311761.936299998313189, -2635196.6272 ], [ 311446.159800000488758, -2635011.562899999320507 ], [ 310743.723000001162291, -2634735.686700001358986 ], [ 310680.415899999439716, -2634722.315999999642372 ], [ 310582.767400000244379, -2634731.209199998527765 ], [ 310536.729600001126528, -2634678.444699998944998 ], [ 310431.092399999499321, -2634672.558600001037121 ], [ 310425.238200001418591, -2634542.988800000399351 ], [ 310269.021600000560284, -2634444.099399998784065 ], [ 309881.238600000739098, -2634346.392200000584126 ], [ 309851.890700001269579, -2634334.238600000739098 ], [ 309674.687300000339746, -2634263.873100001364946 ], [ 309645.88569999858737, -2634233.331000000238419 ], [ 309631.562899999320507, -2634101.225400000810623 ], [ 309565.502300001680851, -2634035.204799998551607 ], [ 309606.322399999946356, -2634016.518300000578165 ], [ 309482.552200000733137, -2633938.948699999600649 ], [ 309461.583700001239777, -2633963.1570999994874 ], [ 309269.083399999886751, -2633850.267799999564886 ], [ 309280.286299999803305, -2633810.704500000923872 ], [ 309190.045699998736382, -2633743.069499999284744 ], [ 309093.9527000002563, -2633609.2949 ], [ 308942.506700001657009, -2633469.830400001257658 ], [ 308667.817800000309944, -2633265.785999998450279 ], [ 308435.656100001186132, -2633041.039599999785423 ], [ 308135.720600001513958, -2632853.00620000064373 ], [ 307982.771200001239777, -2632721.412799999117851 ], [ 307916.611200001090765, -2632685.778900001198053 ], [ 307874.605000000447035, -2632671.561299998313189 ], [ 307733.940600000321865, -2632709.756700001657009 ], [ 307693.850900001823902, -2632736.186099998652935 ], [ 307667.086899999529123, -2632708.008699998259544 ], [ 307564.44200000166893, -2632725.236299999058247 ], [ 307488.624899998307228, -2632622.063099998980761 ], [ 307174.987900000065565, -2632699.4397 ], [ 307141.199099998921156, -2632755.523899998515844 ], [ 307030.324200000613928, -2632680.68189999833703 ], [ 306977.653000000864267, -2632679.875399999320507 ], [ 306953.990200001746416, -2632632.315099999308586 ], [ 306885.039700001478195, -2632616.906100001186132 ], [ 306780.5810999982059, -2632642.962600000202656 ], [ 306686.584100000560284, -2632619.990200001746416 ], [ 306671.337400000542402, -2632547.088300000876188 ], [ 306687.053100001066923, -2632489.6996 ], [ 306565.343600001186132, -2632286.78660000115633 ], [ 306563.778200000524521, -2632252.131000000983477 ], [ 306403.843400001525879, -2632163.063200000673532 ], [ 306318.020100001245737, -2632160.979100000113249 ], [ 306252.060600001364946, -2632038.309099998325109 ], [ 306093.206000000238419, -2631943.067699998617172 ], [ 305942.228000000119209, -2631947.527100000530481 ], [ 305988.740800000727177, -2631991.6426 ], [ 305943.059300001710653, -2632014.368200000375509 ], [ 305821.862300001084805, -2631945.015599999576807 ], [ 305745.719099998474121, -2631934.7331000007689 ], [ 305613.624499998986721, -2631815.528499998152256 ], [ 305613.763199999928474, -2631773.848900001496077 ], [ 305447.489500001072884, -2631700.148400001227856 ], [ 305392.033700000494719, -2631699.6349 ], [ 305219.838799998164177, -2631618.871199999004602 ], [ 305156.319099999964237, -2631625.444400001317263 ], [ 305010.632699999958277, -2631552.863400001078844 ], [ 304722.621399998664856, -2631285.718199998140335 ], [ 304624.037599999457598, -2631087.8125 ], [ 304564.188700001686811, -2631033.953000001609325 ], [ 304502.319899998605251, -2630919.551600001752377 ], [ 303853.111999999731779, -2630557.870799999684095 ], [ 303840.6435999982059, -2630489.768500000238419 ], [ 303564.596200000494719, -2630370.606800001114607 ], [ 303519.980799999088049, -2630327.034400001168251 ], [ 303445.941799998283386, -2630149.825500000268221 ], [ 303355.554400000721216, -2630001.366599999368191 ], [ 303249.511300001293421, -2629905.020700000226498 ], [ 303158.00789999961853, -2629872.996399998664856 ], [ 303163.17680000141263, -2629657.971799999475479 ], [ 303139.008000001311302, -2629503.587900001555681 ], [ 303238.023400001227856, -2629427.06810000166297 ], [ 303338.655600000172853, -2629505.709899999201298 ], [ 303433.606100000441074, -2629460.042300000786781 ], [ 303411.324499998241663, -2629397.510899998247623 ], [ 303285.183100000023842, -2629251.35700000077486 ], [ 303262.802999999374151, -2629135.916999999433756 ], [ 303287.101199999451637, -2629097.493999999016523 ], [ 303370.740699999034405, -2629070.424400001764297 ], [ 303485.026700001209974, -2628871.3739 ], [ 303555.964899998158216, -2628680.855599999427795 ], [ 303743.662999998778105, -2628418.688299998641014 ], [ 303922.566399998962879, -2628292.956799998879433 ], [ 303868.889499999582767, -2628260.924499999731779 ], [ 303945.676500000059605, -2628198.203200001269579 ], [ 303962.69709999859333, -2628119.8717 ], [ 303923.352800000458956, -2628049.760000001639128 ], [ 303780.917700000107288, -2627940.230099998414516 ], [ 303681.495299998670816, -2627817.991999998688698 ], [ 303654.033500000834465, -2627624.959499999880791 ], [ 303535.941500000655651, -2627484.958700001239777 ], [ 303500.707499999552965, -2627399.574499998241663 ], [ 303496.059200000017881, -2627261.152499999850988 ], [ 303509.053399998694658, -2627223.226100001484156 ], [ 303395.329799998551607, -2627114.81529999896884 ], [ 303234.77419999986887, -2627003.047699999064207 ], [ 303151.287500001490116, -2626841.6266999989748 ], [ 303126.5912000015378, -2626741.14640000090003 ], [ 303019.696199998259544, -2626578.108399998396635 ], [ 303172.217999998480082, -2625900.667899999767542 ], [ 303276.333299998193979, -2625789.636300001293421 ], [ 303306.372299998998642, -2625674.179900001734495 ], [ 303171.731600001454353, -2625279.932199999690056 ], [ 303081.965700000524521, -2625099.231100000441074 ], [ 303049.825800001621246, -2624805.231800001114607 ], [ 303023.872299998998642, -2624723.113800000399351 ], [ 303091.561099998652935, -2624426.132599998265505 ], [ 303136.043099999427795, -2624351.579199999570847 ], [ 303199.608600001782179, -2624294.733600001782179 ], [ 303209.955899998545647, -2624212.735500000417233 ], [ 303254.432900000363588, -2624186.770199999213219 ], [ 303412.479899998754263, -2624007.0304000005126 ], [ 303420.39640000090003, -2623914.961100000888109 ], [ 303445.59739999845624, -2623849.569699998944998 ], [ 303445.897599998861551, -2623619.430300001055002 ], [ 303416.997099999338388, -2623378.796399999409914 ], [ 303475.639499999582767, -2623286.092500001192093 ], [ 303509.080699998885393, -2623184.925799999386072 ], [ 303463.997600000351667, -2623086.018100000917912 ], [ 303354.63910000026226, -2623030.958200000226498 ], [ 303350.863200001418591, -2622934.10530000180006 ], [ 303310.349700000137091, -2622848.550000000745058 ], [ 303337.290399998426437, -2622790.695000000298023 ], [ 303323.890399999916553, -2622755.837000001221895 ], [ 303284.138799998909235, -2622791.608899999409914 ], [ 303077.029100000858307, -2622444.929999999701977 ], [ 303033.596799999475479, -2622461.208799999207258 ], [ 302998.12779999896884, -2622359.367199998348951 ], [ 302992.889800000935793, -2622165.502700001001358 ], [ 302971.016399998217821, -2622098.620700001716614 ], [ 302914.567200001329184, -2622045.171799998730421 ], [ 302598.178899999707937, -2622093.08559999987483 ], [ 302504.762899998575449, -2622163.714699998497963 ], [ 302389.489999998360872, -2622167.449400000274181 ], [ 302211.144000001251698, -2622071.727600000798702 ], [ 301922.859000001102686, -2622047.588199999183416 ], [ 301886.762800000607967, -2621602.069699998944998 ], [ 301998.01630000025034, -2621410.384799998253584 ], [ 302023.494300000369549, -2621333.724599998444319 ], [ 302035.291200000792742, -2621299.358600001782179 ], [ 301967.628699999302626, -2621014.626800000667572 ], [ 301703.375300001353025, -2620935.709100000560284 ], [ 301686.139400001615286, -2620899.465199999511242 ], [ 301703.247400000691414, -2620831.503400001674891 ], [ 301748.949499998241663, -2620776.753199998289347 ], [ 301757.666200000792742, -2620695.865699999034405 ], [ 301834.468800000846386, -2620566.420499999076128 ], [ 301888.188499998301268, -2620424.832400001585484 ], [ 301890.254599999636412, -2620376.80689999833703 ], [ 301820.420899998396635, -2620105.292700000107288 ], [ 301828.83049999922514, -2620026.274700000882149 ], [ 301779.150299999862909, -2619907.870900001376867 ], [ 301759.531599998474121, -2619719.095199998468161 ], [ 301758.697299998253584, -2619690.514600001275539 ], [ 301758.751499999314547, -2619686.186099998652935 ], [ 301757.631499998271465, -2619627.376499999314547 ], [ 301816.619800001382828, -2619539.808600001037121 ], [ 301954.085099998861551, -2619473.673000000417233 ], [ 302082.305900000035763, -2619338.170499999076128 ], [ 302287.431499999016523, -2619271.947799999266863 ], [ 302411.855799999088049, -2619198.537099998444319 ], [ 302466.053100001066923, -2619214.925700001418591 ], [ 302674.841400001198053, -2619130.042700000107288 ], [ 302805.986600000411272, -2619104.415800001472235 ], [ 302860.598499998450279, -2619055.551899999380112 ], [ 303109.206799998879433, -2618942.588199999183416 ], [ 303236.436999998986721, -2618960.856199998408556 ], [ 303303.0472999997437, -2619011.283700000494719 ], [ 303385.36089999973774, -2619030.429400000721216 ], [ 303495.424499999731779, -2619021.205800000578165 ], [ 303723.274500001221895, -2618878.384500000625849 ], [ 303899.880399998277426, -2618827.52140000090003 ], [ 304071.731899999082088, -2619077.590700000524521 ], [ 304204.02419999986887, -2619206.282600000500679 ], [ 304542.59569999948144, -2619362.318399999290705 ], [ 304552.521499998867512, -2619367.188999999314547 ], [ 304758.3761, -2619462.273400001227856 ], [ 304706.301600001752377, -2619817.335400000214577 ], [ 304639.852099999785423, -2620068.126899998635054 ], [ 304642.507500000298023, -2620223.255699999630451 ], [ 304583.532600000500679, -2620414.122499998658895 ], [ 304615.919900000095367, -2620475.44990000128746 ], [ 304779.497699998319149, -2620560.66780000180006 ], [ 304822.160000000149012, -2620672.006299998611212 ], [ 304936.47749999910593, -2620563.224899999797344 ], [ 305043.914500001817942, -2620583.720199998468161 ], [ 305203.773899998515844, -2620700.529699999839067 ], [ 305261.758000001311302, -2620711.191199999302626 ], [ 305279.293000001460314, -2620762.971000000834465 ], [ 305326.924400001764297, -2620745.24439999833703 ], [ 305475.887600000947714, -2620783.427400000393391 ], [ 305482.883200000971556, -2620930.208599999547005 ], [ 305494.048799999058247, -2621162.428199999034405 ], [ 305543.615600001066923, -2621191.468600001186132 ], [ 305624.537799999117851, -2621348.64919999986887 ], [ 305669.44539999961853, -2621501.484499998390675 ], [ 305648.324999999254942, -2621576.892200000584126 ], [ 305692.7804000005126, -2621641.131700001657009 ], [ 305681.935100000351667, -2621717.958000000566244 ], [ 305986.625700000673532, -2621983.663699999451637 ], [ 306006.839800000190735, -2622059.489500001072884 ], [ 306031.791600000113249, -2622085.258900001645088 ], [ 306037.917199999094009, -2622230.324200000613928 ], [ 306068.947999998927116, -2622278.033399999141693 ], [ 306120.656300000846386, -2622304.094099998474121 ], [ 306126.227899998426437, -2622395.514800000935793 ], [ 306184.462799999862909, -2622409.534600000828505 ], [ 306254.335299998521805, -2622272.891399998217821 ], [ 306544.441199999302626, -2622229.431200001388788 ], [ 306592.126499999314547, -2622366.232700001448393 ], [ 306673.836599998176098, -2622509.528499998152256 ], [ 306778.142099998891354, -2622653.597899999469519 ], [ 306893.003400001674891, -2622756.47520000115037 ], [ 306918.446199998259544, -2622990.5702 ], [ 307036.124499998986721, -2622973.389499999582767 ], [ 307094.116900000721216, -2623003.014199998229742 ], [ 307220.473200000822544, -2623111.483300000429153 ], [ 307310.22069999948144, -2623264.298700001090765 ], [ 307450.537099998444319, -2623396.278400000184774 ], [ 307524.292599998414516, -2623427.584499999880791 ], [ 307586.22239999845624, -2623552.355700001120567 ], [ 307662.985399998724461, -2623611.985399998724461 ], [ 307725.973700001835823, -2623607.215599998831749 ], [ 308073.407299999147654, -2623773.034800000488758 ], [ 308188.834199998527765, -2623876.719300001859665 ], [ 308445.397599998861551, -2624171.429699998348951 ], [ 308516.863200001418591, -2624318.399399999529123 ], [ 308532.286400001496077, -2624437.35359999909997 ], [ 308624.769799999892712, -2624565.4712999984622 ], [ 308677.889199998229742, -2624803.158700000494719 ], [ 308769.2027000002563, -2625076.42960000038147 ], [ 308718.182599999010563, -2625079.807799998670816 ], [ 308856.056400001049042, -2625207.8191 ], [ 308905.015000000596046, -2625339.226100001484156 ], [ 308860.701200000941753, -2625339.312399998307228 ], [ 308935.912200000137091, -2625502.348900001496077 ], [ 308920.023400001227856, -2625591.99040000140667 ], [ 308982.301399998366833, -2625619.375700000673532 ], [ 309111.254099998623133, -2625795.215199999511242 ], [ 309081.929999999701977, -2625833.5011 ], [ 309117.008000001311302, -2625883.212000001221895 ], [ 309195.935400001704693, -2625934.710999999195337 ], [ 309236.232299998402596, -2626126.218600001186132 ], [ 309223.025499999523163, -2626364.894799999892712 ], [ 309097.958700001239777, -2626566.307900000363588 ], [ 309077.42790000140667, -2626647.726399999111891 ], [ 308958.652699999511242, -2626815.502000000327826 ], [ 308925.221099998801947, -2626906.286200001835823 ], [ 308955.918299999088049, -2626932.162300001829863 ], [ 308951.281500000506639, -2627046.434799998998642 ], [ 308899.994500000029802, -2627062.935600001364946 ], [ 308918.428800001740456, -2627166.752999998629093 ], [ 308827.002999998629093, -2627217.457699999213219 ], [ 308761.598299998790026, -2627431.874499998986721 ], [ 308779.507699999958277, -2627549.526700001209974 ], [ 308937.608600001782179, -2628010.4391999989748 ], [ 309036.618599999696016, -2628214.184900000691414 ], [ 309083.301699999719858, -2628206.983899999409914 ], [ 309212.666200000792742, -2628514.857700001448393 ], [ 309252.336800001561642, -2628637.811599999666214 ], [ 309250.267599999904633, -2628738.0088 ], [ 309282.583999998867512, -2628794.086300000548363 ], [ 309352.614000000059605, -2628769.342199999839067 ], [ 309400.416400000452995, -2628964.426100000739098 ], [ 309461.42509999871254, -2629101.372400000691414 ], [ 309483.129000000655651, -2629213.467799998819828 ], [ 309555.827100001275539, -2629389.1129 ], [ 309658.867499999701977, -2629531.582100000232458 ], [ 309652.704900000244379, -2629672.115800000727177 ], [ 309722.760299999266863, -2629739.464999999850988 ], [ 309793.069200001657009, -2629976.072000000625849 ], [ 310020.168200001120567, -2630137.851399999111891 ], [ 310312.897799998521805, -2630435.112300001084805 ], [ 310402.667700000107288, -2630494.880800001323223 ], [ 310542.109700001776218, -2630480.129200000315905 ], [ 310571.205200001597404, -2630568.802000001072884 ], [ 310716.943199999630451, -2630646.327799998223782 ], [ 310996.184300001710653, -2630845.261100001633167 ], [ 311114.910599999129772, -2631006.681200001388788 ], [ 311422.057500001043081, -2631191.80689999833703 ], [ 311506.447299998253584, -2631242.619899999350309 ], [ 311702.125100001692772, -2631302.005899999290705 ], [ 311841.482299998402596, -2631447.974599998444319 ], [ 311916.243200000375509, -2631453.921599999070168 ], [ 312036.916499998420477, -2631376.185699999332428 ], [ 312224.400600001215935, -2631351.332899998873472 ], [ 312297.263599999248981, -2631324.464200001209974 ], [ 312353.480399999767542, -2631278.618200000375509 ], [ 312441.297200001776218, -2631292.559900000691414 ], [ 312445.481600001454353, -2631244.237500000745058 ], [ 312409.349800001829863, -2631185.105000000447035 ], [ 312437.379999998956919, -2631134.064599998295307 ], [ 312508.208000000566244, -2631123.037599999457598 ], [ 312547.528900001198053, -2631059.27140000090003 ], [ 312516.3766999989748, -2630973.468400001525879 ], [ 312464.845800001174212, -2630901.4695999994874 ], [ 312513.018800001591444, -2630735.878899998962879 ], [ 312623.244500000029802, -2630597.646999999880791 ], [ 312804.083099998533726, -2630479.702199999243021 ], [ 312962.660000000149012, -2630303.579100001603365 ], [ 312843.334300000220537, -2630094.590900000184774 ], [ 312862.445000000298023, -2629907.288199998438358 ], [ 312967.059000000357628, -2629864.436500001698732 ], [ 313086.370600000023842, -2629876.199400000274181 ], [ 313104.454999998211861, -2629807.195999998599291 ], [ 313085.807100001722574, -2629737.345100000500679 ], [ 313113.091299999505281, -2629701.072200000286102 ], [ 313126.651299998164177, -2629638.64919999986887 ], [ 313081.891100000590086, -2629643.071600001305342 ], [ 313100.896999999880791, -2629606.0777000002563 ], [ 313061.553300000727177, -2629589.92339999973774 ], [ 312960.137899998575449, -2629641.961399998515844 ], [ 312827.942899998277426, -2629530.840599998831749 ], [ 312931.871399998664856, -2629477.597600001841784 ], [ 312947.264199998229742, -2629269.897799998521805 ], [ 313014.234299998730421, -2629146.355200000107288 ], [ 313378.788199998438358, -2629343.642700001597404 ], [ 313395.658100001513958, -2629445.023800000548363 ], [ 313360.348200000822544, -2629521.315000001341105 ], [ 313350.621199999004602, -2629767.406700000166893 ], [ 313379.167199999094009, -2629883.111900001764297 ], [ 313356.106499999761581, -2629928.329799998551607 ], [ 313392.834899999201298, -2629947.413899999111891 ], [ 313349.338599998503923, -2630109.853799998760223 ], [ 313318.947500001639128, -2630170.864700000733137 ], [ 313287.641199998557568, -2630155.467199999839067 ], [ 313276.981600001454353, -2630210.5962999984622 ], [ 313290.001600001007318, -2630254.252700001001358 ], [ 313265.463199999183416, -2630294.518199998885393 ], [ 313310.138199999928474, -2630430.745400000363588 ], [ 313330.388999998569489, -2630615.988499999046326 ], [ 313321.076999999582767, -2630676.1974 ], [ 313275.0135000012815, -2630735.550599999725819 ], [ 313264.830899998545647, -2630803.716099999845028 ], [ 313111.680100001394749, -2630922.729699999094009 ], [ 313041.933400001376867, -2630856.3301 ], [ 313009.875399999320507, -2630907.849899999797344 ], [ 312966.490699999034405, -2630920.877000000327826 ], [ 312905.744800001382828, -2630904.640599999576807 ], [ 312852.711500000208616, -2630983.032600000500679 ], [ 312891.962900001555681, -2631053.062600001692772 ], [ 312961.276399999856949, -2631126.465399999171495 ], [ 313026.189599998295307, -2631136.159299999475479 ], [ 313040.998799998313189, -2631175.281800001859665 ], [ 313005.871899999678135, -2631228.08729999884963 ], [ 313044.695000000298023, -2631284.271099999547005 ], [ 312993.2179000005126, -2631398.116500001400709 ], [ 313153.035999998450279, -2631422.496100001037121 ], [ 313318.875199999660254, -2631638.2478 ], [ 313423.072299998253584, -2631695.3048 ], [ 313500.907000001519918, -2631699.921700000762939 ], [ 313566.652699999511242, -2631677.396600000560284 ], [ 313593.916700001806021, -2631637.594399999827147 ], [ 313584.401900000870228, -2631583.159200001507998 ], [ 313619.674100000411272, -2631451.186000000685453 ], [ 313598.892200000584126, -2631357.323300000280142 ], [ 313601.377399999648333, -2631244.065400000661612 ], [ 313620.933600001037121, -2631175.687399998307228 ], [ 313696.171599999070168, -2631159.771999999880791 ], [ 313696.239799998700619, -2631096.332400001585484 ], [ 313742.106699999421835, -2631001.350600000470877 ], [ 313669.403299998492002, -2630868.478700000792742 ], [ 313710.341899998486042, -2630834.903400000184774 ], [ 313716.121100001037121, -2630656.906800001859665 ], [ 313843.463700000196695, -2630631.35020000115037 ], [ 313825.357799999415874, -2630494.469399999827147 ], [ 313847.345899999141693, -2630444.937899999320507 ], [ 313935.430599998682737, -2630471.768899999558926 ], [ 313968.225000001490116, -2630499.175900001078844 ], [ 314140.21680000051856, -2630430.019600000232458 ], [ 314176.143899999558926, -2630450.891800001263618 ], [ 314199.703099999576807, -2630517.53940000012517 ], [ 314188.447599999606609, -2630726.594700001180172 ], [ 314225.616200000047684, -2630796.864799998700619 ], [ 314199.861099999397993, -2631104.902800001204014 ], [ 314348.733199998736382, -2630995.904800001531839 ], [ 314362.325899999588728, -2630915.135600000619888 ], [ 314420.721799999475479, -2630909.975299999117851 ], [ 314409.168800000101328, -2630860.909200001507998 ], [ 314447.60700000077486, -2630727.743599999696016 ], [ 314497.199400000274181, -2630673.194200001657009 ], [ 314645.068900000303984, -2630676.355900000780821 ], [ 314619.371100001037121, -2630770.641800001263618 ], [ 314650.425799999386072, -2630768.63399999961257 ], [ 314685.703899998217821, -2630713.168999999761581 ], [ 314833.799499999731779, -2630824.025100000202656 ], [ 314953.109200000762939, -2630949.591299999505281 ], [ 315040.596700001507998, -2630988.652100000530481 ], [ 315204.166400000452995, -2631183.734400000423193 ], [ 315344.812800001353025, -2631246.831399999558926 ], [ 315377.383600000292063, -2631314.102699998766184 ], [ 315418.695700000971556, -2631336.941300000995398 ], [ 315453.622299998998642, -2631397.097600001841784 ], [ 315527.580600000917912, -2631389.942899998277426 ], [ 315565.940200001001358, -2631454.925799999386072 ], [ 315675.257599998265505, -2631479.963799998164177 ], [ 315840.324400000274181, -2631423.721799999475479 ], [ 315907.199999999254942, -2631437.444600000977516 ], [ 315965.429699998348951, -2631333.0735 ], [ 315961.653499998152256, -2631303.120099999010563 ], [ 316015.475600000470877, -2631300.187699999660254 ], [ 316139.153099998831749, -2631397.401000000536442 ], [ 316121.570500001311302, -2631486.410900000482798 ], [ 316153.255300000309944, -2631537.272999998182058 ], [ 316220.893500000238419, -2631537.918999999761581 ], [ 316236.441599998623133, -2631488.211899999529123 ], [ 316294.048799999058247, -2631424.797899998724461 ], [ 316463.980799999088049, -2631572.923599999397993 ], [ 316550.840999998152256, -2631584.232500001788139 ], [ 316603.741099998354912, -2631563.067699998617172 ], [ 316610.910500001162291, -2631476.215900000184774 ], [ 316766.155099999159575, -2631465.384300000965595 ], [ 316837.675900001078844, -2631422.836800001561642 ], [ 316881.362399999052286, -2631435.802299998700619 ], [ 317115.635400000959635, -2631225.112300001084805 ], [ 317252.247999999672174, -2631050.5625 ], [ 317357.28319999948144, -2630962.269200000911951 ], [ 317416.97410000115633, -2630826.47749999910593 ], [ 317407.350400000810623, -2630708.499899998307228 ], [ 317360.632100000977516, -2630524.735599998384714 ], [ 317438.18189999833703, -2630498.864700000733137 ], [ 317566.58559999987483, -2630402.606600001454353 ], [ 317666.500999998301268, -2630357.514199998229742 ], [ 317649.967999998480082, -2630332.520399998873472 ], [ 317708.133799999952316, -2630297.706999998539686 ], [ 317737.705899998545647, -2630311.561500001698732 ], [ 317794.331799998879433, -2630255.176199998706579 ], [ 317777.538100000470877, -2630233.739500001072884 ], [ 317830.571699999272823, -2630115.253199998289347 ], [ 317863.471799999475479, -2630106.956199999898672 ], [ 317830.351500000804663, -2629979.743200000375509 ], [ 317789.985100001096725, -2629994.0777000002563 ], [ 317723.355599999427795, -2629873.543800000101328 ], [ 317757.105599999427795, -2629857.272199999541044 ], [ 317797.396899998188019, -2629871.5456000007689 ], [ 317841.431600000709295, -2629786.269799999892712 ], [ 317732.055100001394749, -2629720.439500000327826 ], [ 317717.654100000858307, -2629682.204900000244379 ], [ 317766.013300001621246, -2629631.147599998861551 ], [ 317905.482900001108646, -2629647.314300000667572 ], [ 317922.683600001037121, -2629623.5945999994874 ], [ 317877.64299999922514, -2629546.4679000005126 ], [ 317925.453000001609325, -2629455.49720000103116 ], [ 317943.971799999475479, -2629332.528900001198053 ], [ 318023.543099999427795, -2629285.542899999767542 ], [ 317997.98369999974966, -2629184.311999998986721 ], [ 318016.366999998688698, -2629011.810600001364946 ], [ 318052.591699998825788, -2628870.9864999987185 ], [ 317982.11710000038147, -2628778.721500001847744 ], [ 317991.680300001055002, -2628731.551399998366833 ], [ 318017.438499998301268, -2628706.676100000739098 ], [ 318047.634700000286102, -2628716.923900000751019 ], [ 318067.513599999248981, -2628678.864700000733137 ], [ 318023.818199999630451, -2628521.625399999320507 ], [ 317959.09910000115633, -2628388.686599999666214 ], [ 317957.453099999576807, -2628338.549499999731779 ], [ 317891.263700000941753, -2628330.0439000017941 ], [ 317862.068999998271465, -2628241.432100001722574 ], [ 317882.489900000393391, -2628205.937199998646975 ], [ 317862.273699998855591, -2628164.988600000739098 ], [ 317824.68189999833703, -2628168.624299999326468 ], [ 317777.287999998778105, -2628146.561599999666214 ], [ 317644.155499998480082, -2628198.300299998372793 ], [ 317615.994699999690056, -2628178.248700000345707 ], [ 317669.905600000172853, -2627997.024300001561642 ], [ 317767.618999999016523, -2627803.670899998396635 ], [ 317742.173000000417233, -2627726.7982 ], [ 317710.770799998193979, -2627694.94539999961853 ], [ 317724.886300001293421, -2627536.879700001329184 ], [ 317769.82209999859333, -2627578.366999998688698 ], [ 318043.025699999183416, -2627006.618200000375509 ], [ 318026.980900000780821, -2626992.83500000089407 ], [ 317956.863899998366833, -2627109.978700000792742 ], [ 317932.466699998825788, -2627122.500100001692772 ], [ 317871.423700001090765, -2627135.915100000798702 ], [ 317831.157400000840425, -2627166.872299998998642 ], [ 317813.543600000441074, -2627138.590399999171495 ], [ 317835.859900001436472, -2627094.205400001257658 ], [ 317826.311299998313189, -2627034.550299998372793 ], [ 317809.261700000613928, -2627003.587099999189377 ], [ 317769.692200001329184, -2626994.481300000101328 ], [ 317758.836300000548363, -2626976.657400000840425 ], [ 317792.085999999195337, -2626899.63569999858737 ], [ 317763.062399998307228, -2626879.6875 ], [ 317668.335099998861551, -2626924.1739999987185 ], [ 317618.631900001317263, -2626937.125599998980761 ], [ 317605.590199999511242, -2626923.104100000113249 ], [ 317612.038199998438358, -2626732.927400000393391 ], [ 317573.524599999189377, -2626693.286499999463558 ], [ 317562.889199998229742, -2626611.096900001168251 ], [ 317499.139699999243021, -2626673.57880000025034 ], [ 317488.326900001615286, -2626625.348900001496077 ], [ 317449.340399999171495, -2626644.858899999409914 ], [ 317460.881700001657009, -2626838.891699999570847 ], [ 317416.652100000530481, -2626740.034400001168251 ], [ 317352.077399998903275, -2626699.098799999803305 ], [ 317311.046799998730421, -2626588.570700000971556 ], [ 317252.785900000482798, -2626527.851100001484156 ], [ 317204.084199998527765, -2626532.822000000625849 ], [ 317199.7212999984622, -2626601.1064000017941 ], [ 317086.524900000542402, -2626617.400199998170137 ], [ 317023.229299999773502, -2626578.122999999672174 ], [ 316907.905999999493361, -2626429.529599998146296 ], [ 316862.686200000345707, -2626190.030900001525879 ], [ 316764.782499998807907, -2626129.758299998939037 ], [ 316709.821199998259544, -2626166.785100001841784 ], [ 316682.65089999884367, -2626147.40430000051856 ], [ 316600.04109999909997, -2626224.322700001299381 ], [ 316574.868099998682737, -2626189.094999998807907 ], [ 316484.305799998342991, -2626273.8048 ], [ 316428.432399999350309, -2626256.275400001555681 ], [ 316364.197500001639128, -2626169.277800001204014 ], [ 316349.657499998807907, -2626114.540899999439716 ], [ 316240.762899998575449, -2626135.5135000012815 ], [ 316275.356199998408556, -2626182.598799999803305 ], [ 316258.598999999463558, -2626207.155200000852346 ], [ 316179.92509999871254, -2626200.231199998408556 ], [ 316168.646899998188019, -2626111.176699999719858 ], [ 316029.712499998509884, -2626116.621899999678135 ], [ 316000.894400000572205, -2626170.4254 ], [ 315962.7043999992311, -2626156.795699998736382 ], [ 315957.394299998879433, -2626122.706999998539686 ], [ 315845.477800000458956, -2626087.542399998754263 ], [ 315773.743500001728535, -2626098.796799998730421 ], [ 315559.054200001060963, -2625944.683600001037121 ], [ 315394.269799999892712, -2625898.551100000739098 ], [ 315317.894099999219179, -2625841.67509999871254 ], [ 315152.840199999511242, -2625824.145199999213219 ], [ 315154.197700001299381, -2625690.97690000012517 ], [ 315112.2010000012815, -2625439.821699999272823 ], [ 315194.116500001400709, -2625386.489799998700619 ], [ 315188.429499998688698, -2625240.39750000089407 ], [ 315253.23369999974966, -2625127.515299998223782 ], [ 315214.398499999195337, -2624917.543699998408556 ], [ 315215.36540000140667, -2624747.199000000953674 ], [ 315325.293099999427795, -2624626.274099998176098 ], [ 315273.276900000870228, -2624517.859700001776218 ], [ 315319.013199999928474, -2624475.017000000923872 ], [ 315287.059399999678135, -2624417.1393 ], [ 315227.561299998313189, -2624448.658500000834465 ], [ 315179.459899999201298, -2624393.631000000983477 ], [ 315049.662300001829863, -2624332.703400000929832 ], [ 315005.123599998652935, -2624258.114999998360872 ], [ 314875.394200000911951, -2624172.920000001788139 ], [ 314843.492300000041723, -2624042.950899999588728 ], [ 314811.582400001585484, -2623757.574499998241663 ], [ 314751.479899998754263, -2623735.181699998676777 ], [ 314697.629999998956919, -2623624.3651 ], [ 314498.38399999961257, -2623381.605099998414516 ], [ 314363.080899998545647, -2623077.316100001335144 ], [ 314331.711100000888109, -2622989.878400001674891 ], [ 314325.144900001585484, -2622907.205400001257658 ], [ 314265.862199999392033, -2622795.337999999523163 ], [ 314260.349399998784065, -2622740.432100001722574 ], [ 314221.037799999117851, -2622684.349599998444319 ], [ 314203.424899999052286, -2622618.70890000090003 ], [ 314277.507699999958277, -2622533.320900000631809 ], [ 314290.42680000141263, -2622496.257199998944998 ], [ 314431.575399998575449, -2622507.916700001806021 ], [ 314466.084800001233816, -2622382.1776 ], [ 314500.770700000226498, -2622349.324499998241663 ], [ 314541.552499998360872, -2622336.695500001311302 ], [ 314633.596000000834465, -2622350.8147 ], [ 314670.217500001192093, -2622368.168999999761581 ], [ 314757.813799999654293, -2622410.598700001835823 ], [ 314792.692200001329184, -2622286.52309999987483 ], [ 314878.905900001525879, -2622190.20719999819994 ], [ 314901.362799998372793, -2622063.293600000441074 ], [ 314832.339999999850988, -2621926.526000000536442 ], [ 314795.631400000303984, -2621765.050299998372793 ], [ 314738.015099998563528, -2621693.7467 ], [ 314690.008499998599291, -2621329.490800000727177 ], [ 314627.958500001579523, -2621257.925599999725819 ], [ 314510.951200000941753, -2621008.741900000721216 ], [ 314507.1864, -2620924.032699998468161 ], [ 314535.371700000017881, -2620868.512200001627207 ], [ 314506.355500001460314, -2620786.041200000792742 ], [ 314486.191599998623133, -2620753.732799999415874 ], [ 314440.006900001317263, -2620756.658100001513958 ], [ 314394.493999999016523, -2620730.013700000941753 ], [ 314373.215700000524521, -2620654.346799999475479 ], [ 314380.889600001275539, -2620433.697700001299381 ], [ 314257.199299998581409, -2620404.2467 ], [ 314230.666999999433756, -2620361.318799998611212 ], [ 314239.004399999976158, -2620303.964999999850988 ], [ 314305.638000000268221, -2620232.568599998950958 ], [ 314414.307799998670816, -2620122.1858000010252 ], [ 314495.458299998193979, -2620078.640299998223782 ], [ 314607.984299998730421, -2620075.48759999871254 ], [ 314718.01240000128746, -2620132.635400000959635 ], [ 314955.148499999195337, -2619988.576400000602007 ], [ 314985.969999998807907, -2619977.12950000166893 ], [ 315020.098499998450279, -2620098.941700000315905 ], [ 315001.941399998962879, -2620149.744199998676777 ], [ 314910.119500000029802, -2620185.148200001567602 ], [ 314892.190499998629093, -2620256.747299998998642 ], [ 315000.234600000083447, -2620304.562199998646975 ], [ 315023.848299998790026, -2620330.405299998819828 ], [ 315013.285900000482798, -2620383.8260000012815 ], [ 314961.165399998426437, -2620425.721900001168251 ], [ 315009.484099999070168, -2620487.662099998444319 ], [ 314998.452899999916553, -2620627.088199999183416 ], [ 315090.217799998819828, -2620783.647300001233816 ], [ 315052.010800000280142, -2620817.843499999493361 ], [ 315120.786899998784065, -2620936.410599999129772 ], [ 315146.809999998658895, -2621099.956799998879433 ], [ 315197.385899998247623, -2621119.954 ], [ 315226.937699999660254, -2621109.4474 ], [ 315174.555300001055002, -2620931.647399999201298 ], [ 315195.577599998563528, -2620851.815099999308586 ], [ 315188.596000000834465, -2620774.432799998670816 ], [ 315122.612700000405312, -2620632.087000001221895 ], [ 315166.163800001144409, -2620602.593699999153614 ], [ 315185.086199998855591, -2620461.30799999833107 ], [ 315231.911800000816584, -2620420.943599998950958 ], [ 315262.311799999326468, -2620429.475099999457598 ], [ 315351.526299998164177, -2620844.324799999594688 ], [ 315315.656199999153614, -2621155.251299999654293 ], [ 315343.727299999445677, -2621309.1081000007689 ], [ 315380.49210000038147, -2621351.600499998778105 ], [ 315422.410300001502037, -2621605.462499998509884 ], [ 315448.852600000798702, -2621637.011500000953674 ], [ 315422.679499998688698, -2621881.654399998486042 ], [ 315464.173099998384714, -2622104.261500000953674 ], [ 315355.156899999827147, -2622221.553899999707937 ], [ 315320.999299999326468, -2622324.721400000154972 ], [ 315211.394600000232458, -2622432.623799998313189 ], [ 315175.518100000917912, -2622508.105999998748302 ], [ 315136.679800000041723, -2622538.842599999159575 ], [ 315205.94200000166893, -2622880.640999998897314 ], [ 315262.900299999862909, -2622934.590399999171495 ], [ 315309.193199999630451, -2623430.246899999678135 ], [ 315334.377999998629093, -2623479.36939999833703 ], [ 315386.636399999260902, -2623502.575199998915195 ], [ 315345.934799998998642, -2623693.406399998813868 ], [ 315321.773499999195337, -2623711.916000001132488 ], [ 315308.089800000190735, -2623857.818999998271465 ], [ 315376.361699998378754, -2623846.087600000202656 ], [ 315383.714899998158216, -2623707.088899999856949 ], [ 315440.140500001609325, -2623470.072799999266863 ], [ 315495.702599998563528, -2623437.310400001704693 ], [ 315527.700800001621246, -2623467.393399998545647 ], [ 315560.910799998790026, -2623837.78830000013113 ], [ 315670.284800000488758, -2624258.11710000038147 ], [ 315578.697599999606609, -2624578.393100000917912 ], [ 315618.726399999111891, -2624757.825599998235703 ], [ 315806.910900000482798, -2625084.423599999397993 ], [ 315998.644099999219179, -2625186.383299998939037 ], [ 316023.423200000077486, -2625137.39640000090003 ], [ 316094.691500000655651, -2625165.249200001358986 ], [ 316111.815200001001358, -2625294.368599999696016 ], [ 316164.47069999948144, -2625353.276900000870228 ], [ 316114.982200000435114, -2625439.975400000810623 ], [ 316141.000500001013279, -2625508.9189000017941 ], [ 316198.567099999636412, -2625537.628499999642372 ], [ 316187.746100001037121, -2625555.443900000303984 ], [ 316248.346799999475479, -2625615.108199998736382 ], [ 316303.190000001341105, -2625611.116900000721216 ], [ 316333.584199998527765, -2625529.223799999803305 ], [ 316382.736299999058247, -2625501.556200001388788 ], [ 316357.833599999547005, -2625448.07660000026226 ], [ 316296.968499999493361, -2625409.397999998182058 ], [ 316335.001899998635054, -2625342.305599998682737 ], [ 316407.825599998235703, -2625442.051899999380112 ], [ 316438.559900000691414, -2625540.832499999552965 ], [ 316463.417300000786781, -2625535.331300001591444 ], [ 316468.208399999886751, -2625508.673300001770258 ], [ 316492.631099998950958, -2625520.422400001436472 ], [ 316490.054499998688698, -2625550.342500001192093 ], [ 316549.743400000035763, -2625614.315200001001358 ], [ 316571.005100000649691, -2625583.170899998396635 ], [ 316699.081300001591444, -2625574.666900001466274 ], [ 316751.622000001370907, -2625549.993200000375509 ], [ 316780.87220000103116, -2625560.473499998450279 ], [ 316893.370099999010563, -2625431.311000000685453 ], [ 316888.043099999427795, -2625390.280200000852346 ], [ 316924.776200000196695, -2625368.421 ], [ 316973.804299999028444, -2625372.063499998301268 ], [ 316983.839600000530481, -2625459.453499998897314 ], [ 317011.860100001096725, -2625484.770100001245737 ], [ 317052.502599999308586, -2625483.278200000524521 ], [ 317044.297800000756979, -2625507.729800000786781 ], [ 317072.486999999731779, -2625507.849399998784065 ], [ 317068.178700000047684, -2625477.968699999153614 ], [ 317123.63230000063777, -2625468.648600000888109 ], [ 317170.196400001645088, -2625338.784699998795986 ], [ 317341.770799998193979, -2625342.422499999403954 ], [ 317384.765700001269579, -2625315.470300000160933 ], [ 317440.970100000500679, -2625227.02419999986887 ], [ 317483.872699998319149, -2624936.799400001764297 ], [ 317381.752099998295307, -2624982.172699999064207 ], [ 317309.387600000947714, -2624982.269900001585484 ], [ 317305.346900001168251, -2624948.8224 ], [ 317230.999400001019239, -2624914.416799999773502 ], [ 317157.396999999880791, -2624914.655799999833107 ], [ 317119.928300000727177, -2624933.075100000947714 ], [ 317089.519799999892712, -2624881.059999998658895 ], [ 317111.053800001740456, -2624848.061500001698732 ], [ 317048.644999999552965, -2624726.232799999415874 ], [ 317082.279500000178814, -2624574.477200001478195 ], [ 317132.491999998688698, -2624503.151299998164177 ], [ 317241.892599999904633, -2624413.520899999886751 ], [ 317265.111099999397993, -2624316.882599998265505 ], [ 317262.882699999958277, -2624191.208599999547005 ], [ 317274.9662000015378, -2624169.69990000128746 ], [ 317377.86710000038147, -2624136.420699998736382 ], [ 317331.6570999994874, -2624038.6096 ], [ 317372.543299999088049, -2623969.439800001680851 ], [ 317419.273800000548363, -2623935.094799999147654 ], [ 317169.551199998706579, -2623748.93189999833703 ], [ 317149.235500000417233, -2623702.758499998599291 ], [ 317065.077799998223782, -2623663.392799999564886 ], [ 317064.102600000798702, -2623639.144799999892712 ], [ 316983.907600000500679, -2623563.767799999564886 ], [ 317022.603900000452995, -2623455.7051 ], [ 317100.405999999493361, -2623507.1074 ], [ 317122.665800001472235, -2623461.030900001525879 ], [ 317109.621899999678135, -2623310.478000000119209 ], [ 317092.231800001114607, -2623292.648699998855591 ], [ 317109.42339999973774, -2623248.896699998527765 ], [ 317143.212000001221895, -2623248.22580000013113 ], [ 317180.885099999606609, -2623180.246500000357628 ], [ 317196.593400001525879, -2623191.443 ], [ 317237.107500001788139, -2623149.990600001066923 ], [ 317275.841499999165535, -2623175.703699998557568 ], [ 317333.912000000476837, -2623146.137899998575449 ], [ 317368.903999999165535, -2623060.252000000327826 ], [ 317457.03319999948144, -2622990.489199999719858 ], [ 317509.024500001221895, -2622999.8004 ], [ 317613.878299999982119, -2622958.522100001573563 ], [ 317644.947599999606609, -2622875.613200001418591 ], [ 317577.529699999839067, -2622851.670400001108646 ], [ 317508.858600001782179, -2622751.35080000013113 ], [ 317510.545299999415874, -2622615.629700001329184 ], [ 317409.828099999576807, -2622415.915600001811981 ], [ 317434.36259999871254, -2622364.203899998217821 ], [ 317634.446899998933077, -2622273.9342 ], [ 317705.050999999046326, -2622296.690699998289347 ], [ 317729.421900000423193, -2622350.220199998468161 ], [ 317955.203699998557568, -2622495.712900001555681 ], [ 317971.780900001525879, -2622538.917100001126528 ], [ 317977.297499999403954, -2622612.035000000149012 ], [ 317949.268800001591444, -2622678.864999998360872 ], [ 317775.280200000852346, -2622931.911699999123812 ], [ 317908.162200000137091, -2623080.928199999034405 ], [ 317883.411299999803305, -2623123.894600000232458 ], [ 318068.310699999332428, -2623282.209300000220537 ], [ 318105.945900000631809, -2623332.420899998396635 ], [ 318124.594900000840425, -2623435.265000000596046 ], [ 318111.056600000709295, -2623496.015599999576807 ], [ 318131.074599999934435, -2623507.47690000012517 ], [ 318092.401900000870228, -2623660.663899999111891 ], [ 318119.344999998807907, -2623843.360199999064207 ], [ 318169.676100000739098, -2623890.211899999529123 ], [ 318144.421799998730421, -2623975.839400000870228 ], [ 318269.826900001615286, -2624147.3882 ], [ 318369.52419999986887, -2624399.505699999630451 ], [ 318259.395399998873472, -2624627.420299999415874 ], [ 318282.245000001043081, -2624666.329100001603365 ], [ 318253.491700001060963, -2624726.296 ], [ 318295.285199999809265, -2624768.153599999845028 ], [ 318274.460900001227856, -2624833.3136 ], [ 318206.611800000071526, -2624825.028599999845028 ], [ 318195.94370000064373, -2624761.978799998760223 ], [ 318165.082100000232458, -2624750.111400000751019 ], [ 318139.477299999445677, -2624878.2632 ], [ 318180.931499999016523, -2624908.878499999642372 ], [ 318178.559799998998642, -2624968.269299998879433 ], [ 318140.53489999845624, -2625074.574700001627207 ], [ 318111.923900000751019, -2625037.166200000792742 ], [ 318098.043400000780821, -2624977.119600001722574 ], [ 318076.936000000685453, -2625003.139199998229742 ], [ 318043.950699999928474, -2624987.2043999992311 ], [ 318062.113200001418591, -2624951.065999999642372 ], [ 318042.019799999892712, -2624934.482299998402596 ], [ 318010.530499998480082, -2624957.313999999314547 ], [ 317977.060300000011921, -2625048.265299998223782 ], [ 317948.302499998360872, -2624973.618900001049042 ], [ 317976.270899999886751, -2624918.98759999871254 ], [ 317960.027199998497963, -2624893.060400001704693 ], [ 317812.859400000423193, -2625064.731600001454353 ], [ 317804.210299998521805, -2624994.490899998694658 ], [ 317785.75620000064373, -2625000.249699998646975 ], [ 317790.822599999606609, -2625116.936599999666214 ], [ 317752.764600001275539, -2625165.840199999511242 ], [ 317712.871399998664856, -2625181.948600001633167 ], [ 317678.343100000172853, -2625293.857799999415874 ], [ 317693.317299999296665, -2625367.657800000160933 ], [ 317652.073399998247623, -2625462.160300001502037 ], [ 317711.379700001329184, -2625428.912000000476837 ], [ 317734.888900000602007, -2625482.549400001764297 ], [ 317731.902199998497963, -2625566.268300000578165 ], [ 317677.730200000107288, -2625649.236900001764297 ], [ 317699.615499999374151, -2625677.909200001507998 ], [ 317640.928199999034405, -2625812.788899999111891 ], [ 317610.587099999189377, -2625836.385499998927116 ], [ 317624.555700000375509, -2625907.693599998950958 ], [ 317716.834300000220537, -2625847.906199999153614 ], [ 317798.985399998724461, -2625673.742499999701977 ], [ 317839.14130000025034, -2625656.698100000619888 ], [ 317916.91609999909997, -2625670.739900000393391 ], [ 317936.950599998235703, -2625616.156899999827147 ], [ 318024.953899998217821, -2625801.041600000113249 ], [ 318104.55629999935627, -2625807.91270000115037 ], [ 318186.984099999070168, -2625668.433200001716614 ], [ 318203.519600000232458, -2625564.730399999767542 ], [ 318281.051399998366833, -2625515.364100001752377 ], [ 318291.299600001424551, -2625532.4560999982059 ], [ 318340.031899999827147, -2625505.594700001180172 ], [ 318361.658599998801947, -2625473.471799999475479 ], [ 318341.579300001263618, -2625445.495099999010563 ], [ 318415.507399998605251, -2625310.572200000286102 ], [ 318362.698300000280142, -2625201.386399999260902 ], [ 318479.759500000625849, -2625069.886 ], [ 318509.465199999511242, -2624985.535199999809265 ], [ 318556.271099999547005, -2624998.875799998641014 ], [ 318632.974899999797344, -2625106.076299998909235 ], [ 318668.289799999445677, -2625094.839600000530481 ], [ 318784.710799999535084, -2625177.168800000101328 ], [ 318853.055700000375509, -2625310.429400000721216 ], [ 318968.569699998944998, -2625167.812100000679493 ], [ 319005.172800000756979, -2625464.831000000238419 ], [ 318979.595499999821186, -2625499.261999998241663 ], [ 318982.359700001776218, -2625561.452300000935793 ], [ 319008.460099998861551, -2625555.775600001215935 ], [ 319010.662000000476837, -2625671.903599999845028 ], [ 318940.898200001567602, -2625744.604600001126528 ], [ 318924.566300000995398, -2625915.259799998253584 ], [ 318967.812600001692772, -2625996.788699999451637 ], [ 318928.117400001734495, -2626023.372000001370907 ], [ 318927.139199998229742, -2626206.854699999094009 ], [ 318906.867300000041723, -2626250.195700000971556 ], [ 318927.3136, -2626380.628899998962879 ], [ 319028.347800001502037, -2626385.664000000804663 ], [ 319092.662099998444319, -2626337.988000001758337 ], [ 319127.930900000035763, -2626216.397199999541044 ], [ 319185.830299999564886, -2626139.777899999171495 ], [ 319183.300599999725819, -2626087.923099998384714 ], [ 319082.978799998760223, -2625994.188400000333786 ], [ 319042.247499998658895, -2626003.463500000536442 ], [ 319019.865299999713898, -2625956.640500001609325 ], [ 319125.552999999374151, -2625783.900499999523163 ], [ 319167.755100000649691, -2625790.959399998188019 ], [ 319326.595199998468161, -2625598.758699998259544 ], [ 319300.77140000090003, -2625706.114100001752377 ], [ 319314.687100000679493, -2625731.412399999797344 ], [ 319300.638399999588728, -2625897.347699999809265 ], [ 319327.679400000721216, -2625913.996899999678135 ], [ 319373.592099998146296, -2625878.907999999821186 ], [ 319405.956599999219179, -2625821.102400001138449 ], [ 319487.778799999505281, -2625774.589800000190735 ], [ 319540.259899999946356, -2625558.871599998325109 ], [ 319504.405099999159575, -2625457.995999999344349 ], [ 319506.627399999648333, -2625417.751499999314547 ], [ 319474.532499998807907, -2625362.663499999791384 ], [ 319451.5760000012815, -2625461.003600001335144 ], [ 319464.697000000625849, -2625482.867899999022484 ], [ 319377.540800001472235, -2625556.912799999117851 ], [ 319337.954599998891354, -2625457.403499998152256 ], [ 319385.057599999010563, -2625356.124000001698732 ], [ 319424.469900000840425, -2625373.871599998325109 ], [ 319585.403400000184774, -2625171.831399999558926 ], [ 319626.371399998664856, -2625097.374200001358986 ], [ 319598.970199998468161, -2624990.347600001841784 ], [ 319697.578400000929832, -2625051.35020000115037 ], [ 319679.031199999153614, -2624969.324400000274181 ], [ 319710.110500000417233, -2624903.814599998295307 ], [ 319668.018800001591444, -2624768.167700000107288 ], [ 319616.131299998611212, -2624675.407499998807907 ], [ 319708.842999998480082, -2624691.105700001120567 ], [ 319695.669300001114607, -2624650.116099998354912 ], [ 319675.652399998158216, -2624628.181699998676777 ], [ 319631.379399999976158, -2624474.58559999987483 ], [ 319553.743000000715256, -2624411.941300000995398 ], [ 319537.933200001716614, -2624432.094099998474121 ], [ 319591.890399999916553, -2624514.129099998623133 ], [ 319577.338199999183416, -2624541.980099998414516 ], [ 319585.536299999803305, -2624587.1097999997437 ], [ 319568.189399998635054, -2624593.547200001776218 ], [ 319538.386199999600649, -2624523.256400000303984 ], [ 319507.13399999961257, -2624520.120799999684095 ], [ 319468.223999999463558, -2624365.066300000995398 ], [ 319472.188200000673532, -2624253.313700001686811 ], [ 319519.851100001484156, -2624245.808299999684095 ], [ 319479.196600001305342, -2624066.486900001764297 ], [ 319511.944899998605251, -2624106.7972999997437 ], [ 319550.730399999767542, -2624113.464200001209974 ], [ 319522.406599998474121, -2624049.95160000026226 ], [ 319533.5, -2624030.3728 ], [ 319554.958599999547005, -2624060.790600001811981 ], [ 319597.287399999797344, -2624028.644400000572205 ], [ 319513.104699999094009, -2623833.903400000184774 ], [ 319533.526200000196695, -2623812.280499998480082 ], [ 319603.847199998795986, -2623871.480900000780821 ], [ 319720.986699998378754, -2623929.3026 ], [ 319747.656599998474121, -2623976.501299999654293 ], [ 319822.965900000184774, -2623990.78940000012517 ], [ 319921.613000001758337, -2624094.248599998652935 ], [ 319976.478000000119209, -2624061.591699998825788 ], [ 319991.280299998819828, -2624030.175500001758337 ], [ 319938.940799999982119, -2623906.261199999600649 ], [ 319854.050999999046326, -2623886.2027000002563 ], [ 319874.522199999541044, -2623837.580699998885393 ], [ 319828.225699998438358, -2623815.438900001347065 ], [ 319874.164799999445677, -2623695.156300000846386 ], [ 319779.167300000786781, -2623462.554099999368191 ], [ 319749.535900000482798, -2623312.42119999974966 ], [ 319795.181200001388788, -2623269.5 ], [ 319874.723099999129772, -2623304.108600001782179 ], [ 319977.037799999117851, -2623201.203000001609325 ], [ 320041.883200000971556, -2623218.572999998927116 ], [ 320036.841899998486042, -2623104.5 ], [ 320001.583299998193979, -2623084.436000000685453 ], [ 320008.863699998706579, -2623021.8224 ], [ 319961.944400001317263, -2622786.896600000560284 ], [ 320005.330699998885393, -2622772.03489999845624 ], [ 320009.897599998861551, -2622712.372499998658895 ], [ 320049.104400001466274, -2622751.8902000002563 ], [ 320069.563900001347065, -2622733.791600000113249 ], [ 320084.165100000798702, -2622648.64750000089407 ], [ 319982.085099998861551, -2622571.584100000560284 ], [ 319902.874299999326468, -2622569.980900000780821 ], [ 319859.237799998372793, -2622510.041200000792742 ], [ 319883.653499998152256, -2622464.590199999511242 ], [ 320050.855399999767542, -2622472.774900000542402 ], [ 320106.152399998158216, -2622512.147900000214577 ], [ 320133.135099999606609, -2622470.583500001579523 ], [ 320151.573699999600649, -2622486.555500000715256 ], [ 320147.194400001317263, -2622533.216099999845028 ], [ 320185.700199998915195, -2622658.802700001746416 ], [ 320230.456399999558926, -2622735.000100001692772 ], [ 320180.403299998492002, -2622764.5636 ], [ 320174.062800001353025, -2622807.028499998152256 ], [ 320241.043299999088049, -2622866.611900001764297 ], [ 320236.924600001424551, -2622821.101100001484156 ], [ 320305.533399999141693, -2622732.770399998873472 ], [ 320332.309300001710653, -2622750.342099998146296 ], [ 320357.648600000888109, -2622696.909099999815226 ], [ 320348.062199998646975, -2622461.769900001585484 ], [ 320359.828899998217821, -2622418.53319999948144 ], [ 320393.857799999415874, -2622418.699799999594688 ], [ 320429.445700000971556, -2622531.656199999153614 ], [ 320499.790399998426437, -2622434.452500000596046 ], [ 320529.589999999850988, -2622351.777800001204014 ], [ 320587.274599999189377, -2622397.686700001358986 ], [ 320622.451999999582767, -2622479.482799999415874 ], [ 320681.454599998891354, -2622472.265500001609325 ], [ 320739.393500000238419, -2622437.394299998879433 ], [ 320748.508000001311302, -2622516.115200001746416 ], [ 320718.535999998450279, -2622562.373599998652935 ], [ 320695.953000001609325, -2622754.646699998527765 ], [ 320725.557599999010563, -2622825.738899998366833 ], [ 320759.143899999558926, -2622845.103199999779463 ], [ 320781.405000001192093, -2622943.165600001811981 ], [ 320815.017200000584126, -2622970.267099998891354 ], [ 320830.47749999910593, -2623054.472199998795986 ], [ 320799.931800000369549, -2623112.081300001591444 ], [ 320818.606699999421835, -2623140.204300001263618 ], [ 320871.986800000071526, -2623121.491799999028444 ], [ 320900.451799999922514, -2623144.094200000166893 ], [ 320875.038400001823902, -2623228.863499999046326 ], [ 321034.973600000143051, -2623517.714400000870228 ], [ 321025.671300001442432, -2623632.747499998658895 ], [ 321092.649099998176098, -2623621.028799999505281 ], [ 321156.730399999767542, -2623776.617899999022484 ], [ 321150.760000001639128, -2623905.940999999642372 ], [ 321180.577500000596046, -2623950.927000001072884 ], [ 321178.086500000208616, -2624007.719500001519918 ], [ 321127.951499998569489, -2624068.642700001597404 ], [ 321094.328600000590086, -2624175.266699999570847 ], [ 321090.209199998527765, -2624218.363899998366833 ], [ 321107.765500001609325, -2624210.975299999117851 ], [ 321125.608300000429153, -2624240.911299999803305 ], [ 321046.26069999858737, -2624367.941799998283386 ], [ 321112.622099999338388, -2624440.687899999320507 ], [ 321217.295299999415874, -2624618.999499998986721 ], [ 321220.817499998956919, -2624702.850400000810623 ], [ 321248.128699999302626, -2624755.090500000864267 ], [ 321345.245099999010563, -2624824.079 ], [ 321355.119300000369549, -2624875.832699999213219 ], [ 321340.264199998229742, -2624975.941300000995398 ], [ 321372.968600001186132, -2624947.561000000685453 ], [ 321404.819899998605251, -2624971.455899998545647 ], [ 321398.886599998921156, -2625006.925599999725819 ], [ 321431.235100001096725, -2625048.186099998652935 ], [ 321446.059599999338388, -2625127.120999999344349 ], [ 321425.081500001251698, -2625238.357099998742342 ], [ 321445.078000001609325, -2625297.639699999243021 ], [ 321410.915399998426437, -2625418.226300001144409 ], [ 321362.535599999129772, -2625430.308699999004602 ], [ 321282.423799999058247, -2625587.837499998509884 ], [ 321284.111800000071526, -2625733.546500001102686 ], [ 321312.607500001788139, -2625750.099899999797344 ], [ 321272.912900000810623, -2626013.068399999290705 ], [ 321266.195599999278784, -2626213.677099999040365 ], [ 321219.112199999392033, -2626313.288699999451637 ], [ 321145.316899999976158, -2626567.433400001376867 ], [ 321178.1689000017941, -2626589.499800000339746 ], [ 321214.318599998950958, -2626908.346999999135733 ], [ 321264.050900001078844, -2627066.513599999248981 ], [ 321312.615100000053644, -2627125.732700001448393 ], [ 321338.52140000090003, -2627122.563200000673532 ], [ 321386.179299999028444, -2627249.661499999463558 ], [ 321415.594300001859665, -2627272.145700000226498 ], [ 321499.1570999994874, -2627500.905900001525879 ], [ 321489.618000000715256, -2627529.072799999266863 ], [ 321429.279500000178814, -2627546.815699998289347 ], [ 321429.554299999028444, -2627598.159400001168251 ], [ 321446.491900000721216, -2627600.413100000470877 ], [ 321434.144900001585484, -2627683.597600001841784 ], [ 321487.752900000661612, -2627747.4309 ], [ 321538.929800000041723, -2627701.188799999654293 ], [ 321552.878600001335144, -2627723.853300001472235 ], [ 321519.210200000554323, -2627767.841400001198053 ], [ 321517.5439000017941, -2627953.267200000584126 ], [ 321452.946600001305342, -2628193.206799998879433 ], [ 321464.594999998807907, -2628501.964299999177456 ], [ 321477.110700000077486, -2628530.045200001448393 ], [ 321539.664500001817942, -2628536.299699999392033 ], [ 321552.217700000852346, -2628500.813700001686811 ], [ 321640.808100000023842, -2628556.951999999582767 ], [ 321611.063200000673532, -2628614.475600000470877 ], [ 321693.901399999856949, -2628573.016800001263618 ], [ 321706.101500000804663, -2628470.700800001621246 ], [ 321752.558699999004602, -2628561.500399999320507 ], [ 321685.60359999909997, -2628657.41440000012517 ], [ 321613.119899999350309, -2628690.660700000822544 ], [ 321573.711399998515844, -2628791.053199999034405 ], [ 321606.320700000971556, -2628918.294300001114607 ], [ 321714.69310000166297, -2628947.6415 ], [ 321706.595800001174212, -2628830.495900001376867 ], [ 321758.9695999994874, -2628684.99549999833107 ], [ 321823.120799999684095, -2628818.746500000357628 ], [ 321807.01240000128746, -2628890.320500001311302 ], [ 321843.305399999022484, -2628919.7018 ], [ 321858.390999998897314, -2628889.269600000232458 ], [ 321989.103799998760223, -2628958.358300000429153 ], [ 322002.299300000071526, -2628934.185899998992682 ], [ 322092.096900001168251, -2628968.409000001847744 ], [ 322129.718800000846386, -2628918.570900000631809 ], [ 322132.371599998325109, -2628880.886199999600649 ], [ 322206.182199999690056, -2628865.68299999833107 ], [ 322243.731300000101328, -2628795.127000000327826 ], [ 322344.828699998557568, -2628754.819600000977516 ], [ 322340.262099999934435, -2628653.770300000905991 ], [ 322377.7516999989748, -2628577.060400001704693 ], [ 322379.720199998468161, -2628535.012200001627207 ], [ 322304.801199998706579, -2628513.77930000051856 ], [ 322253.646200001239777, -2628468.797400001436472 ], [ 322195.199099998921156, -2628345.639400001615286 ], [ 322231.7972999997437, -2628162.982900001108646 ], [ 322139.409600000828505, -2628083.069400001317263 ], [ 322139.974899999797344, -2628054.287900000810623 ], [ 322074.164799999445677, -2627975.436900001019239 ], [ 322072.473499998450279, -2627942.612300001084805 ], [ 321972.712799999862909, -2627887.973600000143051 ], [ 321910.575199998915195, -2627811.291299998760223 ], [ 321965.260499998927116, -2627748.886 ], [ 321961.551199998706579, -2627643.403799999505281 ], [ 322057.162500001490116, -2627393.499800000339746 ], [ 322028.642700001597404, -2627382.18019999936223 ], [ 322029.384300000965595, -2627337.776000000536442 ], [ 322100.059399999678135, -2627236.164299998432398 ], [ 322128.790699999779463, -2627249.15430000051856 ], [ 322129.785999998450279, -2627275.922499999403954 ], [ 322223.168200001120567, -2627301.835400000214577 ], [ 322254.243000000715256, -2627359.757199998944998 ], [ 322201.227600000798702, -2627492.246300000697374 ], [ 322225.69539999961853, -2627535.3805 ], [ 322354.285999998450279, -2627447.500700000673532 ], [ 322445.065699998289347, -2627414.607299998402596 ], [ 322564.34739999845624, -2627317.377599999308586 ], [ 322584.960499998182058, -2627450.409499999135733 ], [ 322666.469999998807907, -2627444.725900001823902 ], [ 322693.820599999278784, -2627401.379799999296665 ], [ 322731.252700001001358, -2627388.127099998295307 ], [ 322744.833099998533726, -2627289.1754 ], [ 322790.691399998962879, -2627348.702199999243021 ], [ 322709.15819999948144, -2627524.693900000303984 ], [ 322730.076099999248981, -2627549.123700000345707 ], [ 322692.074400000274181, -2627608.4662000015378 ], [ 322722.116099998354912, -2627623.008900001645088 ], [ 322787.678199999034405, -2627548.080299999564886 ], [ 322830.940400000661612, -2627395.935699999332428 ], [ 322895.419900000095367, -2627306.211500000208616 ], [ 322909.306699998676777, -2627218.497099999338388 ], [ 322946.682199999690056, -2627207.871399998664856 ], [ 322966.602099999785423, -2627092.414799999445677 ], [ 322945.78660000115633, -2627077.541200000792742 ], [ 322979.256599999964237, -2627029.1162 ], [ 322975.922899998724461, -2626966.074799999594688 ], [ 323009.651700001209974, -2626840.263000000268221 ], [ 323088.475499998778105, -2626787.174199998378754 ], [ 323125.607400000095367, -2626917.248700000345707 ], [ 323084.312300000339746, -2627040.573600001633167 ], [ 323088.102099999785423, -2627159.151700001209974 ], [ 323117.299499999731779, -2627207.736600000411272 ], [ 323102.0760000012815, -2627306.098700001835823 ], [ 323151.928100001066923, -2627365.127900000661612 ], [ 323220.692699998617172, -2627352.336899999529123 ], [ 323262.817800000309944, -2627290.657200001180172 ], [ 323283.383200000971556, -2627190.725600000470877 ], [ 323254.725699998438358, -2627115.188200000673532 ], [ 323295.875999998301268, -2627146.577300000935793 ], [ 323420.753199998289347, -2626934.813999999314547 ], [ 323410.00279999896884, -2626847.515000000596046 ], [ 323424.829799998551607, -2626850.013000000268221 ], [ 323471.359600000083447, -2626707.0168999992311 ], [ 323512.725299999117851, -2626711.48759999871254 ], [ 323510.9983000010252, -2626794.18129999935627 ], [ 323539.303700000047684, -2626788.979400001466274 ], [ 323673.800400000065565, -2626439.546 ], [ 323676.626899998635054, -2626322.773600000888109 ], [ 323739.987300001084805, -2626289.782900001853704 ], [ 323738.903299998492002, -2626233.417500000447035 ], [ 323694.10530000180006, -2626206.702799998223782 ], [ 323632.187300000339746, -2626260.467300001531839 ], [ 323573.089299999177456, -2626258.979899998754263 ], [ 323508.284099999815226, -2626400.017700001597404 ], [ 323479.160799998790026, -2626428.774399999529123 ], [ 323470.106100000441074, -2626495.054000001400709 ], [ 323432.815699998289347, -2626471.851799998432398 ], [ 323374.594700001180172, -2626513.758400000631809 ], [ 323249.292500000447035, -2626466.64469999819994 ], [ 323225.453200001269579, -2626420.029100000858307 ], [ 323285.875399999320507, -2626238.756000000983477 ], [ 323341.554299999028444, -2626274.50959999859333 ], [ 323423.000100001692772, -2626151.473099999129772 ], [ 323460.899900000542402, -2626158.077599998563528 ], [ 323441.011100001633167, -2626276.159499999135733 ], [ 323470.391499999910593, -2626298.624400001019239 ], [ 323541.550500001758337, -2626265.485599998384714 ], [ 323660.480000000447035, -2626099.663699999451637 ], [ 323646.997900001704693, -2626057.808299999684095 ], [ 323608.187199998646975, -2626033.99379999935627 ], [ 323553.03660000115633, -2626037.256099998950958 ], [ 323597.206199999898672, -2625806.714400000870228 ], [ 323726.489700000733137, -2625908.116399999707937 ], [ 323834.183699999004602, -2625903.49100000038743 ], [ 323865.780699998140335, -2625865.760499998927116 ], [ 323873.811099998652935, -2625719.644099999219179 ], [ 323805.650199998170137, -2625644.55180000141263 ], [ 323835.807799998670816, -2625549.577799998223782 ], [ 323906.57039999961853, -2625600.884199999272823 ], [ 323974.865100000053644, -2625610.690699998289347 ], [ 324028.779899999499321, -2625563.134199999272823 ], [ 324240.546999998390675, -2625071.977800000458956 ], [ 324258.401399999856949, -2624922.022100001573563 ], [ 324138.597800001502037, -2624924.749600000679493 ], [ 324179.902300000190735, -2624859.611000001430511 ], [ 324189.60080000013113, -2624764.5472999997437 ], [ 324232.1537000015378, -2624699.367499999701977 ], [ 324309.462499998509884, -2624688.905299998819828 ], [ 324379.843299999833107, -2624605.478900000452995 ], [ 324419.204500000923872, -2624441.583599999547005 ], [ 324529.295299999415874, -2624337.531500000506639 ], [ 324694.73030000180006, -2623926.900499999523163 ], [ 324663.838100001215935, -2623740.359999999403954 ], [ 324789.173099998384714, -2623345.966899998486042 ], [ 324772.875399999320507, -2623293.188200000673532 ], [ 324738.54450000077486, -2623267.829 ], [ 324743.48930000141263, -2623233.383000001311302 ], [ 324808.956999998539686, -2623150.544300001114607 ], [ 324893.062699999660254, -2622950.684900000691414 ], [ 324938.713199999183416, -2622718.116900000721216 ], [ 324896.468899998813868, -2622553.0482 ], [ 324845.429499998688698, -2622531.573899999260902 ], [ 324845.133200000971556, -2622267.334399998188019 ], [ 324828.006799999624491, -2622216.481699999421835 ], [ 324748.471599999815226, -2622218.474599998444319 ], [ 324723.784600000828505, -2622087.797200001776218 ], [ 324690.443500000983477, -2622027.5702 ], [ 324720.949200000613928, -2621880.377300001680851 ], [ 324670.866399999707937, -2621906.6272 ], [ 324681.106199998408556, -2621797.604899998754263 ], [ 324665.390500001609325, -2621770.841699998825788 ], [ 324609.340500000864267, -2621875.065499998629093 ], [ 324543.517700001597404, -2621901.43470000103116 ], [ 324568.61600000038743, -2621816.656700000166893 ], [ 324534.266600001603365, -2621772.27250000089407 ], [ 324558.636999998241663, -2621743.168699998408556 ], [ 324590.71339999884367, -2621753.093600001186132 ], [ 324647.911299999803305, -2621532.202599998563528 ], [ 324565.573800001293421, -2621491.135299999266863 ], [ 324578.914099998772144, -2621304.386599998921156 ], [ 324552.449599999934435, -2621309.372900001704693 ], [ 324495.267400000244379, -2621379.891399998217821 ], [ 324447.84010000154376, -2621383.260099999606609 ], [ 324486.204300001263618, -2621256.748100001364946 ], [ 324455.154399998486042, -2621269.361600000411272 ], [ 324383.702100001275539, -2621391.991300001740456 ], [ 324369.600900001823902, -2621437.252500001341105 ], [ 324410.122900001704693, -2621445.226100001484156 ], [ 324367.481899999082088, -2621544.3564000017941 ], [ 324341.602200001478195, -2621554.511199999600649 ], [ 324292.144600000232458, -2621651.870999999344349 ], [ 324312.91330000013113, -2621660.5760000012815 ], [ 324164.340199999511242, -2621939.685699999332428 ], [ 324145.305300001055002, -2621909.003699999302626 ], [ 324001.604699999094009, -2621995.454100001603365 ], [ 323967.308600001037121, -2621998.776999998837709 ], [ 323919.11259999871254, -2621923.064399998635054 ], [ 323974.455699998885393, -2621799.817899998277426 ], [ 324012.035100001841784, -2621765.552499998360872 ], [ 324056.500199999660254, -2621778.398400001227856 ], [ 324142.188299998641014, -2621697.414500001817942 ], [ 324204.1435999982059, -2621440.296500001102686 ], [ 324176.246100001037121, -2621244.754000000655651 ], [ 324158.197900000959635, -2621196.520100001245737 ], [ 324104.468899998813868, -2621198.837499998509884 ], [ 324107.422699999064207, -2621128.080299999564886 ], [ 324188.046799998730421, -2621093.841299999505281 ], [ 324237.026099998503923, -2621015.572500001639128 ], [ 324184.003400001674891, -2621023.953400000929832 ], [ 324221.198399998247623, -2620956.7010000012815 ], [ 324372.208700001239777, -2620490.478900000452995 ], [ 324379.971900001168251, -2620315.701099999248981 ], [ 324431.569099999964237, -2620137.316799998283386 ], [ 324384.355799999088049, -2619974.587499998509884 ], [ 324400.498399998992682, -2619929.079799998551607 ], [ 324442.759500000625849, -2619894.346400000154972 ], [ 324368.840999998152256, -2619590.603399999439716 ], [ 324378.640900000929832, -2619529.478999998420477 ], [ 324409.24210000038147, -2619477.850400000810623 ], [ 324323.852699998766184, -2619281.58390000090003 ], [ 324241.381599999964237, -2619190.1941 ], [ 324223.411299999803305, -2619096.744100000709295 ], [ 324156.975999999791384, -2619018.968699999153614 ], [ 324203.899500001221895, -2618924.548500001430511 ], [ 324115.147700000554323, -2618886.902399998158216 ], [ 324004.112100001424551, -2618806.790300000458956 ], [ 323918.228000000119209, -2618779.146099999547005 ], [ 323820.874200001358986, -2618787.760499998927116 ], [ 323740.95719999819994, -2618848.901200000196695 ], [ 323671.787200000137091, -2618801.751800000667572 ], [ 323547.719700001180172, -2618716.289200000464916 ], [ 323424.601500000804663, -2618754.16160000115633 ], [ 323333.549899999052286, -2618840.91950000077486 ], [ 323200.240699999034405, -2618966.934900000691414 ], [ 323124.844200000166893, -2618974.529800001531839 ], [ 323063.940499998629093, -2618958.584899999201298 ], [ 323108.81529999896884, -2618919.109499998390675 ], [ 323081.195799998939037, -2618877.304499998688698 ], [ 323017.723600000143051, -2618902.5515 ], [ 322986.33049999922514, -2618882.051300000399351 ], [ 322968.648800000548363, -2618870.33559999987483 ], [ 322904.464899998158216, -2618891.355399999767542 ], [ 322870.709100000560284, -2618903.256099998950958 ], [ 322866.664799999445677, -2618896.00959999859333 ], [ 322853.211300000548363, -2618871.587000001221895 ], [ 322935.985199999064207, -2618617.199999999254942 ], [ 322930.452399998903275, -2618583.9386 ], [ 322854.309799998998642, -2618503.017900001257658 ], [ 322971.708999998867512, -2618451.982999999076128 ], [ 323072.610500000417233, -2618436.1206 ], [ 323148.824799999594688, -2618392.772100001573563 ], [ 323208.081799998879433, -2618286.486999999731779 ], [ 323241.583000000566244, -2618264.009300000965595 ], [ 323268.990600001066923, -2618170.309000000357628 ], [ 323332.252599999308586, -2618166.832400001585484 ], [ 323417.664700001478195, -2618078.944400001317263 ], [ 323466.643399998545647, -2617945.227600000798702 ], [ 323457.335200000554323, -2617834.186900001019239 ], [ 323380.502700001001358, -2617825.459100000560284 ], [ 323456.186999998986721, -2617756.197799999266863 ], [ 323582.896600000560284, -2617485.882599998265505 ], [ 323524.436599999666214, -2617427.957699999213219 ], [ 323561.803700000047684, -2617362.520100001245737 ], [ 323472.526999998837709, -2617098.0537 ], [ 323420.925900001078844, -2616945.443900000303984 ], [ 323408.709899999201298, -2616909.604299999773502 ], [ 323445.950899999588728, -2616837.238099999725819 ], [ 323314.036699999123812, -2616657.198100000619888 ], [ 323346.971599999815226, -2616593.101599998772144 ], [ 323435.902699999511242, -2616558.653999999165535 ], [ 323453.427799999713898, -2616478.359700001776218 ], [ 323525.300599999725819, -2616406.040800001472235 ], [ 323561.755899999290705, -2615984.472500000149012 ], [ 323660.343400001525879, -2615848.029100000858307 ], [ 323748.720300000160933, -2615784.929999999701977 ], [ 323746.647599998861551, -2615713.895799998193979 ], [ 323710.032400000840425, -2615688.012499999254942 ], [ 323778.557599999010563, -2615611.769400000572205 ], [ 323835.015099998563528, -2615457.984299998730421 ], [ 323929.05180000141263, -2615370.719900000840425 ], [ 323978.75620000064373, -2615348.042700000107288 ], [ 323942.860800001770258, -2615146.583099998533726 ], [ 323896.133799999952316, -2615177.536899998784065 ], [ 323821.622000001370907, -2615331.065699998289347 ], [ 323718.056600000709295, -2615449.911899998784065 ], [ 323655.372099999338388, -2615490.581700000911951 ], [ 323635.04839999973774, -2615483.646200001239777 ], [ 323736.041900001466274, -2615282.544599998742342 ], [ 323735.692200001329184, -2615118.3684 ], [ 323694.664000000804663, -2615020.948399998247623 ], [ 323688.011799998581409, -2614957.429299999028444 ], [ 323609.478000000119209, -2615038.439599998295307 ], [ 323538.519799999892712, -2615075.006400000303984 ], [ 323411.684599999338388, -2615118.483399998396635 ], [ 323357.867899999022484, -2615116.487700000405312 ], [ 323272.687800001353025, -2615165.164099998772144 ], [ 323253.44709999859333, -2615146.704500000923872 ], [ 323238.235700000077486, -2615073.883000001311302 ], [ 323146.657600000500679, -2615125.168400000780821 ], [ 322950.777300000190735, -2615136.381900001317263 ], [ 322895.552400000393391, -2615041.505699999630451 ], [ 322831.268899999558926, -2615023.36540000140667 ], [ 322702.426899999380112, -2614887.243900001049042 ], [ 322617.666400000452995, -2614658.784600000828505 ], [ 322521.881799999624491, -2614631.536200001835823 ], [ 322525.557700000703335, -2614579.843499999493361 ], [ 322463.573399998247623, -2614528.385600000619888 ], [ 322406.506700001657009, -2614537.13399999961257 ], [ 322375.217199999839067, -2614600.091299999505281 ], [ 322269.154199998825788, -2614562.714299999177456 ], [ 322261.719300001859665, -2614446.348299998790026 ], [ 322287.534800000488758, -2614345.000700000673532 ], [ 322330.471599999815226, -2614270.239799998700619 ], [ 322256.052299998700619, -2614254.250900000333786 ], [ 322265.074700001627207, -2614182.761300001293421 ], [ 322189.610800001770258, -2614178.179499998688698 ], [ 322154.224300000816584, -2614233.784099999815226 ], [ 322114.712099999189377, -2614205.620099999010563 ], [ 322013.196800000965595, -2614238.060699999332428 ], [ 322022.738299999386072, -2614189.168600000441074 ], [ 322072.546000000089407, -2614160.377599999308586 ], [ 322039.85869999974966, -2614140.151200000196695 ], [ 322072.383200000971556, -2614085.698399998247623 ], [ 322040.554900001734495, -2614071.395399998873472 ], [ 321956.739799998700619, -2614100.846799999475479 ], [ 321945.52930000051856, -2614070.000599998980761 ], [ 322071.941500000655651, -2613983.258400000631809 ], [ 322028.270899999886751, -2613924.301899999380112 ], [ 322079.054900001734495, -2613898.913899999111891 ], [ 322082.32880000025034, -2613819.484999999403954 ], [ 322028.068599998950958, -2613783.586800001561642 ], [ 322032.893199998885393, -2613748.257800001651049 ], [ 321993.065099999308586, -2613750.548599999397993 ], [ 321969.916200000792742, -2613698.741799999028444 ], [ 321987.953099999576807, -2613644.36710000038147 ], [ 322097.136500000953674, -2613618.724199999123812 ], [ 322117.463899999856949, -2613592.761900000274181 ], [ 322273.028299998492002, -2613593.631299998611212 ], [ 322322.157699998468161, -2613676.960999999195337 ], [ 322330.967399999499321, -2613615.067899998277426 ], [ 322358.103700000792742, -2613611.714499998837709 ], [ 322413.52760000154376, -2613654.4199 ], [ 322401.416700001806021, -2613679.373500000685453 ], [ 322559.044300001114607, -2613699.890799999237061 ], [ 322628.549199998378754, -2613646.10080000013113 ], [ 322716.085799999535084, -2613637.914099998772144 ], [ 322790.844099998474121, -2613589.629000000655651 ], [ 322833.401299998164177, -2613598.260000001639128 ], [ 322895.780799999833107, -2613572.337000001221895 ], [ 322959.472300000488758, -2613617.421900000423193 ], [ 323075.288699999451637, -2613583.972300000488758 ], [ 323214.164000000804663, -2613502.573600001633167 ], [ 323200.190400000661612, -2613531.182199999690056 ], [ 323254.209600001573563, -2613552.280799999833107 ], [ 323282.160199999809265, -2613518.418999999761581 ], [ 323342.520399998873472, -2613491.9358000010252 ], [ 323480.958399999886751, -2613537.32149999961257 ], [ 323680.5614, -2613436.992600001394749 ], [ 323738.03999999910593, -2613202.225699998438358 ], [ 323711.145399998873472, -2613142.134500000625849 ], [ 323736.743400000035763, -2613110.2668999992311 ], [ 323771.149500001221895, -2613232.864100001752377 ], [ 323883.74269999936223, -2613156.388000000268221 ], [ 323892.684599999338388, -2612960.65819999948144 ], [ 323858.360399998724461, -2612883.265599999576807 ], [ 323882.213100001215935, -2612757.7654 ], [ 323898.70890000090003, -2612789.666600000113249 ], [ 323934.925799999386072, -2612791.204300001263618 ], [ 323928.25899999961257, -2612812.875500001013279 ], [ 323982.633200000971556, -2612833.914099998772144 ], [ 324019.534299999475479, -2612731.181800000369549 ], [ 323970.200699999928474, -2612673.864 ], [ 324012.928300000727177, -2612609.575100000947714 ], [ 324153.252599999308586, -2612583.404399998486042 ], [ 324142.455099999904633, -2612531.791200000792742 ], [ 324025.5641999989748, -2612579.31529999896884 ], [ 324014.386700000613928, -2612545.959800001233816 ], [ 323979.339699998497963, -2612538.129900000989437 ], [ 324020.818900000303984, -2612473.8827 ], [ 324046.331199999898672, -2612471.628600001335144 ], [ 324051.227600000798702, -2612528.296 ], [ 324128.907200001180172, -2612490.879799999296665 ], [ 324094.80799999833107, -2612294.446899998933077 ], [ 324028.625999998301268, -2612192.310400001704693 ], [ 324039.667399998754263, -2612136.164799999445677 ], [ 324072.885099999606609, -2612138.990699999034405 ], [ 324074.955400001257658, -2612103.09010000154376 ], [ 323998.615100000053644, -2612081.359099999070168 ], [ 324016.108199998736382, -2612060.061900001019239 ], [ 324120.498700000345707, -2612033.210799999535084 ], [ 324100.632699999958277, -2612018.255899999290705 ], [ 324223.015900000929832, -2611923.120200000703335 ], [ 324249.162900000810623, -2611926.027699999511242 ], [ 324258.958999998867512, -2611885.632800001651049 ], [ 324353.881400000303984, -2611829.555799998342991 ], [ 324366.661100000143051, -2611800.178300000727177 ], [ 324415.093600001186132, -2611688.143899999558926 ], [ 324373.515099998563528, -2611635.108300000429153 ], [ 324299.709499999880791, -2611609.550000000745058 ], [ 324259.557000000029802, -2611614.52930000051856 ], [ 324263.931499999016523, -2611580.055100001394749 ], [ 324230.313400000333786, -2611569.535000000149012 ], [ 324185.726399999111891, -2611645.448399998247623 ], [ 324167.790100000798702, -2611636.2820999994874 ], [ 324124.483600001782179, -2611675.594799999147654 ], [ 324105.569699998944998, -2611648.4485 ], [ 324088.346799999475479, -2611664.47690000012517 ], [ 324067.648600000888109, -2611651.33390000090003 ], [ 324035.768500000238419, -2611609.281700000166893 ], [ 324012.223999999463558, -2611613.1096 ], [ 324009.151799999177456, -2611554.393899999558926 ], [ 323981.013700000941753, -2611562.20890000090003 ], [ 323876.237300001084805, -2611409.28940000012517 ], [ 323904.930500000715256, -2611338.773899998515844 ], [ 323898.260999999940395, -2611322.288499999791384 ], [ 323846.362500000745058, -2611316.543099999427795 ], [ 323830.629000000655651, -2611270.667899999767542 ], [ 323904.291499998420477, -2611217.229100000113249 ], [ 323913.979800000786781, -2611130.057 ], [ 323980.596500001847744, -2611132.151799999177456 ], [ 324004.949000000953674, -2611097.931400001049042 ], [ 324001.612300001084805, -2611060.998399998992682 ], [ 323937.385800000280142, -2611034.111999999731779 ], [ 324005.647599998861551, -2610972.69709999859333 ], [ 324014.147199999541044, -2610920.39299999922514 ], [ 323981.113499999046326, -2610895.804400000721216 ], [ 324054.32149999961257, -2610805.981800001114607 ], [ 324093.427799999713898, -2610812.398899998515844 ], [ 324151.947999998927116, -2610687.844200000166893 ], [ 324144.968299999833107, -2610586.22410000115633 ], [ 324176.5760000012815, -2610542.3202 ], [ 324199.842599999159575, -2610394.363299999386072 ], [ 324221.960900001227856, -2610359.382800001651049 ], [ 324206.10190000012517, -2610332.655900001525879 ], [ 324189.466899998486042, -2610336.541600000113249 ], [ 324188.93019999936223, -2610198.486299999058247 ], [ 324081.979499999433756, -2609904.199499998241663 ], [ 324017.157999999821186, -2609807.135499998927116 ], [ 323945.749600000679493, -2609780.364900000393391 ], [ 323939.742800001055002, -2609742.046999998390675 ], [ 323986.915199998766184, -2609735.278999999165535 ], [ 323930.493000000715256, -2609698.78489999845624 ], [ 323907.851599998772144, -2609601.7347999997437 ], [ 324052.680100001394749, -2609376.96680000051856 ], [ 323991.38230000063777, -2609319.445099998265505 ], [ 324065.557700000703335, -2609236.444299999624491 ], [ 324031.853399999439716, -2609162.400299999862909 ], [ 323952.023200001567602, -2609114.920000001788139 ], [ 323962.227299999445677, -2609006.843499999493361 ], [ 323908.559799998998642, -2608977.874499998986721 ], [ 323903.661499999463558, -2608929.857700001448393 ], [ 323874.868000000715256, -2608919.537200000137091 ], [ 323856.602699998766184, -2608866.240299999713898 ], [ 323727.774599999189377, -2608868.339899998158216 ], [ 323715.633200000971556, -2608632.657900001853704 ], [ 323650.699700001627207, -2608626.826699998229742 ], [ 323584.875999998301268, -2608496.868700001388788 ], [ 323549.268300000578165, -2608482.953699998557568 ], [ 323559.380300000309944, -2608463.486400000751019 ], [ 323664.366999998688698, -2608424.383099999278784 ], [ 323668.504700001329184, -2608395.177000001072884 ], [ 323636.940900001674891, -2608385.203499998897314 ], [ 323591.273299999535084, -2608261.514499999582767 ], [ 323376.088799998164177, -2608315.068999998271465 ], [ 323300.924499999731779, -2608371.303100001066923 ], [ 323250.511100001633167, -2608442.682199999690056 ], [ 323128.838599998503923, -2608403.101700000464916 ], [ 322765.173200000077486, -2608586.239100001752377 ], [ 322516.328699998557568, -2608545.741300001740456 ], [ 322350.261100001633167, -2608561.940400000661612 ], [ 322066.89919999986887, -2608616.072599999606609 ], [ 321979.195599999278784, -2608675.516399998217821 ], [ 321689.586399998515844, -2608739.026399999856949 ], [ 321613.489100001752377, -2608797.027499999850988 ], [ 321534.100099999457598, -2608805.097600001841784 ], [ 321428.670200001448393, -2608844.169199999421835 ], [ 321212.2668999992311, -2609071.424199998378754 ], [ 321114.924699999392033, -2609075.669300001114607 ], [ 321016.343100000172853, -2609046.929400000721216 ], [ 320977.518399998545647, -2608949.232099998742342 ], [ 320930.234999999403954, -2608887.30689999833703 ], [ 320521.491300001740456, -2608977.525100000202656 ], [ 320378.525199998170137, -2609089.69310000166297 ], [ 320205.441599998623133, -2609124.945099998265505 ], [ 319817.853700000792742, -2609392.202599998563528 ], [ 319812.320900000631809, -2609420.660100001841784 ], [ 319492.292199999094009, -2609676.961599998176098 ], [ 319319.260099999606609, -2609767.704300001263618 ], [ 318875.360199999064207, -2609871.381499998271465 ], [ 318643.924499999731779, -2609947.458599999547005 ], [ 318492.370400000363588, -2610025.041999999433756 ], [ 318382.269400000572205, -2610059.310699999332428 ], [ 318175.451900001615286, -2609797.887899998575449 ], [ 318199.69370000064373, -2609735.054000001400709 ], [ 318190.8141999989748, -2609695.268899999558926 ], [ 318115.255800001323223, -2609758.320799998939037 ], [ 317956.567600000649691, -2609841.064500000327826 ], [ 317671.973200000822544, -2609897.467500001192093 ], [ 317578.815000001341105, -2609881.022199999541044 ], [ 317470.962699998170137, -2609828.122099999338388 ], [ 317443.79619999974966, -2609695.969200000166893 ], [ 317406.414900001138449, -2609646.672800000756979 ], [ 317274.382500000298023, -2609601.944200001657009 ], [ 317256.1706000007689, -2609540.749299999326468 ], [ 317197.640799999237061, -2609495.73369999974966 ], [ 317214.179200001060963, -2609432.937399998307228 ], [ 316983.395199999213219, -2609282.039599999785423 ], [ 316977.510099999606609, -2609245.411699999123812 ], [ 317083.414099998772144, -2609216.039599999785423 ], [ 317157.279199998825788, -2609124.540399998426437 ], [ 317145.96510000154376, -2609050.441799998283386 ], [ 316958.55350000038743, -2608884.713199999183416 ], [ 316826.362500000745058, -2608879.028999999165535 ], [ 316818.693399999290705, -2608863.455899998545647 ], [ 316665.170699998736382, -2608870.826699998229742 ], [ 316581.954199999570847, -2608751.619300000369549 ], [ 316478.045499999076128, -2608779.81870000064373 ], [ 316443.505399998277426, -2608837.853999998420477 ], [ 316375.300000000745058, -2608871.281800001859665 ], [ 316172.312800001353025, -2609190.237100001424551 ], [ 316059.682000000029802, -2609196.144900001585484 ], [ 315989.536800000816584, -2609135.098700001835823 ], [ 315919.697700001299381, -2609075.028999999165535 ], [ 315827.392799999564886, -2609088.821899998933077 ], [ 315647.899700000882149, -2608997.627700001001358 ], [ 315685.019000001251698, -2608911.5337999984622 ], [ 315690.162399999797344, -2608531.427299998700619 ], [ 315832.093600001186132, -2608459.5033 ], [ 315706.650400001555681, -2608331.388799998909235 ], [ 315284.667399998754263, -2608161.052099999040365 ], [ 315243.984400000423193, -2608091.193399999290705 ], [ 315363.816899999976158, -2607960.389800000935793 ], [ 315455.186200000345707, -2607811.273800000548363 ], [ 315510.964299999177456, -2607771.517700001597404 ], [ 315584.192499998956919, -2607683.671900000423193 ], [ 315592.660500001162291, -2607575.773200001567602 ], [ 315711.992300000041723, -2607467.537399999797344 ], [ 315688.528499998152256, -2607387.061799999326468 ], [ 315758.230700001120567, -2607258.772999998182058 ], [ 315867.804800000041723, -2606690.646000001579523 ], [ 315973.35080000013113, -2606606.60700000077486 ], [ 315971.514299999922514, -2606549.575599998235703 ], [ 316137.732799999415874, -2606402.633400000631809 ], [ 316248.975000001490116, -2606270.197900000959635 ], [ 316305.346500001847744, -2606105.2652000002563 ], [ 316293.156500000506639, -2605940.918200001120567 ], [ 316348.659000001847744, -2605797.828200001269579 ], [ 316369.908300001174212, -2605582.521000001579523 ], [ 316338.674499999731779, -2605458.616799999028444 ], [ 316426.535000000149012, -2605366.341699998825788 ], [ 316494.008299998939037, -2605360.765900000929832 ], [ 316525.383000001311302, -2605387.336199998855591 ], [ 316527.063400000333786, -2605572.081999998539686 ], [ 316473.819099999964237, -2606115.197299998253584 ], [ 316541.694400001317263, -2606217.244100000709295 ], [ 316517.688299998641014, -2606296.646600000560284 ], [ 316548.816500000655651, -2606389.164700001478195 ], [ 316554.759500000625849, -2606600.368900001049042 ], [ 316535.65260000154376, -2606676.447900000959635 ], [ 316559.399099998176098, -2606795.233199998736382 ], [ 316622.633000001311302, -2606808.383000001311302 ], [ 316709.732900001108646, -2606862.907999999821186 ], [ 316720.862900000065565, -2606826.845800001174212 ], [ 316779.453000001609325, -2606855.349800001829863 ], [ 316760.551899999380112, -2607024.277100000530481 ], [ 316624.828499998897314, -2607297.896200001239777 ], [ 316584.755399998277426, -2607417.375700000673532 ], [ 316660.692200001329184, -2607437.6327 ], [ 316672.432700000703335, -2607490.961300000548363 ], [ 316760.545099999755621, -2607630.505199998617172 ], [ 316851.803399998694658, -2607888.607700001448393 ], [ 316973.950399998575449, -2607942.408300001174212 ], [ 317083.768899999558926, -2607925.523200001567602 ], [ 317310.155299998819828, -2607939.650199998170137 ], [ 317338.396299999207258, -2607973.54839999973774 ], [ 317435.353500001132488, -2608004.3257 ], [ 317460.250700000673532, -2608102.9452 ], [ 317504.912399999797344, -2608173.091699998825788 ], [ 317671.02760000154376, -2608324.743099998682737 ], [ 317765.349899999797344, -2608313.257199998944998 ], [ 317777.653599999845028, -2608285.690499998629093 ], [ 317794.467300001531839, -2608299.350999999791384 ], [ 317799.92339999973774, -2608367.212499998509884 ], [ 317828.035100001841784, -2608392.4712999984622 ], [ 317924.995600000023842, -2608421.524999998509884 ], [ 317900.90089999884367, -2608473.974500000476837 ], [ 317938.326200000941753, -2608577.101100001484156 ], [ 318033.294399999082088, -2608646.230399999767542 ], [ 318241.389699999243021, -2608696.436099998652935 ], [ 318409.602400001138449, -2608825.266600001603365 ], [ 318604.241200000047684, -2608789.328600000590086 ], [ 318638.8141999989748, -2608741.734000001102686 ], [ 318672.307500001043081, -2608733.313000001013279 ], [ 318741.754900000989437, -2608740.426699999719858 ], [ 318769.740899998694658, -2608703.991700001060963 ], [ 318771.09739999845624, -2608638.705699998885393 ], [ 318731.674899999052286, -2608634.875100001692772 ], [ 318704.323399998247623, -2608604.296700000762939 ], [ 318717.098900001496077, -2608551.503100000321865 ], [ 318849.902100000530481, -2608562.138799998909235 ], [ 319072.3114, -2608468.126200001686811 ], [ 319199.733800001442432, -2608374.329199999570847 ], [ 319306.546500001102686, -2608367.398800000548363 ], [ 319401.298099998384714, -2608304.572900000959635 ], [ 319444.56980000063777, -2608226.29839999973774 ], [ 319518.977600000798702, -2608178.931800000369549 ], [ 319519.425000000745058, -2608158.050500001758337 ], [ 319615.922800000756979, -2608128.8059 ], [ 319632.211500000208616, -2608083.435199998319149 ], [ 319680.055900000035763, -2608043.649599999189377 ], [ 319672.118299998342991, -2607945.689500000327826 ], [ 319715.963799998164177, -2607870.758600000292063 ], [ 319733.095199998468161, -2607968.614999998360872 ], [ 319765.386799998581409, -2607966.355000000447035 ], [ 319853.405999999493361, -2608083.185899998992682 ], [ 319928.640999998897314, -2608084.43019999936223 ], [ 320048.072599999606609, -2608052.362199999392033 ], [ 320097.130899999290705, -2608008.196199998259544 ], [ 320094.891800001263618, -2607979.783700000494719 ], [ 320148.573600001633167, -2607875.85530000180006 ], [ 320030.557100001722574, -2607867.80799999833107 ], [ 320017.141699999570847, -2607847.71169999986887 ], [ 320029.174300000071526, -2607799.329300001263618 ], [ 320015.776099998503923, -2607720.257599998265505 ], [ 320026.890500001609325, -2607688.495200000703335 ], [ 320189.392799999564886, -2607608.557700000703335 ], [ 320212.711599998176098, -2607561.40819999948144 ], [ 320206.553199999034405, -2607530.060699999332428 ], [ 320269.763199999928474, -2607443.290500000119209 ], [ 320286.91609999909997, -2607390.744199998676777 ], [ 320271.154800001531839, -2607332.799400001764297 ], [ 320205.458700001239777, -2607308.656199999153614 ], [ 320232.862700000405312, -2607266.239100001752377 ], [ 320225.448399998247623, -2607182.902300000190735 ], [ 320240.836300000548363, -2607161.896299999207258 ], [ 320429.9391999989748, -2607146.513300001621246 ], [ 320485.013399999588728, -2607110.145300000905991 ], [ 320726.824999999254942, -2607044.885099999606609 ], [ 320758.02140000090003, -2607079.188299998641014 ], [ 320834.430799998342991, -2607111.564500000327826 ], [ 320893.432700000703335, -2607075.612700000405312 ], [ 320893.361800000071526, -2607052.16780000180006 ], [ 320858.987100001424551, -2607027.713199999183416 ], [ 320894.091600000858307, -2607005.174800001084805 ], [ 320936.210200000554323, -2606996.463500000536442 ], [ 320940.985100001096725, -2607036.743700001388788 ], [ 321188.998599998652935, -2606920.244300000369549 ], [ 321240.049499999731779, -2606911.344300001859665 ], [ 321325.859700001776218, -2606904.179400000721216 ], [ 321330.755199998617172, -2606932.267099998891354 ], [ 321378.7652000002563, -2606942.852699998766184 ], [ 321526.388000000268221, -2606934.210900001227856 ], [ 321563.542899999767542, -2606852.3277000002563 ], [ 321743.922400001436472, -2606853.522100001573563 ], [ 321805.653099998831749, -2606815.504000000655651 ], [ 321842.213899999856949, -2606823.172200001776218 ], [ 321858.064300000667572, -2606857.6537000015378 ], [ 321807.454300001263618, -2606954.294199999421835 ], [ 321536.674400001764297, -2606963.344000000506639 ], [ 321492.593499999493361, -2607004.412099998444319 ], [ 321428.191899999976158, -2607027.955899998545647 ], [ 321342.910000000149012, -2607116.684900000691414 ], [ 321423.78660000115633, -2607203.938200000673532 ], [ 321513.498199999332428, -2607215.528799999505281 ], [ 321624.102800000458956, -2607179.238600000739098 ], [ 321625.019400000572205, -2607133.927499998360872 ], [ 321661.866799999028444, -2607109.449200000613928 ], [ 321771.419100001454353, -2607088.987399999052286 ], [ 321840.287399999797344, -2607163.027300000190735 ], [ 321918.871800001710653, -2607207.186000000685453 ], [ 321933.671999998390675, -2607247.029100000858307 ], [ 322007.511399999260902, -2607261.361299999058247 ], [ 322011.880899999290705, -2607306.812100000679493 ], [ 322063.655900001525879, -2607342.201200000941753 ], [ 322248.472500000149012, -2607344.5304000005126 ], [ 322281.750799998641014, -2607323.000500001013279 ], [ 322289.191700000315905, -2607191.824700001627207 ], [ 322393.80009999871254, -2607197.114599999040365 ], [ 322330.413400001823902, -2607389.961300000548363 ], [ 322353.029199998825788, -2607421.897199999541044 ], [ 322589.176899999380112, -2607307.639199998229742 ], [ 322560.707299999892712, -2607291.117499999701977 ], [ 322621.4386, -2607250.584600001573563 ], [ 322656.629700001329184, -2607161.977299999445677 ], [ 322685.120600000023842, -2607142.85359999909997 ], [ 322897.333299998193979, -2607097.449400000274181 ], [ 322899.887200001627207, -2607068.444400001317263 ], [ 322937.752700001001358, -2607048.156899999827147 ], [ 322952.167599998414516, -2607003.790199998766184 ], [ 322890.011999998241663, -2606940.217599999159575 ], [ 322866.756700001657009, -2606943.096599999815226 ], [ 322850.609099999070168, -2606979.025499999523163 ], [ 322751.661899998784065, -2606984.324400000274181 ], [ 322754.342599999159575, -2606947.447700001299381 ], [ 322630.227200001478195, -2606938.563900001347065 ], [ 322594.575500000268221, -2606872.611400000751019 ], [ 322395.440099999308586, -2606919.787799999117851 ], [ 322273.681200001388788, -2606842.851599998772144 ], [ 322416.723700001835823, -2606726.910399999469519 ], [ 322377.035900000482798, -2606715.306099999696016 ], [ 322434.188099998980761, -2606650.062399998307228 ], [ 322541.225099999457598, -2606683.722199998795986 ], [ 322580.240499999374151, -2606664.209699999541044 ], [ 322584.863200001418591, -2606633.241599999368191 ], [ 322611.252500001341105, -2606627.357999999076128 ], [ 322756.353500001132488, -2606671.897399999201298 ], [ 322765.006700001657009, -2606655.227000001817942 ], [ 322751.338199999183416, -2606645.535199999809265 ], [ 322825.669399999082088, -2606577.356899999082088 ], [ 322875.384100001305342, -2606578.941700000315905 ], [ 322862.383200000971556, -2606549.354800000786781 ], [ 322975.465700000524521, -2606429.341400001198053 ], [ 323129.589299999177456, -2606438.934999998658895 ], [ 323155.615499999374151, -2606462.5757 ], [ 323184.320300001651049, -2606432.941100001335144 ], [ 323264.279699999839067, -2606463.90260000154376 ], [ 323283.540199998766184, -2606425.878600001335144 ], [ 323328.965500000864267, -2606429.806200001388788 ], [ 323386.428300000727177, -2606334.888700000941753 ], [ 323382.856800001114607, -2606310.166499998420477 ], [ 323352.183299999684095, -2606300.08839999884367 ], [ 323309.382699999958277, -2606315.86769999936223 ], [ 323142.719000000506639, -2606138.433699999004602 ], [ 323201.617899999022484, -2606033.895799998193979 ], [ 323133.093400001525879, -2605988.536100000143051 ], [ 323175.616300001740456, -2605824.206599999219179 ], [ 323266.414500001817942, -2605866.006700001657009 ], [ 323262.368000000715256, -2605777.920499999076128 ], [ 323225.025800000876188, -2605753.867499999701977 ], [ 323236.980599999427795, -2605649.917399998754263 ], [ 323191.234000001102686, -2605627.689100001007318 ], [ 323167.557100001722574, -2605490.820599999278784 ], [ 323216.907400000840425, -2605425.604899998754263 ], [ 323227.886900000274181, -2605383.481899999082088 ], [ 323201.966699998825788, -2605264.19029999896884 ], [ 323297.312600001692772, -2605013.497400000691414 ], [ 323352.069600000977516, -2605007.612500000745058 ], [ 323412.286899998784065, -2604952.3158 ], [ 323438.003699999302626, -2604969.047499999403954 ], [ 323325.43470000103116, -2604801.534699998795986 ], [ 323310.529699999839067, -2604749.537399999797344 ], [ 323283.3125, -2604723.314500000327826 ], [ 323243.6385000012815, -2604718.671799998730421 ], [ 323207.6537000015378, -2604532.091699998825788 ], [ 323245.973499998450279, -2604477.818300001323223 ], [ 323252.252599999308586, -2604420.564300000667572 ], [ 323305.025199998170137, -2604393.18299999833107 ], [ 323275.646600000560284, -2604342.058800000697374 ], [ 323234.261100001633167, -2604312.476799998432398 ], [ 323163.919300001114607, -2603985.122400000691414 ], [ 323148.716699998825788, -2603970.499800000339746 ], [ 323152.14299999922514, -2603898.804299999028444 ], [ 323174.309599999338388, -2603887.398800000548363 ], [ 323137.853100001811981, -2603746.87779999896884 ], [ 323174.633799999952316, -2603735.370000001043081 ], [ 323147.533500000834465, -2603622.264499999582767 ], [ 323095.446800000965595, -2603562.813299998641014 ], [ 323082.132800001651049, -2603595.653999999165535 ], [ 323056.997800000011921, -2603598.774700000882149 ], [ 322935.655799999833107, -2603257.721700001507998 ], [ 322937.850999999791384, -2603193.232200000435114 ], [ 323009.321699999272823, -2603068.813999999314547 ], [ 322992.725499998778105, -2602971.82319999858737 ], [ 322945.427299998700619, -2602912.575500000268221 ], [ 322935.547800000756979, -2602754.873700000345707 ], [ 323004.032699998468161, -2602750.703499998897314 ], [ 323055.504799999296665, -2602703.4474 ], [ 323060.462499998509884, -2602654.215399999171495 ], [ 323038.717300001531839, -2602590.886 ], [ 323054.464299999177456, -2602526.429000001400709 ], [ 323086.111000001430511, -2602487.780499998480082 ], [ 323141.791799999773502, -2602475.631299998611212 ], [ 323267.907299999147654, -2602502.5472999997437 ], [ 323367.508900001645088, -2602499.7324 ], [ 323544.212099999189377, -2602536.859999999403954 ], [ 323566.027499999850988, -2602488.94709999859333 ], [ 323678.074599999934435, -2602518.392299998551607 ], [ 323930.871500000357628, -2602485.229800000786781 ], [ 323972.754700001329184, -2602160.3246 ], [ 324073.550200000405312, -2601927.25 ], [ 324112.32880000025034, -2601792.066300000995398 ], [ 324112.569299999624491, -2601637.4265 ], [ 324062.578099999576807, -2601415.276999998837709 ], [ 324081.786499999463558, -2601033.198699999600649 ], [ 324118.265099998563528, -2600772.503800000995398 ], [ 324493.690200001001358, -2600458.142900001257658 ], [ 324591.000100001692772, -2600436.440600000321865 ], [ 324650.314100001007318, -2600391.688999999314547 ], [ 324699.581000000238419, -2600382.005199998617172 ], [ 325019.817200001329184, -2600474.064899999648333 ], [ 325096.133499998599291, -2600465.435400001704693 ], [ 325116.121700000017881, -2600522.822799999266863 ], [ 325143.567899998277426, -2600525.547200001776218 ], [ 325154.466499999165535, -2600473.747099999338388 ], [ 325109.346900001168251, -2600381.247499998658895 ], [ 325169.590799998492002, -2600362.442200001329184 ], [ 325165.19709999859333, -2600231.832899998873472 ], [ 325290.266199998557568, -2600201.395799998193979 ], [ 325423.264699999243021, -2599922.436000000685453 ], [ 325375.127300001680851, -2599803.338599998503923 ], [ 325369.800999999046326, -2599669.437699999660254 ], [ 325428.520199999213219, -2599645.577500000596046 ], [ 325470.546000000089407, -2599711.472100000828505 ], [ 325503.019600000232458, -2599703.988499999046326 ], [ 325526.6239, -2599752.265099998563528 ], [ 325397.715199999511242, -2600170.526799999177456 ], [ 325376.888199999928474, -2600335.603500001132488 ], [ 325477.745799999684095, -2600367.263300001621246 ], [ 325481.0135000012815, -2600330.422600001096725 ], [ 325425.559599999338388, -2600228.756000000983477 ], [ 325459.437300000339746, -2600114.184999998658895 ], [ 325615.387800000607967, -2599857.504999998956919 ], [ 325681.668800000101328, -2599799.78940000012517 ], [ 325765.944200001657009, -2599763.955899998545647 ], [ 325810.162900000810623, -2599778.461100000888109 ], [ 325835.246399998664856, -2599681.501899998635054 ], [ 325951.195999998599291, -2599694.7434 ], [ 325957.403400000184774, -2599653.094999998807907 ], [ 325993.863800000399351, -2599697.2467 ], [ 326035.116099998354912, -2599675.567200001329184 ], [ 326001.163600001484156, -2599595.573800001293421 ], [ 326034.1689000017941, -2599544.530900001525879 ], [ 326071.997299998998642, -2599551.851500000804663 ], [ 326115.6261, -2599514.265900000929832 ], [ 326068.134899999946356, -2599413.433600001037121 ], [ 326057.970100000500679, -2599279.113499999046326 ], [ 325969.407999999821186, -2599203.457400001585484 ], [ 325969.272100001573563, -2599177.405799999833107 ], [ 326059.161800000816584, -2598998.4239999987185 ], [ 326084.810600001364946, -2599015.248500000685453 ], [ 326130.335299998521805, -2598956.479699999094009 ], [ 326233.890700001269579, -2599054.713599998503923 ], [ 326253.497099999338388, -2599031.423599999397993 ], [ 326222.219999998807907, -2598908.511300001293421 ], [ 326254.059000000357628, -2598911.457800000905991 ], [ 326312.533300001174212, -2598755.540300000458956 ], [ 326297.968499999493361, -2598641.013000000268221 ], [ 326341.751200001686811, -2598600.792700000107288 ], [ 326360.688499998301268, -2598446.420800000429153 ], [ 326418.847300000488758, -2598475.545000001788139 ], [ 326438.686599999666214, -2598450.508099999278784 ], [ 326424.549899999052286, -2598414.947999998927116 ], [ 326507.460499998182058, -2598365.360199999064207 ], [ 326538.854499999433756, -2598272.834600001573563 ], [ 326552.183400001376867, -2598278.105099998414516 ], [ 326545.138199999928474, -2598312.9222999997437 ], [ 326595.359000001102686, -2598319.59010000154376 ], [ 326734.877399999648333, -2598197.872000001370907 ], [ 326704.621100001037121, -2598175.600299999117851 ], [ 326797.051699999719858, -2598083.145300000905991 ], [ 326831.732999999076128, -2598008.416600000113249 ], [ 327000.105099998414516, -2597924.729899998754263 ], [ 327083.850299999117851, -2597775.162300001829863 ], [ 327062.966499999165535, -2597676.241700001060963 ], [ 327177.95380000025034, -2597507.939399998635054 ], [ 327148.905900001525879, -2597363.927400000393391 ], [ 327108.498399998992682, -2597335.996199999004602 ], [ 327027.077500000596046, -2597329.739999998360872 ], [ 326976.401299998164177, -2597345.691700000315905 ], [ 326969.005100000649691, -2597313.600699998438358 ], [ 327046.004700001329184, -2597284.778599999845028 ], [ 327090.974300000816584, -2597237.4518 ], [ 327067.251800000667572, -2597230.072799999266863 ], [ 327008.162900000810623, -2597229.66270000115037 ], [ 326977.488499999046326, -2597266.535700000822544 ], [ 326902.306200001388788, -2597295.927499998360872 ], [ 326817.588899999856949, -2597295.311500001698732 ], [ 326722.820000000298023, -2597268.186200000345707 ], [ 326674.624099999666214, -2597234.290500000119209 ], [ 326591.442600000649691, -2597261.25560000166297 ], [ 326579.435899998992682, -2597323.563299998641014 ], [ 326543.343400001525879, -2597281.190400000661612 ], [ 326505.210499998182058, -2597358.058699999004602 ], [ 326504.015900000929832, -2597401.695500001311302 ], [ 326537.360700000077486, -2597471.282900001853704 ], [ 326501.047100000083447, -2597492.353000000119209 ], [ 326433.962999999523163, -2597459.119800001382828 ], [ 326421.433400001376867, -2597218.3059 ], [ 326354.755499999970198, -2597189.339800000190735 ], [ 326279.97410000115633, -2597210.922800000756979 ], [ 326255.850900001823902, -2597371.171900000423193 ], [ 326185.746300000697374, -2597348.674699999392033 ], [ 326182.566599998623133, -2597402.916700001806021 ], [ 326235.981899999082088, -2597495.262899998575449 ], [ 326077.395700000226498, -2597498.665100000798702 ], [ 326009.993400000035763, -2597349.101599998772144 ], [ 325832.992300000041723, -2597299.1415 ], [ 325803.990699999034405, -2597327.142900001257658 ], [ 325612.215900000184774, -2597326.0287000015378 ], [ 325569.455400001257658, -2597238.372400000691414 ], [ 325419.820000000298023, -2597178.120099999010563 ], [ 325423.897999998182058, -2597098.605099998414516 ], [ 325400.332499999552965, -2597049.421700000762939 ], [ 325347.28319999948144, -2597023.960299998521805 ], [ 325214.697399999946356, -2597037.949499998241663 ], [ 325113.409299999475479, -2596972.420200001448393 ], [ 325033.170800000429153, -2596952.980200000107288 ], [ 324970.137600000947714, -2596795.798700001090765 ], [ 324915.066399998962879, -2596785.388099998235703 ], [ 324918.208000000566244, -2596723.295899998396635 ], [ 324869.877099998295307, -2596718.870099999010563 ], [ 324887.284200001507998, -2596644.627000000327826 ], [ 324844.094300001859665, -2596610.989900000393391 ], [ 324769.374400001019239, -2596483.9543999992311 ], [ 324704.616399999707937, -2596436.501800000667572 ], [ 324628.261999998241663, -2596117.741999998688698 ], [ 324656.559500001370907, -2596094.1689000017941 ], [ 324700.837499998509884, -2596129.502900000661612 ], [ 324799.992199998348951, -2596329.855799999088049 ], [ 324811.949099998921156, -2596400.421700000762939 ], [ 324891.788100000470877, -2596512.125599998980761 ], [ 325050.387600000947714, -2596595.528200000524521 ], [ 325121.799600001424551, -2596564.047800000756979 ], [ 325120.394400000572205, -2596482.603399999439716 ], [ 325176.662000000476837, -2596505.947999998927116 ], [ 325288.159600000828505, -2596473.772100001573563 ], [ 325361.925900001078844, -2596406.3574 ], [ 325385.864799998700619, -2596114.084800001233816 ], [ 325378.196100000292063, -2596026.484000001102686 ], [ 325422.539299998432398, -2596074.770500000566244 ], [ 325504.060699999332428, -2596117.48589999973774 ], [ 325749.7685999982059, -2596147.459600001573563 ], [ 325818.397100001573563, -2596092.850499998778105 ], [ 325989.135200001299381, -2596090.544399999082088 ], [ 326088.458500001579523, -2596055.417500000447035 ], [ 326080.290899999439716, -2596039.142000000923872 ], [ 326277.438799999654293, -2595884.0099 ], [ 326430.368500001728535, -2595835.298000000417233 ], [ 326494.48369999974966, -2595721.248700000345707 ], [ 326500.543200001120567, -2595679.733300000429153 ], [ 326629.717599999159575, -2595646.061000000685453 ], [ 326689.443999998271465, -2595459.579199999570847 ], [ 326659.995000001043081, -2595326.104100000113249 ], [ 326685.072299998253584, -2595232.550200000405312 ], [ 326516.284600000828505, -2595111.368599999696016 ], [ 326516.615100000053644, -2595037.556499999016523 ], [ 326352.875799998641014, -2594946.93129999935627 ], [ 326333.695199999958277, -2594892.077300000935793 ], [ 326257.161200001835823, -2594834.762899998575449 ], [ 326086.593100000172853, -2594778.907200001180172 ], [ 325937.55519999936223, -2594774.179099999368191 ], [ 325745.084699999541044, -2594690.666799999773502 ], [ 325754.81700000166893, -2594546.121399998664856 ], [ 325882.052499998360872, -2594511.019400000572205 ], [ 325931.604699999094009, -2594458.796799998730421 ], [ 325835.44370000064373, -2594376.162399999797344 ], [ 325753.368999999016523, -2594391.706599999219179 ], [ 325658.536299999803305, -2594346.352200001478195 ], [ 325596.952599998563528, -2594290.68019999936223 ], [ 325482.650199998170137, -2594313.670899998396635 ], [ 325455.715500000864267, -2594447.276299998164177 ], [ 325373.707100000232458, -2594473.276000000536442 ], [ 325333.415699999779463, -2594472.180300001055002 ], [ 325313.906899999827147, -2594396.536699999123812 ], [ 325286.097899999469519, -2594406.965300001204014 ], [ 325290.083799999207258, -2594479.437899999320507 ], [ 325150.075300000607967, -2594438.703899998217821 ], [ 325034.708599999547005, -2594443.711899999529123 ], [ 325014.668999999761581, -2594485.261399999260902 ], [ 324905.512899998575449, -2594466.834199998527765 ], [ 324879.50789999961853, -2594496.040699999779463 ], [ 324822.021499998867512, -2594478.085200000554323 ], [ 324763.940499998629093, -2594490.595499999821186 ], [ 324698.855999998748302, -2594582.059999998658895 ], [ 324651.520799998193979, -2594565.444699998944998 ], [ 324654.942299999296665, -2594602.358899999409914 ], [ 324572.379099998623133, -2594600.509500000625849 ], [ 324541.425900001078844, -2594653.096900001168251 ], [ 324513.042500000447035, -2594657.442499998956919 ], [ 324415.540899999439716, -2594816.3629 ], [ 324419.943799998611212, -2594881.038100000470877 ], [ 324468.218100000172853, -2594978.359099999070168 ], [ 324482.513199999928474, -2595127.6338 ], [ 324523.252399999648333, -2595205.067099999636412 ], [ 324467.451400000602007, -2595405.671 ], [ 324520.222800001502037, -2595541.47520000115037 ], [ 324595.748100001364946, -2595575.519400000572205 ], [ 324527.361800000071526, -2595674.338599998503923 ], [ 324481.980200000107288, -2595697.433299999684095 ], [ 324448.697299998253584, -2595668.577100001275539 ], [ 324384.188299998641014, -2595688.823699999600649 ], [ 324387.921900000423193, -2595723.077199999243021 ], [ 324341.923900000751019, -2595786.197999998927116 ], [ 324298.822799999266863, -2595754.243299998342991 ], [ 324282.423000000417233, -2595712.804299999028444 ], [ 324299.718100000172853, -2595598.636300001293421 ], [ 324281.552999999374151, -2595540.115899998694658 ], [ 324266.508200000971556, -2595539.379200000315905 ], [ 324143.264400001615286, -2595546.121100001037121 ], [ 324111.469799999147654, -2595582.191599998623133 ], [ 324073.478000000119209, -2595573.053899999707937 ], [ 324046.423900000751019, -2595625.0320999994874 ], [ 324016.033599998801947, -2595612.321699999272823 ], [ 323926.961199998855591, -2595678.991599999368191 ], [ 323763.454199999570847, -2595686.414000000804663 ], [ 323703.926399998366833, -2595706.015099998563528 ], [ 323616.516699999570847, -2595698.699200000613928 ], [ 323571.796300001442432, -2595610.481300000101328 ], [ 323592.007399998605251, -2595488.106899999082088 ], [ 323568.372999999672174, -2595438.005699999630451 ], [ 323457.429099999368191, -2595379.783300001174212 ], [ 323195.33839999884367, -2595298.725000001490116 ], [ 323004.865499999374151, -2595200.870700001716614 ], [ 322959.274599999189377, -2595091.014499999582767 ], [ 322977.074499998241663, -2595063.643199998885393 ], [ 323014.833000000566244, -2595051.084800001233816 ], [ 323012.881000000983477, -2595031.303300000727177 ], [ 322989.624099999666214, -2594965.675999999046326 ], [ 322922.191399998962879, -2594949.705699998885393 ], [ 322910.03940000012517, -2594918.206199999898672 ], [ 322932.6706000007689, -2594870.207299999892712 ], [ 322840.023699998855591, -2594708.157499998807907 ], [ 322749.653000000864267, -2594688.104699999094009 ], [ 322642.293600000441074, -2594630.2018 ], [ 322548.592599999159575, -2594641.059000000357628 ], [ 322501.339600000530481, -2594591.268800001591444 ], [ 322502.2483000010252, -2594466.18189999833703 ], [ 322537.06870000064373, -2594379.339299999177456 ], [ 322517.379999998956919, -2594309.73589999973774 ], [ 322461.254799999296665, -2594230.66499999910593 ], [ 322424.782499998807907, -2594223.931400001049042 ], [ 322447.324299998581409, -2594148.1706000007689 ], [ 322403.566500000655651, -2594131.985800001770258 ], [ 322450.861299999058247, -2594035.743900001049042 ], [ 322382.413199998438358, -2593959.221599999815226 ], [ 322323.189599998295307, -2593943.933600001037121 ], [ 322296.940099999308586, -2593917.719500001519918 ], [ 322338.841299999505281, -2593818.732700001448393 ], [ 322317.763399999588728, -2593737.919300001114607 ], [ 322423.530099999159575, -2593657.96339999884367 ], [ 322437.611900001764297, -2593621.505399998277426 ], [ 322366.33669999986887, -2593539.193599998950958 ], [ 322214.425599999725819, -2593593.581300001591444 ], [ 322127.180599998682737, -2593708.674499999731779 ], [ 322109.691199999302626, -2593684.785599999129772 ], [ 321951.897799998521805, -2593730.436999998986721 ], [ 321930.473400000482798, -2593810.376499999314547 ], [ 321854.470199998468161, -2593835.399399999529123 ], [ 321843.557300001382828, -2593868.961800001561642 ], [ 321701.170299999415874, -2593939.548599999397993 ], [ 321388.733399998396635, -2594162.313400000333786 ], [ 321395.273499999195337, -2594179.821899998933077 ], [ 321237.507699999958277, -2594211.427400000393391 ], [ 320770.955699998885393, -2594397.7632 ], [ 320652.364199999719858, -2594316.825800001621246 ], [ 320563.40430000051856, -2594326.1114999987185 ], [ 320443.464699998497963, -2594267.975900001823902 ], [ 320418.543999999761581, -2594233.722699999809265 ], [ 320412.725699998438358, -2594144.199400000274181 ], [ 320432.62950000166893, -2594047.052499998360872 ], [ 320347.255399998277426, -2593886.549699999392033 ], [ 320274.182500001043081, -2593911.164099998772144 ], [ 320226.665100000798702, -2593844.193500000983477 ], [ 320196.519299998879433, -2593730.696199998259544 ], [ 320144.730099998414516, -2593671.883699998259544 ], [ 320204.839400000870228, -2593590.723999999463558 ], [ 320210.001899998635054, -2593511.900400001555681 ], [ 320045.513399999588728, -2593368.100499998778105 ], [ 319846.436000000685453, -2593412.693199999630451 ], [ 319681.253100000321865, -2593490.2949 ], [ 319589.354600001126528, -2593461.677200000733137 ], [ 319549.117600001394749, -2593429.3125 ], [ 319523.834899999201298, -2593473.27930000051856 ], [ 319494.675700001418591, -2593465.609999999403954 ], [ 319478.322900000959635, -2593435.415199998766184 ], [ 319484.758499998599291, -2593358.270100001245737 ], [ 319531.075800001621246, -2593247.521299999207258 ], [ 319618.794700000435114, -2593178.568999998271465 ], [ 319658.652199998497963, -2593093.764699999243021 ], [ 319641.47069999948144, -2593052.41160000115633 ], [ 319671.158500000834465, -2592959.3092 ], [ 319656.246100001037121, -2592909.136500000953674 ], [ 319665.691599998623133, -2592796.799400001764297 ], [ 319732.642299998551607, -2592737.336199998855591 ], [ 319770.906199999153614, -2592521.630399998277426 ], [ 319732.691899999976158, -2592446.457800000905991 ], [ 319755.615200001746416, -2592348.159600000828505 ], [ 319800.9712999984622, -2592265.296999998390675 ], [ 319856.943799998611212, -2592206.271600000560284 ], [ 319868.559599999338388, -2592157.152300000190735 ], [ 319863.008299998939037, -2592062.248100001364946 ], [ 319762.667599998414516, -2592032.9847999997437 ], [ 319725.294799998402596, -2591974.206799998879433 ], [ 319707.164900001138449, -2591848.881099998950958 ], [ 319729.730700001120567, -2591761.889899998903275 ], [ 319832.515799999237061, -2591591.141600001603365 ], [ 319809.954799998551607, -2591553.074200000613928 ], [ 319689.034099999815226, -2591579.376899998635054 ], [ 319659.78770000115037, -2591552.596599999815226 ], [ 319635.170200001448393, -2591565.989900000393391 ], [ 319599.675200000405312, -2591636.36879999935627 ], [ 319468.098700001835823, -2591718.593499999493361 ], [ 319469.476399999111891, -2591772.245299998670816 ], [ 319438.354499999433756, -2591823.759799998253584 ], [ 319389.829199999570847, -2591848.066100001335144 ], [ 319277.079199999570847, -2591840.224500000476837 ], [ 318826.441599998623133, -2591752.429000001400709 ], [ 318785.846400000154972, -2591553.401999998837709 ], [ 318931.436999998986721, -2591391.429499998688698 ], [ 318970.9037000015378, -2591322.278999999165535 ], [ 318977.38569999858737, -2591239.898299999535084 ], [ 318911.548099998384714, -2591171.646699998527765 ], [ 318911.318199999630451, -2591121.266100000590086 ], [ 318967.300599999725819, -2591039.730099998414516 ], [ 319000.484999999403954, -2590901.031899999827147 ], [ 319062.249499998986721, -2590792.730000000447035 ], [ 319071.487100001424551, -2590638.8915 ], [ 319117.734000001102686, -2590590.635600000619888 ], [ 319150.545000001788139, -2590454.596900001168251 ], [ 319220.022199999541044, -2590379.242400001734495 ], [ 319243.979899998754263, -2590394.494100000709295 ], [ 319477.019799999892712, -2590364.854299999773502 ], [ 319668.516399998217821, -2590311.76240000128746 ], [ 319783.569400001317263, -2590248.058699999004602 ], [ 319898.327100001275539, -2590183.479499999433756 ], [ 319990.268699999898672, -2590073.242199998348951 ], [ 320056.151700001209974, -2589950.514800000935793 ], [ 320064.772599998861551, -2589779.213700000196695 ], [ 320007.919900000095367, -2589745.499499998986721 ], [ 319899.615899998694658, -2589790.066199999302626 ], [ 320001.496599998325109, -2589661.177700001746416 ], [ 320057.816599998623133, -2589621.218499999493361 ], [ 320104.732900001108646, -2589615.41950000077486 ], [ 320268.625799998641014, -2589656.835499998182058 ], [ 320265.19370000064373, -2589834.3158 ], [ 320290.000900000333786, -2589876.42960000038147 ], [ 320412.238200001418591, -2589948.927099999040365 ], [ 320451.474500000476837, -2590050.927299998700619 ], [ 320463.555399999022484, -2590141.492199998348951 ], [ 320595.154100000858307, -2590179.028599999845028 ], [ 320676.994600001722574, -2590338.114599999040365 ], [ 320734.428100001066923, -2590362.293000001460314 ], [ 320782.445099998265505, -2590450.114799998700619 ], [ 320831.625399999320507, -2590463.947700001299381 ], [ 320863.633900001645088, -2590525.9835 ], [ 320935.125300001353025, -2590524.977200001478195 ], [ 321067.754700001329184, -2590580.575899999588728 ], [ 321219.768399998545647, -2590619.885200001299381 ], [ 321273.35700000077486, -2590573.296999998390675 ], [ 321413.141199998557568, -2590575.077399998903275 ], [ 321523.103399999439716, -2590618.780600000172853 ], [ 321570.682300001382828, -2590606.735500000417233 ], [ 321598.109000001102686, -2590569.529500000178814 ], [ 321614.709600001573563, -2590465.043299999088049 ], [ 321697.98930000141263, -2590362.6402000002563 ], [ 321777.133900001645088, -2590357.137899998575449 ], [ 321879.256299998611212, -2590423.425000000745058 ], [ 322078.113200001418591, -2590597.526200000196695 ], [ 322116.333099998533726, -2590734.343499999493361 ], [ 322234.985500000417233, -2590837.719999998807907 ], [ 322338.99100000038743, -2590827.403099998831749 ], [ 322367.479800000786781, -2590856.747099999338388 ], [ 322453.975600000470877, -2590877.280999999493361 ], [ 322692.428899999707937, -2590865.009199999272823 ], [ 322797.796799998730421, -2590791.110300000756979 ], [ 322895.642900001257658, -2590796.210299998521805 ], [ 322910.5793999992311, -2590831.686599999666214 ], [ 322885.13459999859333, -2590906.100099999457598 ], [ 322738.734600000083447, -2590910.451499998569489 ], [ 322632.47580000013113, -2591005.288400001823902 ], [ 322636.99379999935627, -2591058.553599998354912 ], [ 322697.389800000935793, -2591059.685600001364946 ], [ 322740.922400001436472, -2591026.493999999016523 ], [ 322834.947700001299381, -2591007.838300000876188 ], [ 322919.60700000077486, -2590965.987700000405312 ], [ 322948.978500001132488, -2590902.462499998509884 ], [ 322988.174400001764297, -2590865.4857 ], [ 323068.620299998670816, -2590916.227099999785423 ], [ 323151.701699998229742, -2590940.577300000935793 ], [ 323254.006900001317263, -2590913.9358000010252 ], [ 323408.234299998730421, -2590956.371100001037121 ], [ 323492.389800000935793, -2590905.006700001657009 ], [ 323491.14979999884963, -2590841.77479999884963 ], [ 323548.635400000959635, -2590756.401200000196695 ], [ 323707.740200001746416, -2590651.507100000977516 ], [ 323818.480700001120567, -2590504.733300000429153 ], [ 323823.9864999987185, -2590307.831000000238419 ], [ 323797.285799998790026, -2590233.088100001215935 ], [ 323764.165699999779463, -2590221.5176 ], [ 323841.176100000739098, -2590103.427400000393391 ], [ 323701.5287000015378, -2590020.158500000834465 ], [ 323686.343800000846386, -2589912.5768 ], [ 323764.752999998629093, -2589749.924100000411272 ], [ 323860.480399999767542, -2589678.091499999165535 ], [ 323886.797400001436472, -2589696.530600000172853 ], [ 323932.244199998676777, -2589630.077599998563528 ], [ 324000.653999999165535, -2589573.71229999884963 ], [ 324097.992600001394749, -2589544.114700000733137 ], [ 324190.105099998414516, -2589365.054699998348951 ], [ 324276.21000000089407, -2589362.123199999332428 ], [ 324480.58049999922514, -2589285.306499999016523 ], [ 324656.643800001591444, -2589305.688400000333786 ], [ 324799.507500000298023, -2589352.994600001722574 ], [ 324896.424499999731779, -2589356.424100000411272 ], [ 324942.116500001400709, -2589336.802799999713898 ], [ 324979.303199999034405, -2589167.102099999785423 ], [ 325126.644900001585484, -2589057.440099999308586 ], [ 325384.529599998146296, -2589149.214999999850988 ], [ 325370.752199999988079, -2589199.552799999713898 ], [ 325639.798700001090765, -2589258.717700000852346 ], [ 325707.52250000089407, -2589407.3902000002563 ], [ 325725.082299999892712, -2589523.212699998170137 ], [ 325727.252700001001358, -2589660.208399999886751 ], [ 325674.689100001007318, -2589802.268800001591444 ], [ 325670.706799998879433, -2589890.414200000464916 ], [ 325720.546000000089407, -2589981.468199998140335 ], [ 325886.253699999302626, -2589964.953200001269579 ], [ 326100.608800001442432, -2589798.99100000038743 ], [ 326286.224300000816584, -2589733.150400001555681 ], [ 326324.64919999986887, -2589647.49720000103116 ], [ 326527.254900000989437, -2589494.350900001823902 ], [ 326681.942899998277426, -2589501.705800000578165 ], [ 326950.235800001770258, -2589298.465399999171495 ], [ 327006.822900000959635, -2589148.914500001817942 ], [ 327130.547600001096725, -2589052.584499999880791 ], [ 327195.189599998295307, -2589027.908399999141693 ], [ 327318.194099999964237, -2588906.381400000303984 ], [ 327341.053800001740456, -2588839.180399999022484 ], [ 327508.925700001418591, -2588694.6732 ], [ 327601.944899998605251, -2588671.627900000661612 ], [ 327574.961100000888109, -2588736.631400000303984 ], [ 327490.245999999344349, -2588786.506900001317263 ], [ 327441.746700000017881, -2588900.323699999600649 ], [ 327458.068300001323223, -2589217.782800000160933 ], [ 327406.017799999564886, -2589508.377599999308586 ], [ 327315.811900001019239, -2589664.805599998682737 ], [ 327213.96680000051856, -2589779.325800001621246 ], [ 327323.790600001811981, -2589998.241300001740456 ], [ 327324.149599999189377, -2590118.859499998390675 ], [ 327272.165699999779463, -2590377.3445999994874 ], [ 327278.727699998766184, -2590499.796900000423193 ], [ 327291.683699999004602, -2590558.038100000470877 ], [ 327397.388000000268221, -2590677.645100001245737 ], [ 327545.041200000792742, -2590756.195099998265505 ], [ 327614.050900001078844, -2590754.420200001448393 ], [ 327722.348700001835823, -2590843.177499998360872 ], [ 327768.444600000977516, -2591002.409699998795986 ], [ 327755.818999998271465, -2591181.144499998539686 ], [ 327723.898800000548363, -2591332.032400000840425 ], [ 327807.857500001788139, -2591624.569200001657009 ], [ 327893.369699999690056, -2591761.406300000846386 ], [ 327909.907699998468161, -2591878.284699998795986 ], [ 327892.511999998241663, -2591966.435199998319149 ], [ 328047.514199998229742, -2592455.813400000333786 ], [ 328090.542199999094009, -2592643.226100001484156 ], [ 328128.64809999987483, -2592941.462799999862909 ], [ 328116.349700000137091, -2593055.051199998706579 ], [ 328158.679000001400709, -2593112.306400001049042 ], [ 328213.506999999284744, -2593371.093699999153614 ], [ 328217.165300000458956, -2593456.701999999582767 ], [ 328180.733399998396635, -2593475.197200000286102 ], [ 328181.759899999946356, -2593766.06700000166893 ], [ 328317.074400000274181, -2593754.064300000667572 ], [ 328319.563000001013279, -2593806.808699999004602 ], [ 328218.9189000017941, -2593821.247900001704693 ], [ 328218.503800000995398, -2593901.22069999948144 ], [ 328344.575500000268221, -2593871.377900000661612 ], [ 328348.905799999833107, -2593912.504000000655651 ], [ 328237.46680000051856, -2593931.847100000828505 ], [ 328236.777699999511242, -2593987.488699998706579 ], [ 328304.326299998909235, -2593990.210200000554323 ], [ 328169.634100001305342, -2594055.982299998402596 ], [ 328408.247499998658895, -2594033.525199998170137 ], [ 328402.645799998193979, -2594112.453499998897314 ], [ 328651.779199998825788, -2594133.047200001776218 ], [ 328665.817699998617172, -2594058.290399998426437 ], [ 328748.453400000929832, -2593995.668299999088049 ], [ 328533.857400000095367, -2593998.493999999016523 ], [ 328544.908700000494719, -2593720.094500001519918 ], [ 328861.43470000103116, -2593649.577399998903275 ], [ 328935.298799999058247, -2593468.1798 ], [ 328950.130199998617172, -2593303.030099999159575 ], [ 328925.582699999213219, -2593033.353799998760223 ], [ 329027.804099999368191, -2592917.013999998569489 ], [ 329022.513700000941753, -2592828.188799999654293 ], [ 329100.864700000733137, -2592718.396299999207258 ], [ 329134.471700001507998, -2592628.1722999997437 ], [ 329130.70380000025034, -2592558.297800000756979 ], [ 329231.213199999183416, -2592450.801600001752377 ], [ 329220.861299999058247, -2592330.528799999505281 ], [ 329397.667399998754263, -2592119.522799998521805 ], [ 329381.203200001269579, -2592052.168999999761581 ], [ 329491.742899999022484, -2591877.358800001442432 ], [ 329615.545899998396635, -2591914.677799999713898 ], [ 329599.893300000578165, -2592039.97239999845624 ], [ 329692.542899999767542, -2592042.989700000733137 ], [ 329754.247699998319149, -2591918.77930000051856 ], [ 329866.868599999696016, -2591815.753199998289347 ], [ 330138.540100000798702, -2591422.401900000870228 ], [ 330206.05629999935627, -2591194.063400000333786 ], [ 330180.305799998342991, -2591120.034099999815226 ], [ 330206.511100001633167, -2591036.778400000184774 ], [ 330311.691300000995398, -2591014.715199999511242 ], [ 330352.718600001186132, -2590984.316300000995398 ], [ 330486.642799999564886, -2590765.714299999177456 ], [ 330599.713700000196695, -2589801.8651 ], [ 330679.249800000339746, -2589535.423500001430511 ], [ 330833.827599998563528, -2589201.215300001204014 ], [ 330920.022999998182058, -2589192.825800001621246 ], [ 331120.978799998760223, -2589388.690900001674891 ], [ 331212.400600001215935, -2589337.831300001591444 ], [ 331367.286499999463558, -2589148.713500000536442 ], [ 331451.774099998176098, -2588923.276200000196695 ], [ 331627.767299998551607, -2589138.811200000345707 ], [ 331668.211300000548363, -2589230.067499998956919 ], [ 331842.940600000321865, -2589051.241300001740456 ], [ 331990.367800001055002, -2588857.795499999076128 ], [ 332027.756499998271465, -2588652.273200001567602 ], [ 332090.131400000303984, -2588537.47069999948144 ], [ 332114.2060999982059, -2588737.614100001752377 ], [ 332172.738200001418591, -2588783.963300000876188 ], [ 332267.881400000303984, -2588773.460799999535084 ], [ 332368.574700001627207, -2588674.571800000965595 ], [ 332398.290300000458956, -2588595.150499999523163 ], [ 332337.807300001382828, -2588443.168499998748302 ], [ 332318.870999999344349, -2588325.713799998164177 ], [ 332220.651700001209974, -2588347.883900001645088 ], [ 332165.154199998825788, -2588311.509799998253584 ], [ 332138.821899998933077, -2588223.686299998313189 ], [ 332060.338199999183416, -2588328.487399999052286 ], [ 332044.103199999779463, -2588244.493099998682737 ], [ 332069.958000000566244, -2588110.019400000572205 ], [ 332235.845899999141693, -2587931.49040000140667 ], [ 332532.140299998223782, -2587635.429200001060963 ], [ 332495.719999998807907, -2587614.952399998903275 ], [ 332398.098900001496077, -2587636.254299998283386 ], [ 332545.847600001841784, -2587493.854100000113249 ], [ 332475.817800000309944, -2587297.906100001186132 ], [ 332404.65819999948144, -2587170.645799998193979 ], [ 332351.320799998939037, -2587112.375599998980761 ], [ 332427.767200000584126, -2586805.390799999237061 ], [ 332318.269799999892712, -2586780.403799999505281 ], [ 332413.144099999219179, -2586735.203600000590086 ], [ 332348.694899998605251, -2586631.450300000607967 ], [ 332290.563499998301268, -2586651.894999999552965 ], [ 332200.1864, -2586752.200100000947714 ], [ 332189.606100000441074, -2586821.296599999070168 ], [ 332142.158700000494719, -2586866.439899999648333 ], [ 332074.810499999672174, -2586877.7051 ], [ 332052.707699999213219, -2586852.761700000613928 ], [ 332081.515700001269579, -2586776.885400000959635 ], [ 332066.27250000089407, -2586724.988200001418591 ], [ 332000.88120000064373, -2586716.078299999237061 ], [ 331973.781599998474121, -2586660.469399999827147 ], [ 331944.052000001072884, -2586454.904599998146296 ], [ 332028.4679000005126, -2586369.388300001621246 ], [ 332003.17850000038743, -2586341.435400001704693 ], [ 331919.222899999469519, -2586360.8651 ], [ 331871.18299999833107, -2586326.160000000149012 ], [ 331814.469200000166893, -2586312.603000000119209 ], [ 331739.951099999248981, -2586326.489 ], [ 331660.144499998539686, -2586180.406599998474121 ], [ 331751.291499998420477, -2586019.343899998813868 ], [ 331543.240699999034405, -2585951.307300001382828 ], [ 331441.765399999916553, -2586008.598499998450279 ], [ 331337.770500000566244, -2585911.605900000780821 ], [ 331293.527399998158216, -2585810.488899998366833 ], [ 331322.168600000441074, -2585765.151000000536442 ], [ 331456.857099998742342, -2585692.214200001209974 ], [ 331485.210999999195337, -2585603.545400001108646 ], [ 331405.208700001239777, -2585553.000900000333786 ], [ 331302.141800001263618, -2585570.532499998807907 ], [ 331257.714200001209974, -2585540.595100000500679 ], [ 330954.885000001639128, -2585450.850699998438358 ], [ 330857.75730000063777, -2585544.903299998492002 ], [ 330741.261300001293421, -2585523.381499998271465 ], [ 330722.214000001549721, -2585379.874400001019239 ], [ 330676.869600001722574, -2585346.622400000691414 ], [ 330591.880199998617172, -2585373.085200000554323 ], [ 330582.598099999129772, -2585290.8301 ], [ 330613.641800001263618, -2585150.590500000864267 ], [ 330442.649000000208616, -2585156.749099999666214 ], [ 330443.641499999910593, -2585086.26969999819994 ], [ 330320.657299999147654, -2585083.775699999183416 ], [ 330275.146899998188019, -2584976.664599999785423 ], [ 330106.884500000625849, -2584940.8904 ], [ 330056.690400000661612, -2585008.088500000536442 ], [ 329954.68019999936223, -2585013.259500000625849 ], [ 329854.4989, -2584983.47069999948144 ], [ 329742.809000000357628, -2584877.054299999028444 ], [ 329775.666000001132488, -2584778.150699999183416 ], [ 329942.591299999505281, -2584628.335499998182058 ], [ 329960.228300001472235, -2584580.093899998813868 ], [ 329945.376200001686811, -2584537.702199999243021 ], [ 330067.980900000780821, -2584414.365200001746416 ], [ 330022.2212999984622, -2584353.270399998873472 ], [ 329953.77140000090003, -2584356.775400001555681 ], [ 329975.883299998939037, -2584286.2179000005126 ], [ 329885.274099998176098, -2584194.426100000739098 ], [ 329801.125799998641014, -2584132.315999999642372 ], [ 329648.132800001651049, -2584097.881400000303984 ], [ 329261.479699999094009, -2583935.339899998158216 ], [ 329106.322799999266863, -2583973.317600000649691 ], [ 329045.206300001591444, -2583953.333399999886751 ], [ 328994.897100001573563, -2583861.619199998676777 ], [ 328859.797699999064207, -2583877.110399998724461 ], [ 328769.97690000012517, -2583811.256299998611212 ], [ 328616.560699999332428, -2583894.165800001472235 ], [ 328533.350900001823902, -2583894.276299998164177 ], [ 328450.674499999731779, -2583732.008299998939037 ], [ 328263.411499999463558, -2583488.324200000613928 ], [ 328090.761999998241663, -2583405.998199999332428 ], [ 327951.424400001764297, -2583269.1228 ], [ 327873.152699999511242, -2583259.934599999338388 ], [ 327665.682000000029802, -2583106.543000001460314 ], [ 327541.164200000464916, -2582845.304999999701977 ], [ 327438.983300000429153, -2582914.712499998509884 ], [ 327347.544700000435114, -2582841.289900001138449 ], [ 327278.46169999986887, -2582844.806400001049042 ], [ 327189.118999999016523, -2582765.761700000613928 ], [ 327161.262099999934435, -2582795.352800000458956 ], [ 327163.91160000115633, -2582828.933899998664856 ], [ 327044.4983000010252, -2582868.293699998408556 ], [ 326973.750900000333786, -2582873.840999998152256 ], [ 326863.76969999819994, -2582978.015900000929832 ], [ 326915.775600001215935, -2583028.788199998438358 ], [ 326681.110300000756979, -2583267.77760000154376 ], [ 326587.639499999582767, -2583117.185100000351667 ], [ 326329.397399999201298, -2583090.759399998933077 ], [ 326257.287999998778105, -2582993.115699999034405 ], [ 326133.380800001323223, -2582886.312199998646975 ], [ 326086.071600001305342, -2582904.456000000238419 ], [ 325988.998399998992682, -2582812.464999999850988 ], [ 325945.896699998527765, -2582738.018300000578165 ], [ 325731.805900000035763, -2582637.451200000941753 ], [ 325457.506599999964237, -2582544.346400000154972 ], [ 325162.533900000154972, -2582478.166499998420477 ], [ 324900.825800001621246, -2582460.809000000357628 ], [ 324550.003699999302626, -2582401.599500000476837 ], [ 324247.967199999839067, -2582455.131099998950958 ], [ 324133.255199998617172, -2582444.378199998289347 ], [ 324070.63289999961853, -2582512.999400001019239 ], [ 323899.50730000063777, -2582493.738400001078844 ], [ 323806.026200000196695, -2582340.456599999219179 ], [ 323370.026399999856949, -2582284.832899998873472 ], [ 323171.589699998497963, -2582319.23369999974966 ], [ 323016.984099999070168, -2582269.962900001555681 ], [ 322890.336599998176098, -2582255.418800000101328 ], [ 322889.872600000351667, -2582160.927499998360872 ], [ 322764.493599999696016, -2582099.338700000196695 ], [ 322687.783700000494719, -2582122.8059 ], [ 322309.121300000697374, -2582065.8739 ], [ 322053.840599998831749, -2582079.521200001239777 ], [ 321813.902399998158216, -2582151.992199998348951 ], [ 321708.879999998956919, -2582226.630100000649691 ], [ 321643.223400000482798, -2582232.314300000667572 ], [ 321490.363099999725819, -2582144.506999999284744 ], [ 321361.217000000178814, -2582156.264699999243021 ], [ 321206.040699999779463, -2582247.588599998503923 ], [ 321102.034299999475479, -2582256.203600000590086 ], [ 321074.488699998706579, -2582305.593499999493361 ], [ 320908.087099999189377, -2582391.463899999856949 ], [ 320700.902800001204014, -2582449.289099998772144 ], [ 320770.336100000888109, -2582222.787099998444319 ], [ 320694.848600000143051, -2582082.897300001233816 ], [ 320639.602200001478195, -2582031.618999999016523 ], [ 320513.312199998646975, -2582016.925700001418591 ], [ 320441.513099998235703, -2581984.084899999201298 ], [ 320057.952399998903275, -2582082.050000000745058 ], [ 319961.118999999016523, -2582065.383000001311302 ], [ 319761.792500000447035, -2581978.126499999314547 ], [ 319567.309200000017881, -2582023.029800001531839 ], [ 319377.651799999177456, -2582017.820799998939037 ], [ 319097.399399999529123, -2581971.811999998986721 ], [ 319049.277800001204014, -2581995.968100000172853 ], [ 318939.013000000268221, -2582010.386399999260902 ], [ 318882.85020000115037, -2582061.684799998998642 ], [ 318776.158399999141693, -2582071.332100000232458 ], [ 318610.631000000983477, -2581938.985100001096725 ], [ 318521.674899999052286, -2582031.531800001859665 ], [ 318504.680799998342991, -2582087.431099999696016 ], [ 318580.331900000572205, -2582387.980700001120567 ], [ 318524.998100001364946, -2582464.3147 ], [ 318455.799699999392033, -2582513.581000000238419 ], [ 318394.639600001275539, -2582518.503800000995398 ], [ 318021.709800001233816, -2582255.486200001090765 ], [ 317859.03830000013113, -2582108.063700001686811 ], [ 317624.499000001698732, -2581674.285599999129772 ], [ 317430.8445999994874, -2581614.835299998521805 ], [ 317043.457499999552965, -2581577.359000001102686 ], [ 316919.357299998402596, -2581599.538199998438358 ], [ 316863.155799999833107, -2581626.456199999898672 ], [ 316796.3277000002563, -2581518.289299998432398 ], [ 316127.954100001603365, -2581412.772999998182058 ], [ 315861.458200000226498, -2581393.409200001507998 ], [ 315324.402499999850988, -2581399.131700001657009 ], [ 315232.838300000876188, -2581316.593100000172853 ], [ 315138.676899999380112, -2581328.090700000524521 ], [ 315096.234499998390675, -2581277.763799998909235 ], [ 314956.237399999052286, -2581353.880300000309944 ], [ 314811.566599998623133, -2581289.06529999896884 ], [ 314628.962600000202656, -2581274.828899998217821 ], [ 314510.190900001674891, -2581304.995000001043081 ], [ 314401.866599999368191, -2581356.288899999111891 ], [ 314056.113699998706579, -2581206.622600000351667 ], [ 314026.530000001192093, -2580986.400800000876188 ], [ 313966.484700001776218, -2580945.241399999707937 ], [ 313704.37779999896884, -2580908.573399998247623 ], [ 313439.799600001424551, -2580858.964899998158216 ], [ 313191.757399998605251, -2580842.428800001740456 ], [ 312976.787599999457598, -2580875.500999998301268 ], [ 312827.96229999884963, -2581090.471000000834465 ], [ 312629.528499998152256, -2581189.687699999660254 ], [ 312381.4864999987185, -2581255.832299999892712 ], [ 312249.197299998253584, -2581156.615499999374151 ], [ 312100.372000001370907, -2581024.326299998909235 ], [ 311935.010600000619888, -2580991.254099998623133 ], [ 311918.474500000476837, -2580809.356499999761581 ], [ 311802.721500001847744, -2580643.995200000703335 ], [ 311554.679400000721216, -2580627.458999998867512 ], [ 311174.348099999129772, -2580627.458999998867512 ], [ 310860.161400001496077, -2580561.314500000327826 ], [ 310479.830099999904633, -2580577.850600000470877 ], [ 309967.209699999541044, -2580643.995099999010563 ], [ 309404.980900000780821, -2580627.45890000090003 ], [ 309008.113400001078844, -2580462.097600001841784 ], [ 308660.854400001466274, -2580395.953000001609325 ], [ 308287.163499999791384, -2580343.779100000858307 ], [ 308341.068999998271465, -2580135.858199998736382 ], [ 308298.735500000417233, -2579871.274300001561642 ], [ 308288.152199998497963, -2579627.857099998742342 ], [ 308510.40260000154376, -2578527.188299998641014 ], [ 308552.736000001430511, -2578135.604200001806021 ], [ 308774.9864999987185, -2577871.020300000905991 ], [ 308838.486600000411272, -2577691.103300001472235 ], [ 308838.486600000411272, -2577521.76969999819994 ], [ 308944.320099998265505, -2577341.852600000798702 ], [ 309145.403900001198053, -2576907.935100000351667 ], [ 309346.48759999871254, -2576622.184500001370907 ], [ 309314.73759999871254, -2576315.267200000584126 ], [ 309304.154199998825788, -2576071.850099999457598 ], [ 309272.404100000858307, -2575860.18299999833107 ], [ 309219.487399999052286, -2575669.682599999010563 ], [ 309240.653999999165535, -2575405.098700001835823 ], [ 309928.57209999859333, -2575278.098400000482798 ], [ 310227.230700001120567, -2575198.482999999076128 ], [ 310436.573100000619888, -2575108.764800000935793 ], [ 310648.240200001746416, -2574897.097699999809265 ], [ 311042.059000000357628, -2574988.6349 ], [ 311505.070999998599291, -2575054.779399998486042 ], [ 311835.793800000101328, -2575120.9239999987185 ], [ 312133.444400001317263, -2575120.9239999987185 ], [ 312398.022700000554323, -2575054.779500000178814 ], [ 312596.456300001591444, -2574972.098799999803305 ], [ 312761.817800000309944, -2574922.490299999713898 ], [ 312960.251499999314547, -2574988.6349 ], [ 313208.293600000441074, -2575153.996300000697374 ], [ 313753.986299999058247, -2575253.213100001215935 ], [ 314101.245299998670816, -2575302.82149999961257 ], [ 314448.504299998283386, -2575319.357700001448393 ], [ 314696.546399999409914, -2575368.9662000015378 ], [ 314944.588500000536442, -2575352.429999999701977 ], [ 315242.239100001752377, -2575319.357700001448393 ], [ 315457.20890000090003, -2575236.676899999380112 ], [ 315589.498100001364946, -2575402.038400001823902 ], [ 315787.931800000369549, -2575501.255300000309944 ], [ 316035.235500000417233, -2575559.461300000548363 ], [ 316078.801699999719858, -2575556.405699998140335 ], [ 316085.036899998784065, -2575476.710900001227856 ], [ 316021.306400001049042, -2575188.622999999672174 ], [ 316055.274900000542402, -2575134.980599999427795 ], [ 316106.652100000530481, -2575133.903299998492002 ], [ 316311.871500000357628, -2575372.44539999961853 ], [ 316394.338799998164177, -2575441.351799998432398 ], [ 316707.169100001454353, -2575383.793800000101328 ], [ 316787.029399998486042, -2575414.683899998664856 ], [ 316958.687100000679493, -2575543.69370000064373 ], [ 317083.572799999266863, -2575602.130699999630451 ], [ 317299.371300000697374, -2575747.296599999070168 ], [ 317433.653900001198053, -2575859.275400001555681 ], [ 317892.943500000983477, -2576011.680100001394749 ], [ 317957.777899999171495, -2576006.293600000441074 ], [ 318008.926600001752377, -2575924.464299999177456 ], [ 318115.863800000399351, -2575939.920299999415874 ], [ 318165.578499998897314, -2575918.195099998265505 ], [ 318207.140099998563528, -2575792.383699998259544 ], [ 318186.389299999922514, -2575731.591099999845028 ], [ 318188.566199999302626, -2575465.85700000077486 ], [ 318167.164099998772144, -2575222.025800000876188 ], [ 318216.902199998497963, -2574989.4353 ], [ 318253.64809999987483, -2574964.073800001293421 ], [ 318290.037900000810623, -2574938.760400000959635 ], [ 318392.496399998664856, -2575252.303300000727177 ], [ 318407.976100001484156, -2575443.973900001496077 ], [ 318460.110100001096725, -2575489.506000000983477 ], [ 318447.74269999936223, -2575658.570999998599291 ], [ 318478.984200000762939, -2575894.249699998646975 ], [ 318527.706799998879433, -2575987.074999999254942 ], [ 318578.148600000888109, -2575980.829500000923872 ], [ 318658.521800000220537, -2575833.832899998873472 ], [ 318668.295699998736382, -2575784.853799998760223 ], [ 318748.872099999338388, -2575807.06980000063777 ], [ 318785.727800000458956, -2575716.520799998193979 ], [ 318790.125999998301268, -2575646.590599998831749 ], [ 318955.8733000010252, -2575606.958299998193979 ], [ 319055.269600000232458, -2575831.578699998557568 ], [ 319082.915300000458956, -2576063.264199998229742 ], [ 319133.826799999922514, -2576145.57209999859333 ], [ 319811.455299999564886, -2576373.895899999886751 ], [ 319851.494100000709295, -2576335.941100001335144 ], [ 319824.396000001579523, -2576250.797200001776218 ], [ 319889.692800000309944, -2576247.923500001430511 ], [ 319999.206399999558926, -2576187.465399999171495 ], [ 320247.180300001055002, -2576205.215700000524521 ], [ 320380.518300000578165, -2576232.896499998867512 ], [ 320640.111699998378754, -2576231.880199998617172 ], [ 320685.958200000226498, -2576180.210099998861551 ], [ 320654.798799999058247, -2576089.452199999243021 ], [ 320584.964099999517202, -2575993.14919999986887 ], [ 320646.579500000923872, -2575915.970400001853704 ], [ 320577.646299999207258, -2575837.869100000709295 ], [ 320558.887200001627207, -2575681.295800000429153 ], [ 320635.867899999022484, -2575577.980000000447035 ], [ 320647.936599999666214, -2575518.348900001496077 ], [ 320551.279399998486042, -2575150.335299998521805 ], [ 320632.126400001347065, -2575029.1261 ], [ 320714.669100001454353, -2575079.595100000500679 ], [ 320910.452500000596046, -2575254.842199999839067 ], [ 321014.543200001120567, -2575438.88910000026226 ], [ 321471.992400001734495, -2576029.239100001752377 ], [ 321672.915300000458956, -2576106.53660000115633 ], [ 321818.9375, -2576122.19649999961257 ], [ 321963.778099998831749, -2576107.516399998217821 ], [ 321992.482200000435114, -2576167.296599999070168 ], [ 322157.179499998688698, -2576134.6418999992311 ], [ 322304.650299999862909, -2576238.496800001710653 ], [ 322574.558600001037121, -2576288.903900001198053 ], [ 322846.972300000488758, -2576280.034400001168251 ], [ 322975.412399999797344, -2576213.531800001859665 ], [ 323115.242899999022484, -2576086.673099998384714 ], [ 323151.649300001561642, -2576199.280900001525879 ], [ 323227.977600000798702, -2576227.031500000506639 ], [ 323333.434999998658895, -2576158.277699999511242 ], [ 323382.268100000917912, -2575907.3114 ], [ 323453.804400000721216, -2575661.3445999994874 ], [ 323391.149399999529123, -2575521.647900000214577 ], [ 323377.112900000065565, -2575430.571199998259544 ], [ 323344.187800001353025, -2575404.335999999195337 ], [ 323306.399000000208616, -2575461.186900001019239 ], [ 323228.22410000115633, -2575232.3147 ], [ 323107.438499998301268, -2575120.73030000180006 ], [ 323085.903900001198053, -2574925.479699999094009 ], [ 323002.530099999159575, -2574718.986299999058247 ], [ 323028.070099998265505, -2574597.7010000012815 ], [ 322951.686900001019239, -2574254.038100000470877 ], [ 322903.909400001168251, -2573914.654500000178814 ], [ 322914.816899999976158, -2573825.57149999961257 ], [ 322850.442999999970198, -2573279.062800001353025 ], [ 322782.948499999940395, -2572962.861299999058247 ], [ 322784.066100001335144, -2572843.050900001078844 ], [ 322719.094200000166893, -2572652.352299999445677 ], [ 322646.598200000822544, -2572518.332499999552965 ], [ 322635.943799998611212, -2572341.759100001305342 ], [ 322648.931499999016523, -2572152.653900001198053 ], [ 322731.842500001192093, -2572081.511300001293421 ], [ 322823.63230000063777, -2571960.561799999326468 ], [ 322861.11939999833703, -2571842.20549999922514 ], [ 322848.106800001114607, -2571783.894400000572205 ], [ 322778.719799999147654, -2571725.832100000232458 ], [ 322814.244699999690056, -2571513.085900001227856 ], [ 322761.218299999833107, -2571122.2804000005126 ], [ 322708.635000001639128, -2570933.568399999290705 ], [ 322660.520700000226498, -2570856.346099998801947 ], [ 322650.951200000941753, -2570743.793600000441074 ], [ 322704.566399998962879, -2570701.458000000566244 ], [ 322560.280600000172853, -2569757.13230000063777 ], [ 322563.149700000882149, -2569545.881999999284744 ], [ 322529.645700000226498, -2569414.726100001484156 ], [ 322543.880100000649691, -2569205.572799999266863 ], [ 322597.51410000026226, -2569185.7652000002563 ], [ 323027.548000000417233, -2569325.332600001245737 ], [ 323298.751200001686811, -2569142.773800000548363 ], [ 323330.094099998474121, -2569210.838799998164177 ], [ 323323.768199998885393, -2569242.004000000655651 ], [ 323286.6081000007689, -2569424.584499999880791 ], [ 323477.632399998605251, -2569724.2837999984622 ], [ 323628.905099999159575, -2570155.712000001221895 ], [ 323801.988600000739098, -2571177.982599999755621 ], [ 323894.648600000888109, -2571525.684399999678135 ], [ 323981.969399999827147, -2571565.874400001019239 ], [ 324186.282999999821186, -2571906.333599999547005 ], [ 324218.296100001782179, -2571996.039099998772144 ], [ 324302.143100000917912, -2572045.427400000393391 ], [ 324493.927299998700619, -2572377.099399998784065 ], [ 324566.354100000113249, -2572454.759799998253584 ], [ 324759.977000001817942, -2572822.607099998742342 ], [ 324796.89809999987483, -2573034.904100000858307 ], [ 324854.429400000721216, -2573438.245799999684095 ], [ 325003.291000001132488, -2573605.239 ], [ 325076.131099998950958, -2574109.055300001055002 ], [ 325065.350000001490116, -2574255.369899999350309 ], [ 325106.473000001162291, -2574343.925200000405312 ], [ 325270.817099999636412, -2574488.140700001269579 ], [ 325363.689399998635054, -2574689.85700000077486 ], [ 325499.528499998152256, -2574855.071199998259544 ], [ 325608.67790000140667, -2575036.518300000578165 ], [ 325737.660000000149012, -2575552.370099999010563 ], [ 325923.265900000929832, -2575976.868999999016523 ], [ 325991.584899999201298, -2576068.010000001639128 ], [ 326042.280600000172853, -2576210.878699999302626 ], [ 326795.549100000411272, -2576431.4342 ], [ 326960.597500000149012, -2576351.549600001424551 ], [ 327003.9386, -2576398.968899998813868 ], [ 327260.466699998825788, -2576412.3695 ], [ 327281.666200000792742, -2576422.759300000965595 ], [ 327260.277199998497963, -2576500.123799998313189 ], [ 327384.836500000208616, -2576651.814800001680851 ], [ 327573.308100000023842, -2576746.886999998241663 ], [ 327616.439500000327826, -2576714.434300001710653 ], [ 327708.819499999284744, -2576644.53660000115633 ], [ 327780.153200000524521, -2576650.256700001657009 ], [ 327875.811700001358986, -2576719.685400001704693 ], [ 328217.414099998772144, -2576775.199099998921156 ], [ 328388.248700000345707, -2576868.030000001192093 ], [ 328582.645899999886751, -2576862.375599998980761 ], [ 328622.199999999254942, -2576905.9222999997437 ], [ 328749.293200001120567, -2576971.314399998635054 ], [ 328818.497299998998642, -2576949.501600001007318 ], [ 328886.386399999260902, -2576998.997999999672174 ], [ 328964.028299998492002, -2576985.558600001037121 ], [ 329024.069600000977516, -2576920.6537000015378 ], [ 329075.97690000012517, -2576936.555300001055002 ], [ 329091.379900000989437, -2577001.392000000923872 ], [ 329291.391699999570847, -2577091.362199999392033 ], [ 329479.78830000013113, -2577289.548000000417233 ], [ 329505.085900001227856, -2577412.307300001382828 ], [ 329571.255199998617172, -2577468.942499998956919 ], [ 329987.211100000888109, -2577662.3585 ], [ 330624.919799998402596, -2577878.399099998176098 ], [ 330712.912200000137091, -2577875.874099999666214 ], [ 330735.410799998790026, -2577706.234400000423193 ], [ 330791.484900001436472, -2577644.294599998742342 ], [ 330858.752599999308586, -2577647.847100000828505 ], [ 330903.810699999332428, -2577706.363699998706579 ], [ 330976.439300000667572, -2577751.674100000411272 ], [ 330999.016100000590086, -2577877.282699998468161 ], [ 331038.062199998646975, -2577907.094700001180172 ], [ 331131.190499998629093, -2577879.4254 ], [ 331350.431200001388788, -2577906.003899998962879 ], [ 331391.952599998563528, -2577953.595499999821186 ], [ 331478.876499999314547, -2577979.757500000298023 ], [ 331452.994600001722574, -2578055.2489 ], [ 331470.968199998140335, -2578097.215399999171495 ], [ 331493.288400001823902, -2578108.237100001424551 ], [ 331572.348799999803305, -2578070.290399998426437 ], [ 331609.230200000107288, -2578147.96229999884963 ], [ 331578.706900000572205, -2578211.873599998652935 ], [ 331570.867499999701977, -2578289.262899998575449 ], [ 331750.111900001764297, -2578292.269900001585484 ], [ 331794.97239999845624, -2578319.503699999302626 ], [ 331833.254999998956919, -2578249.465399999171495 ], [ 332157.745799999684095, -2578515.937699999660254 ], [ 332163.249200001358986, -2578597.754900000989437 ], [ 332208.485199999064207, -2578646.680399999022484 ], [ 332322.846700001507998, -2578651.072799999266863 ], [ 332510.670200001448393, -2578701.530000001192093 ], [ 332533.314300000667572, -2578669.928199999034405 ], [ 332598.943900000303984, -2578723.950500000268221 ], [ 332600.586800001561642, -2578801.945300001651049 ], [ 333043.758200000971556, -2579028.777399998158216 ], [ 333179.613299999386072, -2579119.709399998188019 ], [ 333270.124400001019239, -2579220.152699999511242 ], [ 333567.765500001609325, -2579470.831799998879433 ], [ 333836.97239999845624, -2579536.751600001007318 ], [ 333870.704799998551607, -2579607.074099998921156 ], [ 333930.917700000107288, -2579641.857999999076128 ], [ 334069.490200001746416, -2579619.585799999535084 ], [ 334086.515099998563528, -2579655.636399999260902 ], [ 334036.632199998944998, -2579692.491300001740456 ], [ 334089.660100001841784, -2579818.480900000780821 ], [ 334897.733399998396635, -2580358.219999998807907 ], [ 335149.778400000184774, -2580369.784000001847744 ], [ 335214.783900000154972, -2580313.523400001227856 ], [ 335228.211800001561642, -2580336.139800000935793 ], [ 335208.564699999988079, -2580381.275199998170137 ], [ 335316.174800001084805, -2580429.79839999973774 ], [ 335366.960400000214577, -2580370.254599999636412 ], [ 335395.368900001049042, -2580407.326099999248981 ], [ 335430.100999999791384, -2580388.122600000351667 ], [ 335470.775299999862909, -2580400.138999998569489 ], [ 335564.162500001490116, -2580286.439800001680851 ], [ 335662.474599998444319, -2580065.978900000452995 ], [ 335616.683699999004602, -2580044.1537000015378 ], [ 335620.621800001710653, -2579881.168600000441074 ], [ 335643.997900001704693, -2579752.203899998217821 ], [ 335662.660300001502037, -2579721.086300000548363 ], [ 335712.627599999308586, -2579710.260499998927116 ], [ 335762.605700001120567, -2579698.5168999992311 ], [ 335835.089999999850988, -2579895.837999999523163 ], [ 335854.36540000140667, -2580001.043400000780821 ], [ 335789.0793999992311, -2580165.066199999302626 ], [ 335816.779800001531839, -2580269.175900001078844 ], [ 335897.202500000596046, -2580317.790699999779463 ], [ 336001.228000000119209, -2580278.182399999350309 ], [ 336031.953400000929832, -2580355.8141999989748 ], [ 336166.017599999904633, -2580374.89640000090003 ], [ 336220.201299998909235, -2580314.782900001853704 ], [ 336386.956599999219179, -2580353.05009999871254 ], [ 336443.5168999992311, -2580355.132800001651049 ], [ 336448.070500001311302, -2580323.33729999884963 ], [ 336544.025299999862909, -2580339.5176 ], [ 336590.96229999884963, -2580268.15260000154376 ], [ 336556.492199998348951, -2580257.050700001418591 ], [ 336608.84569999948144, -2580166.874699998646975 ], [ 336605.038800001144409, -2580098.710799999535084 ], [ 336582.611600000411272, -2580063.38230000063777 ], [ 336543.723900001496077, -2580054.557 ], [ 336591.328299999237061, -2580013.6233000010252 ], [ 336714.192400000989437, -2579961.950599998235703 ], [ 336769.914599999785423, -2579879.072299998253584 ], [ 336657.036400001496077, -2579766.163899999111891 ], [ 336636.457400001585484, -2579715.7989999987185 ], [ 336705.270799998193979, -2579658.190400000661612 ], [ 336857.984099999070168, -2579665.247299998998642 ], [ 336970.695099998265505, -2579627.861600000411272 ], [ 337115.129599999636412, -2579641.213100001215935 ], [ 337228.609000001102686, -2579734.103999998420477 ], [ 337351.436599999666214, -2579759.712000001221895 ], [ 337519.205600000917912, -2579755.984900001436472 ], [ 337558.526700001209974, -2579825.543200001120567 ], [ 337666.968199998140335, -2579802.697700001299381 ], [ 337728.006099998950958, -2579833.761399999260902 ], [ 337817.982099998742342, -2579777.6886 ], [ 337836.500999998301268, -2579658.886500000953674 ], [ 337796.84569999948144, -2579601.565699998289347 ], [ 337794.6402000002563, -2579571.452799998223782 ], [ 337833.584300000220537, -2579491.544100001454353 ], [ 337851.941799998283386, -2579517.031800001859665 ], [ 337875.450300000607967, -2579516.465199999511242 ], [ 337918.510400000959635, -2579459.579700000584126 ], [ 337910.530799999833107, -2579424.189800001680851 ], [ 337969.272399999201298, -2579369.5735 ], [ 337924.701299998909235, -2579326.794300001114607 ], [ 337914.550299998372793, -2579288.15430000051856 ], [ 337949.983800001442432, -2579247.8728 ], [ 337927.05689999833703, -2579239.6085 ], [ 337935.802099999040365, -2579208.850699998438358 ], [ 337975.465700000524521, -2579183.728100001811981 ], [ 338023.809799998998642, -2579206.089999999850988 ], [ 338052.769299998879433, -2579197.85020000115037 ], [ 338074.308899998664856, -2579111.682100001722574 ], [ 338032.926300000399351, -2579102.301899999380112 ], [ 338075.790899999439716, -2578940.33669999986887 ], [ 338111.385200001299381, -2578960.043400000780821 ], [ 338252.700699999928474, -2578916.233600001782179 ], [ 338345.942800000309944, -2579126.504099998623133 ], [ 338467.398299999535084, -2579259.963300000876188 ], [ 338540.392000000923872, -2579290.352899998426437 ], [ 338744.590399999171495, -2579258.308400001376867 ], [ 338818.875500001013279, -2579229.418400000780821 ], [ 338834.82209999859333, -2579192.591499999165535 ], [ 338865.390900000929832, -2579200.758400000631809 ], [ 338854.634100001305342, -2579229.043800000101328 ], [ 338885.839299999177456, -2579255.35190000012517 ], [ 338993.924899999052286, -2579260.2820999994874 ], [ 339126.583200000226498, -2579191.600099999457598 ], [ 339250.689899999648333, -2579075.408900000154972 ], [ 339248.549400001764297, -2578953.956700000911951 ], [ 339292.814399998635054, -2578955.988600000739098 ], [ 339373.313299998641014, -2578921.144999999552965 ], [ 339398.24439999833703, -2578841.333599999547005 ], [ 339468.325699999928474, -2578718.353300001472235 ], [ 339462.99100000038743, -2578699.015599999576807 ], [ 339513.984499998390675, -2578669.752099998295307 ], [ 339536.928300000727177, -2578582.465599998831749 ], [ 339516.225000001490116, -2578576.530099999159575 ], [ 339547.959699999541044, -2578487.179900001734495 ], [ 339641.261399999260902, -2578407.92339999973774 ], [ 339645.565099999308586, -2578276.178199999034405 ], [ 339674.281800001859665, -2578274.216099999845028 ], [ 339683.678700000047684, -2578243.368099998682737 ], [ 339658.528200000524521, -2578210.2401 ], [ 339601.40819999948144, -2578194.312699999660254 ], [ 339568.771699998527765, -2578042.14299999922514 ], [ 339541.788899999111891, -2578021.442899998277426 ], [ 339471.215300001204014, -2577859.587499998509884 ], [ 339366.588199999183416, -2577855.144299998879433 ], [ 339315.926100000739098, -2577889.595800001174212 ], [ 339266.1402000002563, -2577853.561999998986721 ], [ 339282.392700001597404, -2577781.956300001591444 ], [ 339181.103000000119209, -2577702.251899998635054 ], [ 339112.781899999827147, -2577701.681800000369549 ], [ 339109.771000001579523, -2577682.940699998289347 ], [ 339079.678100001066923, -2577673.012899998575449 ], [ 339068.194099999964237, -2577649.356100000441074 ], [ 339102.888999998569489, -2577583.989799998700619 ], [ 339034.763399999588728, -2577534.76069999858737 ], [ 338991.728300001472235, -2577457.063700001686811 ], [ 338947.085799999535084, -2577453.371599998325109 ], [ 338720.421799998730421, -2577306.792700000107288 ], [ 338697.446400001645088, -2577211.657900001853704 ], [ 338393.255199998617172, -2576977.885499998927116 ], [ 338300.948300000280142, -2576766.827799998223782 ], [ 338297.781100001186132, -2576745.214200001209974 ], [ 338195.601300001144409, -2576716.826699998229742 ], [ 338052.728999998420477, -2576724.76410000026226 ], [ 337973.355599999427795, -2576796.200199998915195 ], [ 337965.418200001120567, -2576891.448300000280142 ], [ 337917.794100001454353, -2576907.323100000619888 ], [ 337751.1097999997437, -2576875.573699999600649 ], [ 337592.362799998372793, -2576851.761700000613928 ], [ 337520.926699999719858, -2576740.638799998909235 ], [ 337370.11710000038147, -2576621.578600000590086 ], [ 337203.432799998670816, -2576478.706300001591444 ], [ 337084.372600000351667, -2576415.207600001245737 ], [ 336973.249699998646975, -2576351.708700001239777 ], [ 336885.938799999654293, -2576200.899099998176098 ], [ 336830.377399999648333, -2576081.839000001549721 ], [ 336790.690699998289347, -2575923.092000000178814 ], [ 336711.317200001329184, -2575859.593199998140335 ], [ 336631.94370000064373, -2575716.720899999141693 ], [ 336528.758200000971556, -2575645.284800000488758 ], [ 336417.635299999266863, -2575581.786100000143051 ], [ 336243.013700000941753, -2575486.537900000810623 ], [ 336116.016100000590086, -2575391.289799999445677 ], [ 335996.955899998545647, -2575264.292100001126528 ], [ 335949.331700000911951, -2575081.7331000007689 ], [ 335941.394400000572205, -2574915.048799999058247 ], [ 335893.770300000905991, -2574748.364500001072884 ], [ 335931.851500000804663, -2574619.653299998492002 ], [ 336132.935199998319149, -2574291.569200001657009 ], [ 336355.185699999332428, -2574164.568999998271465 ], [ 336577.436099998652935, -2574090.485599998384714 ], [ 336852.603300001472235, -2573984.651999998837709 ], [ 337021.936999998986721, -2573836.484999999403954 ], [ 337138.353900000452995, -2573656.568 ], [ 337265.354200001806021, -2573497.817699998617172 ], [ 337466.437899999320507, -2573370.817400000989437 ], [ 337593.438099998980761, -2573317.900600001215935 ], [ 337762.771800000220537, -2573349.650699999183416 ], [ 337932.105500001460314, -2573360.234099999070168 ], [ 338245.714899998158216, -2573286.456500001251698 ], [ 338338.473600000143051, -2573486.326299998909235 ], [ 338346.410999998450279, -2573660.947900000959635 ], [ 338449.596500001847744, -2573859.381499998271465 ], [ 338632.155499998480082, -2574161.000799998641014 ], [ 338782.96510000154376, -2574335.622400000691414 ], [ 338838.526500001549721, -2574438.80799999833107 ], [ 338989.336199998855591, -2574557.868099998682737 ], [ 339163.957800000905991, -2574684.865699999034405 ], [ 339222.017799999564886, -2574828.301399998366833 ], [ 339340.151099998503923, -2574868.32039999961853 ], [ 339397.663600001484156, -2574887.726700000464916 ], [ 339433.31810000166297, -2574852.627599999308586 ], [ 339478.231899999082088, -2574844.089800000190735 ], [ 339518.14130000025034, -2574859.662500001490116 ], [ 339597.223099999129772, -2574934.398899998515844 ], [ 339611.239000000059605, -2574948.158500000834465 ], [ 339695.916799999773502, -2574957.8257 ], [ 339850.483899999409914, -2575026.922899998724461 ], [ 339929.336300000548363, -2575029.495900001376867 ], [ 340092.047600001096725, -2575140.099700000137091 ], [ 340138.607599999755621, -2575198.286899998784065 ], [ 340230.38459999859333, -2575246.059599999338388 ], [ 340271.14809999987483, -2575305.011900000274181 ], [ 340320.984200000762939, -2575314.9358000010252 ], [ 340397.420200001448393, -2575241.414200000464916 ], [ 340400.295099999755621, -2575132.400800000876188 ], [ 340434.578899998217821, -2575069.678199999034405 ], [ 340405.287500001490116, -2574978.813299998641014 ], [ 340375.235800001770258, -2574942.814800001680851 ], [ 340378.06700000166893, -2574918.183600001037121 ], [ 340391.560600001364946, -2574881.552499998360872 ], [ 340450.265999998897314, -2574826.879900000989437 ], [ 340525.738099999725819, -2574803.918999999761581 ], [ 340711.538899999111891, -2574853.130800001323223 ], [ 340843.055900000035763, -2574868.742400001734495 ], [ 341004.660900000482798, -2574998.573800001293421 ], [ 341065.660300001502037, -2575011.329900000244379 ], [ 341141.828099999576807, -2575064.676199998706579 ], [ 341266.665699999779463, -2575208.812399998307228 ], [ 341348.714400000870228, -2575364.764400001615286 ], [ 341410.261399999260902, -2575640.739999998360872 ], [ 341411.929900001734495, -2575796.875300001353025 ], [ 341430.617499999701977, -2575863.972600001841784 ], [ 341568.830600000917912, -2575983.793299999088049 ], [ 341615.728700000792742, -2576065.264499999582767 ], [ 341586.344300001859665, -2576064.825899999588728 ], [ 341658.591299999505281, -2576229.034600000828505 ], [ 341812.076099999248981, -2576321.644900001585484 ], [ 342180.639699999243021, -2576678.492600001394749 ], [ 342571.870900001376867, -2576946.201099999248981 ], [ 342711.180599998682737, -2576981.551899999380112 ], [ 342752.229899998754263, -2577076.087900001555681 ], [ 342864.126499999314547, -2577196.730799999088049 ], [ 342866.973299998790026, -2577251.132800001651049 ], [ 342899.638799998909235, -2577328.453099999576807 ], [ 343086.064800001680851, -2577464.348600000143051 ], [ 343145.406199999153614, -2577479.908399999141693 ], [ 343165.924300000071526, -2577460.665899999439716 ], [ 343218.429999999701977, -2577510.160100001841784 ], [ 343279.524999998509884, -2577661.936900001019239 ], [ 343347.605500001460314, -2577998.774099998176098 ], [ 343472.974500000476837, -2578176.734900001436472 ], [ 343619.505199998617172, -2578294.453000001609325 ], [ 343963.689699999988079, -2578269.408300001174212 ], [ 344020.00789999961853, -2578292.299100000411272 ], [ 344080.373199999332428, -2578337.211199998855591 ], [ 344113.675299998372793, -2578577.884399998933077 ], [ 344216.795299999415874, -2578658.898499999195337 ], [ 344391.636999998241663, -2578672.909200001507998 ], [ 344494.839600000530481, -2578786.015700001269579 ], [ 344552.828099999576807, -2578793.877399999648333 ], [ 344586.089899998158216, -2578834.655499998480082 ], [ 344693.739199999719858, -2578854.095199998468161 ], [ 344720.549199998378754, -2578997.453699998557568 ], [ 344765.309399999678135, -2579031.343299999833107 ], [ 345057.663699999451637, -2579148.761700000613928 ], [ 345187.640299998223782, -2579154.830699998885393 ], [ 345287.754299998283386, -2579237.918600000441074 ], [ 345267.818599998950958, -2579271.797800000756979 ], [ 345289.226599998772144, -2579277.704900000244379 ], [ 345224.94649999961257, -2579336.650199998170137 ], [ 345245.810499999672174, -2579355.6217 ], [ 345296.016699999570847, -2579329.762299999594688 ], [ 345371.130699999630451, -2579331.891199998557568 ], [ 345364.458299998193979, -2579285.850400000810623 ], [ 345509.894600000232458, -2579289.838300000876188 ], [ 345656.170000001788139, -2579245.072500001639128 ], [ 345784.646800000220537, -2579180.007199998944998 ], [ 345914.37950000166893, -2579080.931800000369549 ], [ 346031.309500001370907, -2579109.554000001400709 ], [ 346153.371899999678135, -2579046.246300000697374 ], [ 346235.660000000149012, -2578984.731199998408556 ], [ 346270.907999999821186, -2578932.267499998211861 ], [ 346419.910000000149012, -2578920.91609999909997 ], [ 346571.556200001388788, -2578857.92850000038743 ], [ 346597.436799999326468, -2578829.275600001215935 ], [ 346560.5016999989748, -2578779.442899998277426 ], [ 346613.382399998605251, -2578620.252000000327826 ], [ 346659.056600000709295, -2578556.8081 ], [ 346748.643699999898672, -2578508.19480000063777 ], [ 346954.757500000298023, -2578478.760899998247623 ], [ 347014.186200000345707, -2578370.857999999076128 ], [ 347158.092000000178814, -2578241.8902000002563 ], [ 347146.784000001847744, -2578214.701999999582767 ], [ 347232.738200001418591, -2578171.917100001126528 ], [ 347270.171100001782179, -2578113.789700001478195 ], [ 347313.727600000798702, -2578129.676199998706579 ], [ 347337.490100000053644, -2578112.576099999248981 ], [ 347414.637899998575449, -2578116.996199999004602 ], [ 347416.512200001627207, -2578134.963599998503923 ], [ 347471.335400000214577, -2578111.058899998664856 ], [ 347465.100400000810623, -2578070.207600001245737 ], [ 347501.781199999153614, -2578013.994199998676777 ], [ 347705.27309999987483, -2577984.735100001096725 ], [ 347809.3429000005126, -2577895.96169999986887 ], [ 347889.453600000590086, -2577912.150499999523163 ], [ 347973.195599999278784, -2577850.383499998599291 ], [ 348023.561299998313189, -2577845.401599999517202 ], [ 348081.991799999028444, -2577809.59910000115633 ], [ 348193.757100000977516, -2577683.312100000679493 ], [ 348315.565600000321865, -2577606.020799998193979 ], [ 348404.883000001311302, -2577505.308899998664856 ], [ 348483.685499999672174, -2577457.291900001466274 ], [ 348545.241599999368191, -2577362.042500000447035 ], [ 348637.404899999499321, -2577343.425299998372793 ], [ 348814.703299999237061, -2577199.461300000548363 ], [ 348828.461399998515844, -2577168.089600000530481 ], [ 348961.088199999183416, -2577144.901999998837709 ], [ 348975.357400000095367, -2577109.931000001728535 ], [ 349028.590999998152256, -2577107.958500001579523 ], [ 349228.458099998533726, -2576955.666600000113249 ], [ 349341.56870000064373, -2576926.441100001335144 ], [ 349437.278999999165535, -2576828.359099999070168 ], [ 349564.753499999642372, -2576744.068399999290705 ], [ 349590.550999999046326, -2576662.414599999785423 ], [ 349629.812399998307228, -2576550.103000000119209 ], [ 349798.199200000613928, -2576501.1554000005126 ], [ 349880.020199999213219, -2576460.540199998766184 ], [ 350009.692400000989437, -2576435.059000000357628 ], [ 350089.94480000063777, -2576373.795899998396635 ], [ 350360.444299999624491, -2576383.059999998658895 ], [ 350634.719200000166893, -2576264.848200000822544 ], [ 350762.426300000399351, -2576272.755199998617172 ], [ 351136.764299999922514, -2576220.854800000786781 ], [ 351437.129200000315905, -2576022.538499999791384 ], [ 351562.708000000566244, -2575958.4560999982059 ], [ 351673.013099998235703, -2575929.503699999302626 ], [ 351898.98369999974966, -2575799.508299998939037 ], [ 351956.517299998551607, -2575792.555700000375509 ], [ 352038.134500000625849, -2575700.50730000063777 ], [ 352179.043600000441074, -2575643.8651 ], [ 352426.442299999296665, -2575425.767700001597404 ], [ 352592.624299999326468, -2575342.172800000756979 ], [ 352915.947399999946356, -2575028.390700001269579 ], [ 352930.001800000667572, -2574976.903999999165535 ], [ 353004.036299999803305, -2574882.4232 ], [ 353046.116399999707937, -2574766.243000000715256 ], [ 353272.969700001180172, -2574616.041999999433756 ], [ 353360.193199999630451, -2574508.356899999082088 ], [ 353438.345400001853704, -2574483.730000000447035 ], [ 353523.093800000846386, -2574509.463100001215935 ], [ 353703.052099999040365, -2574427.433200001716614 ], [ 353817.309200000017881, -2574418.67960000038147 ], [ 353853.345499999821186, -2574358.112199999392033 ], [ 353903.9989, -2574351.948399998247623 ], [ 354170.102000001817942, -2574209.373700000345707 ], [ 354322.612199999392033, -2574166.624899998307228 ], [ 354371.196299999952316, -2574127.800500001758337 ], [ 354471.140900000929832, -2574105.261300001293421 ], [ 354501.43470000103116, -2574132.433400001376867 ], [ 354531.879799999296665, -2574129.150400001555681 ], [ 354585.405099999159575, -2574193.004099998623133 ], [ 354651.708200000226498, -2574197.768899999558926 ], [ 354772.889400001615286, -2574230.63910000026226 ], [ 355079.758799999952316, -2574245.774000000208616 ], [ 355300.950899999588728, -2574232.5691 ], [ 355397.500100001692772, -2574185.402199998497963 ], [ 355527.868700001388788, -2574193.489500001072884 ], [ 355563.294799998402596, -2574175.492400001734495 ], [ 355757.695900000631809, -2574152.963799998164177 ], [ 355837.218400001525879, -2574169.783500000834465 ], [ 355913.128699999302626, -2574148.915699999779463 ], [ 355987.297600001096725, -2574153.480999998748302 ], [ 356044.368700001388788, -2574183.761300001293421 ], [ 356129.982200000435114, -2574185.024300001561642 ], [ 356140.19819999858737, -2574142.69819999858737 ], [ 356162.390599999576807, -2574132.676300000399351 ], [ 356371.619100000709295, -2574115.000799998641014 ], [ 356598.300900001078844, -2574146.287799999117851 ], [ 356731.984900001436472, -2574205.9496 ], [ 356815.82209999859333, -2574272.629700001329184 ], [ 356814.208799999207258, -2574341.585200000554323 ], [ 356845.175200000405312, -2574358.153200000524521 ], [ 356911.540600001811981, -2574334.137299999594688 ], [ 356923.692999999970198, -2574368.917399998754263 ], [ 356991.890900000929832, -2574396.050700001418591 ], [ 357072.980900000780821, -2574373.521099999547005 ], [ 357128.080200001597404, -2574384.113400001078844 ], [ 357145.044300001114607, -2574463.478700000792742 ], [ 357210.778099998831749, -2574461.313700001686811 ], [ 357253.144799999892712, -2574446.77140000090003 ], [ 357281.458999998867512, -2574410.587400000542402 ], [ 357360.583299998193979, -2574392.648200001567602 ], [ 357361.814300000667572, -2574361.250799998641014 ], [ 357406.679000001400709, -2574308.0658 ], [ 357523.410399999469519, -2574260.515900000929832 ], [ 357634.322000000625849, -2574157.33839999884367 ], [ 357899.156899999827147, -2574012.707499999552965 ], [ 357957.519499998539686, -2573858.467700000852346 ], [ 358079.287900000810623, -2573686.741900000721216 ], [ 358183.702599998563528, -2573580.914500001817942 ], [ 358215.465999998152256, -2573507.76799999922514 ], [ 358268.531100001186132, -2573449.888900000602007 ], [ 358451.297800000756979, -2573328.80970000103116 ], [ 358505.06870000064373, -2573239.590500000864267 ], [ 358634.168099999427795, -2573089.375399999320507 ], [ 358709.962600000202656, -2573040.63060000166297 ], [ 358714.486000001430511, -2573012.982599999755621 ], [ 358801.750900000333786, -2572928.670800000429153 ], [ 358891.208700001239777, -2572841.413100000470877 ], [ 358894.177600000053644, -2572808.8618 ], [ 358952.672800000756979, -2572731.057599999010563 ], [ 359185.693399999290705, -2572497.694699998944998 ], [ 359247.777699999511242, -2572395.897900000214577 ], [ 359309.848600000143051, -2572349.041600000113249 ], [ 359455.548799999058247, -2572103.448899999260902 ], [ 359492.729499999433756, -2572077.396699998527765 ], [ 359505.624600000679493, -2572012.104200001806021 ], [ 359601.621500000357628, -2571888.234000001102686 ], [ 359890.412000000476837, -2571592.961399998515844 ], [ 360244.288499999791384, -2571328.660100001841784 ], [ 360365.697700001299381, -2571183.7555 ], [ 360570.318999998271465, -2570989.892400000244379 ], [ 360812.073100000619888, -2570833.318500000983477 ], [ 361014.117199998348951, -2570737.131700001657009 ], [ 361158.09910000115633, -2570715.993099998682737 ], [ 361248.910799998790026, -2570725.008299998939037 ], [ 361438.380899999290705, -2570634.881900001317263 ], [ 361483.035000000149012, -2570524.296799998730421 ], [ 361574.517000000923872, -2570367.003100000321865 ], [ 361631.886999998241663, -2570334.531199999153614 ], [ 361661.725699998438358, -2570207.789099998772144 ], [ 361735.342000000178814, -2570097.343199998140335 ], [ 361757.360500000417233, -2570019.468600001186132 ], [ 361811.435400001704693, -2569932.742899999022484 ], [ 361815.133200000971556, -2569895.624400001019239 ], [ 361995.711500000208616, -2569731.9199 ], [ 362020.602800000458956, -2569683.275199998170137 ], [ 362044.877700001001358, -2569662.414200000464916 ], [ 362120.348099999129772, -2569660.437300000339746 ], [ 362211.734600000083447, -2569678.907299999147654 ], [ 362282.441899999976158, -2569615.931600000709295 ], [ 362281.333200000226498, -2569588.273299999535084 ], [ 362373.85359999909997, -2569516.860500000417233 ], [ 362424.008000001311302, -2569503.740699999034405 ], [ 362474.942800000309944, -2569453.0135000012815 ], [ 362659.584800001233816, -2569440.984299998730421 ], [ 362689.861299999058247, -2569421.887499999254942 ], [ 362711.079599998891354, -2569365.768399998545647 ], [ 362705.480399999767542, -2569322.211899999529123 ], [ 362909.290500000119209, -2569227.4222999997437 ], [ 363086.002099998295307, -2569058.021899998188019 ], [ 363313.256299998611212, -2568702.356800001114607 ], [ 363478.57490000128746, -2568576.363299999386072 ], [ 363842.173200000077486, -2568023.834199998527765 ], [ 363976.113299999386072, -2567665.7007 ], [ 364020.190099999308586, -2567493.2347999997437 ], [ 364227.105700001120567, -2567235.377399999648333 ], [ 364227.104100000113249, -2567235.370999999344349 ], [ 364342.791600000113249, -2567052.339800000190735 ], [ 364558.6875, -2566772.945099998265505 ], [ 364666.635499998927116, -2566639.597600001841784 ], [ 364723.784400001168251, -2566461.801100000739098 ], [ 364850.781899999827147, -2566430.051699999719858 ], [ 365028.578600000590086, -2566252.255100000649691 ], [ 365206.375100001692772, -2566010.959699999541044 ], [ 365314.323100000619888, -2565845.862799998372793 ], [ 365473.070000000298023, -2565604.567499998956919 ], [ 365517.519200000911951, -2565420.421100001782179 ], [ 365682.61600000038743, -2565261.674100000411272 ], [ 365873.112399999052286, -2564963.229800000786781 ], [ 366285.854499999433756, -2564429.839999999850988 ], [ 366673.19709999859333, -2563972.648800000548363 ], [ 366774.795200001448393, -2563737.703299999237061 ], [ 366952.59180000051856, -2563547.206999998539686 ], [ 367104.988899998366833, -2563313.531500000506639 ], [ 367225.636599998921156, -2563110.335299998521805 ], [ 367314.53489999845624, -2562913.489100001752377 ], [ 367289.135400000959635, -2562678.543699998408556 ], [ 367384.383600000292063, -2562449.947999998927116 ], [ 367492.331500001251698, -2562342.000100001692772 ], [ 367562.18019999936223, -2562138.804000001400709 ], [ 367689.177700001746416, -2561973.70719999819994 ], [ 367879.674100000411272, -2561745.1114999987185 ], [ 368051.120799999684095, -2561573.664799999445677 ], [ 368222.567499998956919, -2561361.578899998217821 ], [ 368451.163199998438358, -2561120.283500000834465 ], [ 368724.208000000566244, -2560809.139499999582767 ], [ 368990.902899999171495, -2560542.444699998944998 ], [ 369194.098999999463558, -2560364.647999998182058 ], [ 369302.046900000423193, -2560226.220600001513958 ], [ 369289.347199998795986, -2560130.972500000149012 ], [ 369403.644999999552965, -2560023.024599999189377 ], [ 369575.091699998825788, -2559927.776399999856949 ], [ 369778.287799999117851, -2559743.629900000989437 ], [ 369873.535999998450279, -2559642.031899999827147 ], [ 370019.583200000226498, -2559540.433899998664856 ], [ 370108.481499999761581, -2559394.386700000613928 ], [ 370210.079599998891354, -2559267.38910000026226 ], [ 370311.677600000053644, -2559153.091299999505281 ], [ 370483.124400001019239, -2559083.242600001394749 ], [ 370616.471799999475479, -2558975.294700000435114 ], [ 370703.46510000154376, -2558898.461199998855591 ], [ 370811.413100000470877, -2558746.064100001007318 ], [ 370982.8597999997437, -2558695.265099998563528 ], [ 371065.408300001174212, -2558574.617400001734495 ], [ 371141.606800001114607, -2558466.66950000077486 ], [ 371236.855000000447035, -2558365.071400001645088 ], [ 371319.403400000184774, -2558295.222699999809265 ], [ 371459.100699998438358, -2558219.02419999986887 ], [ 371567.048599999397993, -2558187.27479999884963 ], [ 371674.996599998325109, -2558085.67680000141263 ], [ 371636.897399999201298, -2557857.081199999898672 ], [ 371583.769999999552965, -2557647.1118 ], [ 371499.105000000447035, -2557446.032400000840425 ], [ 371414.439899999648333, -2557276.702300000935793 ], [ 371322.995799999684095, -2557196.194200001657009 ], [ 371418.245999999344349, -2557048.027199998497963 ], [ 371566.412900000810623, -2556952.776999998837709 ], [ 371735.746599998325109, -2556783.443399999290705 ], [ 371894.496899999678135, -2556592.943 ], [ 372084.997299998998642, -2556360.109200000762939 ], [ 372159.080699998885393, -2556180.192200001329184 ], [ 372360.164500001817942, -2555989.691799998283386 ], [ 372603.581700000911951, -2555883.858199998736382 ], [ 372846.998799998313189, -2555841.52479999884963 ], [ 372984.582400001585484, -2555873.274900000542402 ], [ 373118.324000000953674, -2555943.227800000458956 ], [ 373245.321600001305342, -2556101.974800001829863 ], [ 373329.986600000411272, -2556218.389199998229742 ], [ 373404.068599998950958, -2556355.969999998807907 ], [ 373499.316700000315905, -2556535.883099999278784 ], [ 373562.815499998629093, -2556715.796300001442432 ], [ 373650.824700001627207, -2556836.105700001120567 ], [ 373852.417500000447035, -2556899.860300000756979 ], [ 374011.16780000180006, -2556825.776900000870228 ] ], [ [ 328098.707800000905991, -2582740.735500000417233 ], [ 328298.613899998366833, -2582768.262600000947714 ], [ 328492.329300001263618, -2582733.273899998515844 ], [ 328613.844999998807907, -2582729.992400001734495 ], [ 328650.306600000709295, -2582779.990299999713898 ], [ 328697.198499999940395, -2582776.644799999892712 ], [ 328774.36259999871254, -2582739.047899998724461 ], [ 328853.448600001633167, -2582662.960400000214577 ], [ 328856.950699999928474, -2582602.648200001567602 ], [ 328689.163400001823902, -2582545.809900000691414 ], [ 328610.151799999177456, -2582542.885099999606609 ], [ 328588.524300001561642, -2582596.855799999088049 ], [ 328560.109900001436472, -2582530.12950000166893 ], [ 328462.593499999493361, -2582453.073100000619888 ], [ 328405.405699998140335, -2582369.972100000828505 ], [ 328342.271499998867512, -2582340.670899998396635 ], [ 328189.786299999803305, -2582416.509700000286102 ], [ 328148.965900000184774, -2582462.561599999666214 ], [ 328146.416400000452995, -2582512.393100000917912 ], [ 328044.839699998497963, -2582696.36710000038147 ], [ 328098.707800000905991, -2582740.735500000417233 ] ], [ [ 328081.443599998950958, -2582783.6776 ], [ 328083.088799998164177, -2582822.621599998325109 ], [ 328196.53489999845624, -2582839.393100000917912 ], [ 328082.483399998396635, -2582892.126499999314547 ], [ 328063.3918999992311, -2582927.564599998295307 ], [ 328115.666799999773502, -2582934.806699998676777 ], [ 328135.551399998366833, -2582985.325800001621246 ], [ 328165.954999998211861, -2582997.850400000810623 ], [ 328154.364700000733137, -2583068.866799999028444 ], [ 328226.185199998319149, -2583119.606300000101328 ], [ 328180.919599998742342, -2583210.500100001692772 ], [ 328195.766600001603365, -2583266.772999998182058 ], [ 328234.789500001817942, -2583267.050299998372793 ], [ 328234.78660000115633, -2583349.569400001317263 ], [ 328302.422200001776218, -2583434.764699999243021 ], [ 328395.413600001484156, -2583489.758600000292063 ], [ 328519.928700000047684, -2583523.444699998944998 ], [ 328542.040199998766184, -2583559.670899998396635 ], [ 328582.232200000435114, -2583571.973600000143051 ], [ 328626.062699999660254, -2583545.570700000971556 ], [ 328572.597699999809265, -2583481.114399999380112 ], [ 328681.344900000840425, -2583371.787000000476837 ], [ 328771.160300001502037, -2583395.98369999974966 ], [ 328741.475999999791384, -2583426.628199998289347 ], [ 328876.791799999773502, -2583561.354800000786781 ], [ 328832.8885000012815, -2583569.565099999308586 ], [ 328813.902499999850988, -2583618.080899998545647 ], [ 328838.025499999523163, -2583659.286400001496077 ], [ 328902.3581000007689, -2583656.336100000888109 ], [ 328912.305100001394749, -2583690.584199998527765 ], [ 329045.222899999469519, -2583678.890900000929832 ], [ 329188.723600000143051, -2583572.962499998509884 ], [ 329214.94990000128746, -2583520.911699999123812 ], [ 329268.720800001174212, -2583510.636900000274181 ], [ 329284.562100000679493, -2583467.7533 ], [ 329224.252199999988079, -2583467.707600001245737 ], [ 329248.623500000685453, -2583436.714299999177456 ], [ 329196.797400001436472, -2583419.8618 ], [ 329207.230399999767542, -2583391.673700001090765 ], [ 329066.47069999948144, -2583336.649000000208616 ], [ 329170.583700001239777, -2583327.710700001567602 ], [ 329172.435400001704693, -2583342.270899999886751 ], [ 329227.518199998885393, -2583341.276999998837709 ], [ 329268.765000000596046, -2583251.788400001823902 ], [ 329309.126299999654293, -2583249.262699998915195 ], [ 329331.058100000023842, -2583190.9189000017941 ], [ 329258.904800001531839, -2583187.02760000154376 ], [ 329282.199599999934435, -2583143.30629999935627 ], [ 329276.911800000816584, -2583097.886799998581409 ], [ 329103.73930000141263, -2583025.370000001043081 ], [ 329002.144499998539686, -2583001.772799998521805 ], [ 328996.151399999856949, -2582983.520799998193979 ], [ 328922.76799999922514, -2582980.687199998646975 ], [ 328868.469799999147654, -2583057.953400000929832 ], [ 328848.244100000709295, -2583063.936200000345707 ], [ 328855.252399999648333, -2582973.5793999992311 ], [ 328788.521099999547005, -2582975.136599998921156 ], [ 328573.47239999845624, -2582847.922899998724461 ], [ 328117.947700001299381, -2582773.917300000786781 ], [ 328081.443599998950958, -2582783.6776 ] ], [ [ 329116.213500000536442, -2582887.414799999445677 ], [ 329105.029800001531839, -2582813.2632 ], [ 328945.510800000280142, -2582806.719900000840425 ], [ 328891.750799998641014, -2582883.907900001853704 ], [ 329000.756400000303984, -2582964.613800000399351 ], [ 329116.213500000536442, -2582887.414799999445677 ] ], [ [ 337891.933200001716614, -2586445.825399998575449 ], [ 337784.632199998944998, -2586531.931099999696016 ], [ 337690.778900001198053, -2586573.677799999713898 ], [ 337668.823699999600649, -2586644.313700001686811 ], [ 337612.797699999064207, -2586669.962499998509884 ], [ 337585.662200000137091, -2586758.5735 ], [ 337669.371300000697374, -2586777.262800000607967 ], [ 337596.299100000411272, -2586856.264199998229742 ], [ 337486.925900001078844, -2586882.724300000816584 ], [ 337495.557700000703335, -2586915.425000000745058 ], [ 337298.863099999725819, -2586904.634500000625849 ], [ 337280.509500000625849, -2586876.623100001364946 ], [ 337117.571400001645088, -2586922.231699999421835 ], [ 337004.237399999052286, -2587062.034699998795986 ], [ 336947.48030000180006, -2587090.276900000870228 ], [ 336891.907200001180172, -2587146.252900000661612 ], [ 336948.426199998706579, -2587241.3885000012815 ], [ 336919.035000000149012, -2587256.489100001752377 ], [ 336900.857700001448393, -2587329.236900001764297 ], [ 336750.67119999974966, -2587448.665600001811981 ], [ 336735.853399999439716, -2587536.690099999308586 ], [ 336579.917199999094009, -2587608.224899999797344 ], [ 336482.916400000452995, -2587755.44539999961853 ], [ 336425.976799998432398, -2587774.242800001055002 ], [ 336373.174400001764297, -2587843.623100001364946 ], [ 336277.921100001782179, -2588114.062399998307228 ], [ 336290.230000000447035, -2588255.840999998152256 ], [ 336369.157400000840425, -2588565.260200001299381 ], [ 336431.207100000232458, -2589030.728500001132488 ], [ 336487.809599999338388, -2589091.133099999278784 ], [ 336449.947999998927116, -2589227.2516999989748 ], [ 336469.402199998497963, -2589644.392700001597404 ], [ 336533.159600000828505, -2589781.325100000947714 ], [ 336661.561099998652935, -2589848.000900000333786 ], [ 336758.406199999153614, -2589836.324299998581409 ], [ 336892.834699999541044, -2589680.690200001001358 ], [ 336920.230399999767542, -2589689.193599998950958 ], [ 336969.079599998891354, -2589591.615299999713898 ], [ 337038.453600000590086, -2589608.668000001460314 ], [ 337059.368500001728535, -2589575.53660000115633 ], [ 337243.738000001758337, -2589555.858899999409914 ], [ 337403.694899998605251, -2589471.580200001597404 ], [ 337687.388999998569489, -2589013.188999999314547 ], [ 337687.746599998325109, -2588966.227299999445677 ], [ 337762.00279999896884, -2588750.613600000739098 ], [ 337729.159299999475479, -2588576.774500001221895 ], [ 337769.800200000405312, -2588369.882399998605251 ], [ 337769.939599998295307, -2588242.07880000025034 ], [ 337790.480099998414516, -2588207.276799999177456 ], [ 337860.890799999237061, -2588216.309799998998642 ], [ 337974.624899998307228, -2588130.274300001561642 ], [ 337986.755699999630451, -2588055.686700001358986 ], [ 338142.546300001442432, -2587803.337999999523163 ], [ 338226.811999998986721, -2587754.966899998486042 ], [ 338402.456599999219179, -2587545.108199998736382 ], [ 338401.471099998801947, -2587470.522700000554323 ], [ 338564.180500000715256, -2587012.22859999909997 ], [ 338537.931800000369549, -2586989.577300000935793 ], [ 338507.913600001484156, -2587001.252900000661612 ], [ 338497.222100000828505, -2586986.253600001335144 ], [ 338536.196899998933077, -2586901.199200000613928 ], [ 338494.809999998658895, -2586862.192400000989437 ], [ 338430.452199999243021, -2586894.991399999707937 ], [ 338409.339299999177456, -2586862.101599998772144 ], [ 338310.166999999433756, -2586804.692600000649691 ], [ 338307.450599998235703, -2586777.25560000166297 ], [ 338223.406700000166893, -2586796.101300001144409 ], [ 338120.103399999439716, -2586611.4342 ], [ 338189.113400001078844, -2586568.592300001531839 ], [ 338089.255100000649691, -2586526.8629 ], [ 338139.925700001418591, -2586489.828499998897314 ], [ 338091.970199998468161, -2586475.261300001293421 ], [ 338138.166400000452995, -2586438.808800000697374 ], [ 338064.122099999338388, -2586411.138900000602007 ], [ 337971.57149999961257, -2586446.695799998939037 ], [ 337891.933200001716614, -2586445.825399998575449 ] ], [ [ 324136.003899998962879, -2592799.238099999725819 ], [ 324212.808600001037121, -2592741.9408 ], [ 324150.918299999088049, -2592645.419199999421835 ], [ 324123.239799998700619, -2592656.73930000141263 ], [ 324071.666900001466274, -2592642.350000001490116 ], [ 324057.383299998939037, -2592609.308200001716614 ], [ 324123.441199999302626, -2592523.767299998551607 ], [ 324339.717500001192093, -2592531.5489999987185 ], [ 324429.543999999761581, -2592482.977099999785423 ], [ 324583.893500000238419, -2592348.12049999833107 ], [ 324602.410700000822544, -2592187.703699998557568 ], [ 324563.143399998545647, -2592152.665199998766184 ], [ 324552.344900000840425, -2592118.508099999278784 ], [ 324563.146800000220537, -2592019.828299999237061 ], [ 324540.799100000411272, -2591973.121199999004602 ], [ 324584.643100000917912, -2591885.103799998760223 ], [ 324564.096900001168251, -2591846.92509999871254 ], [ 324504.148499999195337, -2591832.69819999858737 ], [ 324355.822700001299381, -2591886.886 ], [ 324187.687399998307228, -2592058.960200000554323 ], [ 324035.968100000172853, -2592258.570500001311302 ], [ 323815.818199999630451, -2592344.244600001722574 ], [ 323777.900100000202656, -2592387.22069999948144 ], [ 323642.645199999213219, -2592446.682399999350309 ], [ 323675.081900000572205, -2592556.333200000226498 ], [ 323602.718899998813868, -2592622.730999998748302 ], [ 323583.510499998927116, -2592662.466299999505281 ], [ 323200.449200000613928, -2592843.976500000804663 ], [ 323141.560300000011921, -2592931.215799998492002 ], [ 323181.650199998170137, -2592957.519600000232458 ], [ 323245.289000000804663, -2592886.990499999374151 ], [ 323279.448499999940395, -2593019.086199998855591 ], [ 323413.890299998223782, -2592996.286699999123812 ], [ 323479.812899999320507, -2593031.436200000345707 ], [ 323731.992199998348951, -2593005.192600000649691 ], [ 324011.653900001198053, -2592867.827300000935793 ], [ 324080.13910000026226, -2592768.894600000232458 ], [ 324136.003899998962879, -2592799.238099999725819 ] ], [ [ 322065.151099998503923, -2591967.550799999386072 ], [ 322102.482500001788139, -2591908.279399998486042 ], [ 322143.568599998950958, -2591896.233300000429153 ], [ 322629.074499998241663, -2591950.453000001609325 ], [ 322669.175900001078844, -2591941.934399999678135 ], [ 322706.400299999862909, -2591890.405799999833107 ], [ 322698.297499999403954, -2591868.888900000602007 ], [ 322737.741200000047684, -2591794.548099998384714 ], [ 322713.750500001013279, -2591745.407900001853704 ], [ 322789.356600001454353, -2591658.710799999535084 ], [ 322844.328299999237061, -2591623.186999998986721 ], [ 322877.98759999871254, -2591548.659200001507998 ], [ 322830.386799998581409, -2591331.402800001204014 ], [ 322636.998599998652935, -2591247.026599999517202 ], [ 322487.537799999117851, -2591293.39979999884963 ], [ 322442.295400001108646, -2591335.453200001269579 ], [ 322333.258499998599291, -2591505.279500000178814 ], [ 322288.203400000929832, -2591520.438999999314547 ], [ 322202.287900000810623, -2591618.870200000703335 ], [ 322193.825899999588728, -2591701.5165 ], [ 322149.927400000393391, -2591710.511100001633167 ], [ 322125.597800001502037, -2591778.633000001311302 ], [ 322051.415899999439716, -2591735.725400000810623 ], [ 321983.383499998599291, -2591749.41440000012517 ], [ 321977.430500000715256, -2591731.030000001192093 ], [ 321844.669799998402596, -2591655.448100000619888 ], [ 321817.42850000038743, -2591692.747600000351667 ], [ 321839.100999999791384, -2591763.009399998933077 ], [ 321722.162200000137091, -2591794.824299998581409 ], [ 321548.776200000196695, -2591874.491799999028444 ], [ 321549.431600000709295, -2591963.072500001639128 ], [ 321726.405099999159575, -2592054.802099999040365 ], [ 321748.651200000196695, -2592085.954999998211861 ], [ 321834.550599999725819, -2592064.817800000309944 ], [ 321849.065000001341105, -2592087.372400000691414 ], [ 322018.346799999475479, -2592046.313299998641014 ], [ 322022.701900001615286, -2591991.151999998837709 ], [ 322065.151099998503923, -2591967.550799999386072 ] ], [ [ 323275.903000000864267, -2613577.5016999989748 ], [ 323237.651900000870228, -2613641.221599999815226 ], [ 323253.671300001442432, -2613674.887600000947714 ], [ 323257.621100001037121, -2613781.32660000026226 ], [ 323301.628199998289347, -2613791.484499998390675 ], [ 323301.314300000667572, -2613724.559500001370907 ], [ 323323.405499998480082, -2613684.482099998742342 ], [ 323356.4983000010252, -2613673.437399998307228 ], [ 323352.862900000065565, -2613704.296999998390675 ], [ 323387.01969999819994, -2613701.885899998247623 ], [ 323419.921799998730421, -2613657.851300001144409 ], [ 323371.763900000602007, -2613545.598999999463558 ], [ 323275.903000000864267, -2613577.5016999989748 ] ], [ [ 323647.810600001364946, -2618129.553800001740456 ], [ 323532.676100000739098, -2618343.661400001496077 ], [ 323592.734999999403954, -2618417.109700001776218 ], [ 323693.310499999672174, -2618395.906599998474121 ], [ 323708.222699999809265, -2618428.003800000995398 ], [ 323784.773699998855591, -2618409.88399999961257 ], [ 323828.819600000977516, -2618371.403799999505281 ], [ 323833.597899999469519, -2618394.273899998515844 ], [ 323959.594999998807907, -2618343.836800001561642 ], [ 323799.863899998366833, -2618202.891800001263618 ], [ 323805.409800000488758, -2618189.218299999833107 ], [ 323899.363299999386072, -2618188.868900001049042 ], [ 323956.589899998158216, -2618112.204700000584126 ], [ 324060.026399999856949, -2618122.863800000399351 ], [ 324107.381700001657009, -2618109.25560000166297 ], [ 324112.639299999922514, -2618081.613600000739098 ], [ 324003.083299998193979, -2617990.0489999987185 ], [ 324030.646999999880791, -2617908.3935999982059 ], [ 324081.365699999034405, -2617902.114500001072884 ], [ 324093.67790000140667, -2617879.745700001716614 ], [ 324090.148699998855591, -2617847.148200001567602 ], [ 324080.094999998807907, -2617834.49720000103116 ], [ 324041.010800000280142, -2617873.2837999984622 ], [ 323940.897700000554323, -2617762.318300001323223 ], [ 323883.814800001680851, -2617744.102600000798702 ], [ 323775.097899999469519, -2617763.6974 ], [ 323659.856899999082088, -2618016.896299999207258 ], [ 323663.480700001120567, -2618127.616599999368191 ], [ 323647.810600001364946, -2618129.553800001740456 ] ], [ [ 334076.314800001680851, -2621179.52250000089407 ], [ 334068.946199998259544, -2621248.269499998539686 ], [ 333961.711599998176098, -2621314.132599998265505 ], [ 333935.657900001853704, -2621246.107500001788139 ], [ 333940.849700000137091, -2621148.9276 ], [ 333922.496199999004602, -2621086.992800001055002 ], [ 333809.61600000038743, -2621075.27309999987483 ], [ 333680.345499999821186, -2621183.805100001394749 ], [ 333482.142099998891354, -2621393.421799998730421 ], [ 333342.721000000834465, -2621412.859700001776218 ], [ 333299.737199999392033, -2621391.434799998998642 ], [ 333255.386300001293421, -2621482.199700001627207 ], [ 333279.075199998915195, -2621496.623599998652935 ], [ 333238.040399998426437, -2621621.839299999177456 ], [ 333259.642000000923872, -2621716.417899999767542 ], [ 333198.217500001192093, -2621954.647999998182058 ], [ 333211.173000000417233, -2622017.396899998188019 ], [ 333192.443199999630451, -2622100.567499998956919 ], [ 333221.843199998140335, -2622167.2577 ], [ 333295.774900000542402, -2622143.049899999052286 ], [ 333341.836199998855591, -2622220.735500000417233 ], [ 333347.773299999535084, -2622293.822200000286102 ], [ 333379.401399999856949, -2622375.041400000452995 ], [ 333338.093899998813868, -2622556.828699998557568 ], [ 333402.033500000834465, -2622525.225099999457598 ], [ 333469.194099999964237, -2622535.823699999600649 ], [ 333554.986800000071526, -2622424.854299999773502 ], [ 333528.953499998897314, -2622370.846700001507998 ], [ 333550.916400000452995, -2622321.900800000876188 ], [ 333578.244800001382828, -2622116.706700000911951 ], [ 333632.822799999266863, -2622057.682799998670816 ], [ 333709.393800001591444, -2621803.593100000172853 ], [ 333747.640700001269579, -2621807.39299999922514 ], [ 333737.248100001364946, -2621849.623599998652935 ], [ 333771.214499998837709, -2621880.85530000180006 ], [ 333798.531800001859665, -2621975.618500001728535 ], [ 333850.097199998795986, -2621993.442899998277426 ], [ 333943.5016999989748, -2621845.0176 ], [ 333999.846200000494719, -2621822.231499999761581 ], [ 334025.1261, -2621740.715500000864267 ], [ 334077.681200001388788, -2621703.588700000196695 ], [ 334082.950399998575449, -2621635.106199998408556 ], [ 334195.568300001323223, -2621523.42790000140667 ], [ 334189.271499998867512, -2621389.407999999821186 ], [ 334219.732400000095367, -2621203.871100001037121 ], [ 334328.47690000012517, -2621136.091400001198053 ], [ 334305.789900001138449, -2621051.125 ], [ 334339.83559999987483, -2620995.4923 ], [ 334317.564300000667572, -2620890.524700000882149 ], [ 334290.800200000405312, -2620871.26069999858737 ], [ 334241.625399999320507, -2620884.478900000452995 ], [ 334218.529800001531839, -2620943.956399999558926 ], [ 334156.501299999654293, -2620990.153200000524521 ], [ 334112.552299998700619, -2621161.805300001055002 ], [ 334076.314800001680851, -2621179.52250000089407 ] ], [ [ 334283.972600001841784, -2622305.935899998992682 ], [ 334372.235599998384714, -2622284.311099998652935 ], [ 334364.164900001138449, -2622116.670899998396635 ], [ 334374.208399999886751, -2622050.990800000727177 ], [ 334392.122900001704693, -2622038.334499999880791 ], [ 334388.320999998599291, -2621855.339099999517202 ], [ 334372.49379999935627, -2621832.965999998152256 ], [ 334334.077799998223782, -2621850.060400001704693 ], [ 334274.962099999189377, -2622257.510600000619888 ], [ 334283.972600001841784, -2622305.935899998992682 ] ], [ [ 324610.746199999004602, -2625541.718699999153614 ], [ 324593.048700001090765, -2625599.495900001376867 ], [ 324610.50959999859333, -2625679.01799999922514 ], [ 324501.412500001490116, -2626060.129599999636412 ], [ 324361.414599999785423, -2626353.802400000393391 ], [ 324337.769000001251698, -2626478.508400000631809 ], [ 324383.182700000703335, -2626565.850999999791384 ], [ 324406.722199998795986, -2626677.669799998402596 ], [ 324496.975099999457598, -2626629.150699999183416 ], [ 324563.88120000064373, -2626740.850099999457598 ], [ 324613.327100001275539, -2626759.0011 ], [ 324720.092399999499321, -2626480.710400000214577 ], [ 324754.877700001001358, -2626644.220800001174212 ], [ 324746.351799998432398, -2626704.397100001573563 ], [ 324793.476500000804663, -2626732.402800001204014 ], [ 324848.315600000321865, -2626697.830299999564886 ], [ 324884.563999999314547, -2626706.44539999961853 ], [ 324973.027300000190735, -2626596.39130000025034 ], [ 325065.203400000929832, -2626299.820300001651049 ], [ 325109.089200001209974, -2626080.664200000464916 ], [ 325119.122900001704693, -2625935.086100000888109 ], [ 325086.751499999314547, -2625860.020599998533726 ], [ 325092.971900001168251, -2625794.094900000840425 ], [ 325068.030900001525879, -2625685.8761 ], [ 325016.187600001692772, -2625605.372999999672174 ], [ 324951.377500001341105, -2625337.008299998939037 ], [ 324862.134700000286102, -2625254.184500001370907 ], [ 324824.378499999642372, -2625278.794599998742342 ], [ 324706.521499998867512, -2625437.711599998176098 ], [ 324661.316399998962879, -2625534.557900000363588 ], [ 324610.746199999004602, -2625541.718699999153614 ] ], [ [ 325150.006700001657009, -2626525.83500000089407 ], [ 325182.561799999326468, -2626494.802799999713898 ], [ 325189.91780000180006, -2626350.456999998539686 ], [ 325203.944200001657009, -2626343.4831000007689 ], [ 325215.683800000697374, -2626481.140000000596046 ], [ 325241.555500000715256, -2626497.981199998408556 ], [ 325298.875999998301268, -2626281.366999998688698 ], [ 325258.700399998575449, -2626246.3585 ], [ 325209.24549999833107, -2626291.5658 ], [ 325207.600099999457598, -2626136.259199999272823 ], [ 325143.445700000971556, -2626125.860100001096725 ], [ 325051.655799999833107, -2626514.546599999070168 ], [ 325106.667599998414516, -2626532.90819999948144 ], [ 325150.006700001657009, -2626525.83500000089407 ] ], [ [ 323754.941899999976158, -2626648.605999998748302 ], [ 323711.546300001442432, -2626660.905099999159575 ], [ 323695.266399998217821, -2626619.398299999535084 ], [ 323610.517700001597404, -2626722.911800000816584 ], [ 323571.140999998897314, -2626881.545499999076128 ], [ 323482.283599998801947, -2627121.930599998682737 ], [ 323436.55460000038147, -2627170.164900001138449 ], [ 323447.126400001347065, -2627222.745700001716614 ], [ 323481.129799999296665, -2627217.649900000542402 ], [ 323535.561700001358986, -2627199.665899999439716 ], [ 323553.752700001001358, -2627164.384399998933077 ], [ 323581.136999998241663, -2627207.950800001621246 ], [ 323635.527399998158216, -2627123.105500001460314 ], [ 323655.806699998676777, -2627159.67850000038743 ], [ 323737.499499998986721, -2627081.834199998527765 ], [ 323772.252900000661612, -2626944.600499998778105 ], [ 323753.409400001168251, -2626895.544100001454353 ], [ 323768.894099999219179, -2626734.604200001806021 ], [ 323754.941899999976158, -2626648.605999998748302 ] ], [ [ 322878.620099999010563, -2628859.734499998390675 ], [ 322816.566899999976158, -2628940.38120000064373 ], [ 322814.287399999797344, -2628986.685899998992682 ], [ 322775.852600000798702, -2629070.464400000870228 ], [ 322782.482900001108646, -2629157.484999999403954 ], [ 322752.966899998486042, -2629166.344300001859665 ], [ 322776.151299998164177, -2629286.880800001323223 ], [ 322849.298900000751019, -2629280.518300000578165 ], [ 322831.045499999076128, -2629233.200199998915195 ], [ 322860.051600001752377, -2629214.827599998563528 ], [ 323028.759899999946356, -2629231.473700001835823 ], [ 323164.697200000286102, -2628987.155600000172853 ], [ 323152.059099998325109, -2628884.354899998754263 ], [ 323122.184200000017881, -2628872.41499999910593 ], [ 323077.292100001126528, -2628767.546799998730421 ], [ 323049.132500000298023, -2628801.4243 ], [ 322985.1266999989748, -2628734.558499999344349 ], [ 322927.530499998480082, -2628776.379099998623133 ], [ 322893.959399998188019, -2628867.421100001782179 ], [ 322878.620099999010563, -2628859.734499998390675 ] ], [ [ 323162.704700000584126, -2629297.613499999046326 ], [ 323268.769999999552965, -2629269.879299998283386 ], [ 323363.569099999964237, -2629178.241399999707937 ], [ 323337.354400001466274, -2629128.376200001686811 ], [ 323343.898899998515844, -2629078.92339999973774 ], [ 323394.054200001060963, -2628975.462799999862909 ], [ 323352.051399998366833, -2628932.789700001478195 ], [ 323296.661699999123812, -2628953.49720000103116 ], [ 323260.807100001722574, -2628933.525699999183416 ], [ 323233.640099998563528, -2628939.483199998736382 ], [ 323152.82209999859333, -2629084.1974 ], [ 323159.218899998813868, -2629173.752099998295307 ], [ 323130.36769999936223, -2629222.524099998176098 ], [ 323162.704700000584126, -2629297.613499999046326 ] ], [ [ 322180.052200000733137, -2629258.258499998599291 ], [ 322212.848000001162291, -2629164.810600001364946 ], [ 322190.377500001341105, -2629068.463599998503923 ], [ 322093.027699999511242, -2629054.302700001746416 ], [ 322028.1239, -2629072.727899998426437 ], [ 321956.9222999997437, -2629055.360500000417233 ], [ 321954.672499999403954, -2629092.0945999994874 ], [ 321914.721500001847744, -2629101.311200000345707 ], [ 321876.487199999392033, -2629154.641399998217821 ], [ 321853.227299999445677, -2629267.869199998676777 ], [ 321825.80180000141263, -2629305.176199998706579 ], [ 321817.066199999302626, -2629412.296799998730421 ], [ 321885.853199999779463, -2629522.923500001430511 ], [ 321846.312600001692772, -2629655.462600000202656 ], [ 321872.643500000238419, -2629687.895899999886751 ], [ 321866.511100001633167, -2629775.564500000327826 ], [ 321970.423599999397993, -2629861.048500001430511 ], [ 322057.720800001174212, -2629840.786699999123812 ], [ 322045.823899999260902, -2629785.853900000452995 ], [ 322080.302799999713898, -2629788.583200000226498 ], [ 322107.027499999850988, -2629753.063700001686811 ], [ 322070.273299999535084, -2629718.4983000010252 ], [ 322148.94649999961257, -2629651.4408 ], [ 322159.043600000441074, -2629510.3108000010252 ], [ 322208.388700000941753, -2629437.394499998539686 ], [ 322220.145399998873472, -2629318.619300000369549 ], [ 322180.052200000733137, -2629258.258499998599291 ] ], [ [ 323495.624800000339746, -2629750.42339999973774 ], [ 323321.954999998211861, -2629769.161499999463558 ], [ 323275.322500001639128, -2629899.992600001394749 ], [ 323221.282400000840425, -2629988.427200000733137 ], [ 323249.915899999439716, -2630034.466099999845028 ], [ 323315.290300000458956, -2630077.698100000619888 ], [ 323529.651099998503923, -2630100.897799998521805 ], [ 323597.05009999871254, -2630090.781300000846386 ], [ 323729.041799999773502, -2630005.046399999409914 ], [ 323773.904399998486042, -2629942.10020000115037 ], [ 323777.679200001060963, -2629825.203200001269579 ], [ 323800.314399998635054, -2629749.389499999582767 ], [ 323783.890399999916553, -2629714.034000001847744 ], [ 323782.999499998986721, -2629587.231600001454353 ], [ 323684.527399998158216, -2629574.174100000411272 ], [ 323713.061999998986721, -2629531.585099998861551 ], [ 323717.105200000107288, -2629484.948399998247623 ], [ 323695.920200001448393, -2629426.722899999469519 ], [ 323630.0337999984622, -2629441.778299998492002 ], [ 323550.612100001424551, -2629547.138700000941753 ], [ 323562.422499999403954, -2629572.6842 ], [ 323521.095199998468161, -2629735.099500000476837 ], [ 323495.624800000339746, -2629750.42339999973774 ] ], [ [ 332746.544100001454353, -2628525.476500000804663 ], [ 332819.390099998563528, -2628588.401599999517202 ], [ 332854.28489999845624, -2628722.238699998706579 ], [ 332803.123500000685453, -2628706.9441 ], [ 332776.689899999648333, -2628808.540699999779463 ], [ 332776.709300000220537, -2628922.5165 ], [ 332806.754000000655651, -2628985.614599999040365 ], [ 332843.671100001782179, -2629188.844500001519918 ], [ 332826.238099999725819, -2629212.813499998301268 ], [ 332784.729699999094009, -2629188.437899999320507 ], [ 332744.439599998295307, -2629077.850999999791384 ], [ 332595.578600000590086, -2629045.394600000232458 ], [ 332570.363600000739098, -2629235.625100001692772 ], [ 332631.703899998217821, -2629397.350000001490116 ], [ 332613.744800001382828, -2629449.202100001275539 ], [ 332568.000100001692772, -2629423.759199999272823 ], [ 332480.852099999785423, -2629434.774099998176098 ], [ 332487.932599999010563, -2629507.735500000417233 ], [ 332459.153799999505281, -2629486.985300000756979 ], [ 332419.114100001752377, -2629498.204500000923872 ], [ 332451.310199998319149, -2629585.432700000703335 ], [ 332558.686799999326468, -2629614.484099999070168 ], [ 332566.243400000035763, -2629651.703299999237061 ], [ 332525.548500001430511, -2629667.337999999523163 ], [ 332535.064599998295307, -2629720.04619999974966 ], [ 332491.332800000905991, -2629702.09910000115633 ], [ 332540.292199999094009, -2629755.862199999392033 ], [ 332551.936099998652935, -2629830.978100001811981 ], [ 332515.473299998790026, -2629856.452500000596046 ], [ 332556.910199999809265, -2629940.796100001782179 ], [ 332647.491200000047684, -2630056.31980000063777 ], [ 332627.548099998384714, -2630108.426100000739098 ], [ 332659.372900001704693, -2630178.252599999308586 ], [ 332632.934599999338388, -2630242.468400001525879 ], [ 332575.16440000012517, -2630261.05180000141263 ], [ 332498.743099998682737, -2630208.144200000911951 ], [ 332414.896099999547005, -2630397.920400001108646 ], [ 332357.63289999961853, -2630479.92850000038743 ], [ 332607.068599998950958, -2630714.430799998342991 ], [ 332643.784400001168251, -2630776.8092 ], [ 332633.248399998992682, -2630818.943799998611212 ], [ 332731.269799999892712, -2630903.092799998819828 ], [ 332767.877199999988079, -2630894.137800000607967 ], [ 332755.150499999523163, -2630844.453699998557568 ], [ 332692.7195999994874, -2630799.341699998825788 ], [ 332690.187100000679493, -2630775.273200001567602 ], [ 332731.774300001561642, -2630762.143899999558926 ], [ 332755.292700000107288, -2630822.659600000828505 ], [ 332791.919199999421835, -2630812.784200001507998 ], [ 332789.080699998885393, -2630786.249299999326468 ], [ 332834.954100001603365, -2630783.066300000995398 ], [ 332836.072700001299381, -2630711.570900000631809 ], [ 332934.944299999624491, -2630784.31529999896884 ], [ 332935.337099999189377, -2630679.061299998313189 ], [ 332908.946800000965595, -2630615.374600000679493 ], [ 333011.849700000137091, -2630619.790300000458956 ], [ 333012.350999999791384, -2630576.1891999989748 ], [ 333073.170800000429153, -2630584.219000000506639 ], [ 333125.49549999833107, -2630514.100999999791384 ], [ 333177.238400001078844, -2630397.101199999451637 ], [ 333225.94370000064373, -2630388.309999998658895 ], [ 333363.497800000011921, -2630141.311700001358986 ], [ 333358.540699999779463, -2630099.30519999936223 ], [ 333387.850600000470877, -2630092.058299999684095 ], [ 333423.323300000280142, -2630031.934900000691414 ], [ 333403.572900000959635, -2629978.811299998313189 ], [ 333430.331300001591444, -2629893.700300000607967 ], [ 333493.945300001651049, -2629859.525600001215935 ], [ 333529.47069999948144, -2629816.727600000798702 ], [ 333590.4527000002563, -2629801.124099999666214 ], [ 333633.30629999935627, -2629649.670499999076128 ], [ 333542.475999999791384, -2629555.986099999397993 ], [ 333524.505699999630451, -2629486.005399998277426 ], [ 333489.265500001609325, -2629440.885000001639128 ], [ 333509.925900001078844, -2629383.550799999386072 ], [ 333487.6418999992311, -2629342.838199999183416 ], [ 333498.437800001353025, -2629308.419399999082088 ], [ 333586.145700000226498, -2629331.258099999278784 ], [ 333603.500199999660254, -2629246.410000000149012 ], [ 333659.543600000441074, -2629154.158599998801947 ], [ 333705.357999999076128, -2629004.839000001549721 ], [ 333698.021800000220537, -2628991.863800000399351 ], [ 333654.8761, -2629051.256499998271465 ], [ 333623.362900000065565, -2628975.239 ], [ 333572.955099999904633, -2628946.8695 ], [ 333620.72239999845624, -2628874.691100001335144 ], [ 333595.496399998664856, -2628845.636799998581409 ], [ 333507.619600001722574, -2628905.572000000625849 ], [ 333380.784000001847744, -2629149.50789999961853 ], [ 333402.530000001192093, -2629187.554400000721216 ], [ 333362.869300000369549, -2629246.502599999308586 ], [ 333316.574200000613928, -2629202.789599999785423 ], [ 333230.605799999088049, -2629241.49720000103116 ], [ 333172.326299998909235, -2629310.6587999984622 ], [ 333180.163199998438358, -2629326.192099999636412 ], [ 333141.6261, -2629381.572200000286102 ], [ 333109.471000000834465, -2629355.21680000051856 ], [ 333099.863600000739098, -2629212.020799998193979 ], [ 333055.941700000315905, -2629133.239700000733137 ], [ 333032.469200000166893, -2629026.678599998354912 ], [ 333042.977600000798702, -2628960.94539999961853 ], [ 332981.270700000226498, -2628844.409099999815226 ], [ 332998.593199998140335, -2628819.646099999547005 ], [ 332986.24379999935627, -2628772.546599999070168 ], [ 332720.217300001531839, -2628438.307300001382828 ], [ 332671.972800001502037, -2628509.728199999779463 ], [ 332709.782699998468161, -2628534.458200000226498 ], [ 332746.544100001454353, -2628525.476500000804663 ] ], [ [ 333262.697299998253584, -2630644.560600001364946 ], [ 333225.058499999344349, -2630756.247600000351667 ], [ 333305.971400000154972, -2630789.537399999797344 ], [ 333436.376299999654293, -2630787.724700000137091 ], [ 333544.113400001078844, -2630810.656500000506639 ], [ 333574.589800000190735, -2630739.763399999588728 ], [ 333495.072299998253584, -2630620.361999999731779 ], [ 333432.498100001364946, -2630583.040100000798702 ], [ 333339.319499999284744, -2630569.649300001561642 ], [ 333271.63399999961257, -2630618.234900001436472 ], [ 333262.697299998253584, -2630644.560600001364946 ] ], [ [ 322373.799499999731779, -2632099.344500001519918 ], [ 322426.639699999243021, -2632072.024099998176098 ], [ 322289.855099998414516, -2632053.109099999070168 ], [ 322294.197200000286102, -2632130.844300001859665 ], [ 322240.588300000876188, -2632150.402100000530481 ], [ 322146.189100001007318, -2632143.727000001817942 ], [ 322147.091400001198053, -2632268.823800001293421 ], [ 322054.353799998760223, -2632220.127900000661612 ], [ 322035.305700000375509, -2632238.979600001126528 ], [ 322089.7212999984622, -2632298.401700001209974 ], [ 322060.240200001746416, -2632308.96059999987483 ], [ 322070.392400000244379, -2632370.255699999630451 ], [ 322089.975999999791384, -2632399.1985 ], [ 322149.869100000709295, -2632403.146600000560284 ], [ 322180.740200001746416, -2632569.688200000673532 ], [ 322266.2060999982059, -2632685.342599999159575 ], [ 322341.390099998563528, -2632683.090500000864267 ], [ 322340.125100001692772, -2632709.339600000530481 ], [ 322481.815400000661612, -2632715.450500000268221 ], [ 322495.208700001239777, -2632691.1418999992311 ], [ 322637.046700000762939, -2632694.614799998700619 ], [ 322667.180900000035763, -2632663.114500001072884 ], [ 322715.05460000038147, -2632672.056400001049042 ], [ 322731.479200001806021, -2632588.361600000411272 ], [ 322757.778599999845028, -2632589.464200001209974 ], [ 322753.167700000107288, -2632437.025100000202656 ], [ 322704.325899999588728, -2632433.440099999308586 ], [ 322684.709399998188019, -2632494.063999999314547 ], [ 322664.395500000566244, -2632496.546300001442432 ], [ 322646.124899998307228, -2632401.495000001043081 ], [ 322672.923599999397993, -2632344.318399999290705 ], [ 322646.176699999719858, -2632301.460799999535084 ], [ 322615.200100000947714, -2632298.306600000709295 ], [ 322608.917300000786781, -2632274.811000000685453 ], [ 322636.230599999427795, -2632258.362300001084805 ], [ 322577.099199999123812, -2632195.200399998575449 ], [ 322383.85190000012517, -2632146.7566 ], [ 322373.799499999731779, -2632099.344500001519918 ] ], [ [ 321590.331000000238419, -2632664.545099999755621 ], [ 321597.468699999153614, -2632680.993099998682737 ], [ 321700.678399998694658, -2632662.340999998152256 ], [ 321704.81529999896884, -2632630.5121 ], [ 321741.1554000005126, -2632616.4989 ], [ 321747.663600001484156, -2632548.8268 ], [ 321804.087499998509884, -2632541.934799998998642 ], [ 321873.450899999588728, -2632503.9485 ], [ 321875.883600000292063, -2632314.0779 ], [ 321677.182799998670816, -2632156.768100000917912 ], [ 321777.723799999803305, -2632093.211300000548363 ], [ 321776.172100000083447, -2632019.463100001215935 ], [ 321709.210499998182058, -2631982.422400001436472 ], [ 321717.484900001436472, -2631965.811099998652935 ], [ 321655.141600001603365, -2631916.924899999052286 ], [ 321438.012499999254942, -2631833.973400000482798 ], [ 321432.638999998569489, -2631803.291900001466274 ], [ 321261.393100000917912, -2631758.127900000661612 ], [ 321273.515299998223782, -2631803.584699999541044 ], [ 321216.998100001364946, -2631818.350299999117851 ], [ 321031.371899999678135, -2632059.148899998515844 ], [ 320953.494100000709295, -2632084.259100001305342 ], [ 320885.803700000047684, -2632020.395500000566244 ], [ 320914.08219999819994, -2631897.903200000524521 ], [ 321012.979600001126528, -2631822.39640000090003 ], [ 321067.937300000339746, -2631880.853300001472235 ], [ 321087.174499999731779, -2631851.618700001388788 ], [ 321150.222600001841784, -2631820.458799999207258 ], [ 321164.723000001162291, -2631780.406599998474121 ], [ 321204.471599999815226, -2631758.125399999320507 ], [ 321231.928399998694658, -2631684.3772 ], [ 321081.642900001257658, -2631700.098999999463558 ], [ 320998.415199998766184, -2631729.390299998223782 ], [ 320747.865200001746416, -2631508.7522 ], [ 320785.237399999052286, -2631499.067699998617172 ], [ 320783.26240000128746, -2631467.983399998396635 ], [ 320853.495799999684095, -2631504.645799998193979 ], [ 320869.909800000488758, -2631462.656100001186132 ], [ 320807.749000001698732, -2631418.064800001680851 ], [ 320757.574200000613928, -2631123.4419 ], [ 320651.06700000166893, -2631059.0757 ], [ 320564.761900000274181, -2630966.158900000154972 ], [ 320688.281399998813868, -2630995.418499998748302 ], [ 320667.787099998444319, -2630920.570799998939037 ], [ 320544.9864999987185, -2630858.186099998652935 ], [ 320523.527499999850988, -2630881.648299999535084 ], [ 320429.306400001049042, -2630807.119300000369549 ], [ 320406.967000000178814, -2630823.739100001752377 ], [ 320415.436200000345707, -2630881.823899999260902 ], [ 320309.276700001209974, -2630813.993200000375509 ], [ 320258.344500001519918, -2630823.602200001478195 ], [ 320061.862700000405312, -2630707.632100000977516 ], [ 320086.727299999445677, -2630668.04839999973774 ], [ 320093.981499999761581, -2630606.330299999564886 ], [ 320032.717599999159575, -2630538.153000000864267 ], [ 319858.815699998289347, -2630436.85190000012517 ], [ 319864.508799999952316, -2630351.871599998325109 ], [ 319818.715900000184774, -2630330.43470000103116 ], [ 319783.77309999987483, -2630339.930500000715256 ], [ 319815.903299998492002, -2630390.811700001358986 ], [ 319801.825599998235703, -2630397.646099999547005 ], [ 319745.890799999237061, -2630373.240200001746416 ], [ 319754.579999998211861, -2630396.447500001639128 ], [ 319673.139499999582767, -2630395.974599998444319 ], [ 319597.198899999260902, -2630382.532699998468161 ], [ 319436.885999999940395, -2630310.76969999819994 ], [ 319381.866999998688698, -2630305.380300000309944 ], [ 319387.456000000238419, -2630347.1858000010252 ], [ 319355.736299999058247, -2630324.157200001180172 ], [ 319274.697900000959635, -2630313.950500000268221 ], [ 319264.756799999624491, -2630359.46059999987483 ], [ 319290.611000001430511, -2630386.734999999403954 ], [ 319150.014600001275539, -2630461.207299999892712 ], [ 319193.829700000584126, -2630568.882199998944998 ], [ 319276.827599998563528, -2630604.033700000494719 ], [ 319256.280099999159575, -2630641.269499998539686 ], [ 319185.245099999010563, -2630619.470400001853704 ], [ 319177.821199998259544, -2630642.0176 ], [ 319137.000799998641014, -2630623.507599998265505 ], [ 319078.289900001138449, -2630650.671100001782179 ], [ 319112.479200001806021, -2630684.800000000745058 ], [ 319060.146999999880791, -2630688.528000000864267 ], [ 319072.0608000010252, -2630827.865899998694658 ], [ 319142.098799999803305, -2630870.630899999290705 ], [ 319151.835200000554323, -2630896.328099999576807 ], [ 319137.981499999761581, -2630925.80290000140667 ], [ 319107.984299998730421, -2630917.370000001043081 ], [ 319077.630100000649691, -2630938.361400000751019 ], [ 319044.199700001627207, -2630925.102299999445677 ], [ 319011.335099998861551, -2630949.931099999696016 ], [ 318972.664799999445677, -2630900.74439999833703 ], [ 318975.046900000423193, -2630860.475999999791384 ], [ 318944.733300000429153, -2630843.30460000038147 ], [ 318967.870799999684095, -2630801.315200001001358 ], [ 318962.559500001370907, -2630755.950300000607967 ], [ 318922.631099998950958, -2630722.51410000026226 ], [ 318879.919199999421835, -2630716.414500001817942 ], [ 318874.850900001823902, -2630749.155699998140335 ], [ 318901.160900000482798, -2630775.576499998569489 ], [ 318897.906300000846386, -2630800.229600001126528 ], [ 318863.408599998801947, -2630800.089099999517202 ], [ 318813.732999999076128, -2630773.076499998569489 ], [ 318738.39469999819994, -2630849.175200000405312 ], [ 318771.709600001573563, -2630857.326299998909235 ], [ 318735.019799999892712, -2630881.705299999564886 ], [ 318693.931699998676777, -2630890.222500000149012 ], [ 318653.532000001519918, -2630869.025100000202656 ], [ 318619.280699998140335, -2630887.075300000607967 ], [ 318585.929299999028444, -2630836.322299998253584 ], [ 318558.336800001561642, -2630843.198100000619888 ], [ 318500.39750000089407, -2630772.8684 ], [ 318294.043099999427795, -2630777.003699999302626 ], [ 318300.238400001078844, -2630813.614700000733137 ], [ 318347.776599999517202, -2630873.016199998557568 ], [ 318341.073899999260902, -2630904.238200001418591 ], [ 318279.223000001162291, -2630911.722100000828505 ], [ 318199.444099999964237, -2630835.374000001698732 ], [ 318071.156899999827147, -2630895.995000001043081 ], [ 317982.720800001174212, -2631012.72580000013113 ], [ 317972.432000000029802, -2631130.366799999028444 ], [ 318025.055500000715256, -2631184.831799998879433 ], [ 318023.344000000506639, -2631207.709199998527765 ], [ 317882.596400000154972, -2631531.443 ], [ 317745.590799998492002, -2631658.364700000733137 ], [ 317469.172400001436472, -2631813.367800001055002 ], [ 317409.990699999034405, -2631976.8849 ], [ 317351.290800001472235, -2632032.717399999499321 ], [ 317331.754000000655651, -2632118.439800001680851 ], [ 317107.208099998533726, -2632220.221999999135733 ], [ 317052.465500000864267, -2632278.070799998939037 ], [ 317028.300200000405312, -2632344.426100000739098 ], [ 317068.077300000935793, -2632345.781800001859665 ], [ 317049.859600000083447, -2632480.897700000554323 ], [ 317070.988600000739098, -2632601.706900000572205 ], [ 317051.750199999660254, -2632629.30689999833703 ], [ 317026.514899998903275, -2632604.441500000655651 ], [ 316933.674300000071526, -2632633.959300000220537 ], [ 316978.471999999135733, -2632760.573600001633167 ], [ 316979.0185999982059, -2632817.006000000983477 ], [ 317043.129599999636412, -2632873.639800000935793 ], [ 317074.007100000977516, -2632858.642799999564886 ], [ 317153.14919999986887, -2633034.196699999272823 ], [ 317133.644000001251698, -2633102.607599999755621 ], [ 316757.538800001144409, -2633475.456900000572205 ], [ 316733.196199998259544, -2633515.739399999380112 ], [ 316714.752199999988079, -2633545.7544 ], [ 316699.42119999974966, -2633653.63740000128746 ], [ 316635.667100001126528, -2633824.635499998927116 ], [ 316642.017499998211861, -2633903.832499999552965 ], [ 316711.322500001639128, -2634012.818399999290705 ], [ 317011.0929000005126, -2634212.312399998307228 ], [ 317090.734900001436472, -2634411.284099999815226 ], [ 317065.078600000590086, -2634475.986400000751019 ], [ 317127.479299999773502, -2634551.065900001674891 ], [ 317254.405499998480082, -2634572.34180000051856 ], [ 317315.271899998188019, -2634696.233899999409914 ], [ 317361.403200000524521, -2634884.432599999010563 ], [ 317397.515700001269579, -2634901.837900001555681 ], [ 317394.754799999296665, -2635048.999600000679493 ], [ 317521.945900000631809, -2635224.022100001573563 ], [ 317648.807900000363588, -2635362.508400000631809 ], [ 317682.13459999859333, -2635339.353500001132488 ], [ 317809.52479999884963, -2635484.8429000005126 ], [ 317814.745900001376867, -2635535.467999998480082 ], [ 317996.906599998474121, -2635775.041400000452995 ], [ 318051.536699999123812, -2635823.24269999936223 ], [ 318081.679800000041723, -2635714.467399999499321 ], [ 318057.959800001233816, -2635711.28999999910593 ], [ 318069.821600001305342, -2635668.047800000756979 ], [ 318093.55350000038743, -2635671.335999999195337 ], [ 318168.181200001388788, -2635737.85190000012517 ], [ 318328.125700000673532, -2635728.116399999707937 ], [ 318330.105700001120567, -2635678.438200000673532 ], [ 318348.746300000697374, -2635667.414799999445677 ], [ 318320.487700000405312, -2635603.042199999094009 ], [ 318354.518500000238419, -2635545.962699998170137 ], [ 318339.690000001341105, -2635521.670400001108646 ], [ 318348.194299999624491, -2635468.471999999135733 ], [ 318417.359700001776218, -2635553.063999999314547 ], [ 318460.153400000184774, -2635541.855999998748302 ], [ 318499.553800001740456, -2635570.132199998944998 ], [ 318557.339200001209974, -2635504.942800000309944 ], [ 318689.015900000929832, -2635460.316599998623133 ], [ 318703.254700001329184, -2635477.724199999123812 ], [ 318616.353100001811981, -2635573.4463 ], [ 318583.22859999909997, -2635646.936000000685453 ], [ 318611.091699998825788, -2635684.357099998742342 ], [ 318590.443500000983477, -2635724.332400001585484 ], [ 318651.561500001698732, -2635695.176699999719858 ], [ 318713.838799998164177, -2635711.121199999004602 ], [ 318725.330899998545647, -2635685.352400001138449 ], [ 318785.58729999884963, -2635677.262600000947714 ], [ 318777.565499998629093, -2635705.120700001716614 ], [ 318799.19370000064373, -2635712.988400001078844 ], [ 318768.686799999326468, -2635809.633200000971556 ], [ 318928.798799999058247, -2635925.031100001186132 ], [ 318942.661800000816584, -2635898.060699999332428 ], [ 319262.225000001490116, -2636050.647799998521805 ], [ 319414.21059999987483, -2636085.214000001549721 ], [ 319482.385400000959635, -2636065.6699 ], [ 319459.018699999898672, -2636000.724899999797344 ], [ 319671.023800000548363, -2636141.004700001329184 ], [ 319694.629900000989437, -2636105.1097999997437 ], [ 319796.185300000011921, -2636164.103399999439716 ], [ 319830.051699999719858, -2636159.995900001376867 ], [ 319838.889499999582767, -2636143.200800001621246 ], [ 319869.990600001066923, -2636155.945500001311302 ], [ 319968.715399999171495, -2636138.83839999884367 ], [ 319997.852099999785423, -2636107.393899999558926 ], [ 319986.254700001329184, -2636070.637600000947714 ], [ 320034.857299998402596, -2636002.984000001102686 ], [ 319929.445799998939037, -2635961.898699998855591 ], [ 319946.519099999219179, -2635916.416299998760223 ], [ 319987.829799998551607, -2635914.820999998599291 ], [ 320016.702399998903275, -2635846.147900000214577 ], [ 320144.999600000679493, -2635873.175000000745058 ], [ 320244.860700000077486, -2635827.095300000160933 ], [ 320211.978700000792742, -2635808.5320999994874 ], [ 320229.102699998766184, -2635770.797499999403954 ], [ 320316.793499998748302, -2635803.659699998795986 ], [ 320349.826799999922514, -2635783.91950000077486 ], [ 320344.267099998891354, -2635758.507500000298023 ], [ 320371.678599998354912, -2635748.231699999421835 ], [ 320295.794399999082088, -2635642.730399999767542 ], [ 320344.503800000995398, -2635646.375599998980761 ], [ 320348.024700000882149, -2635594.686000000685453 ], [ 320408.456000000238419, -2635599.530499998480082 ], [ 320439.375500001013279, -2635567.059399999678135 ], [ 320515.173599999397993, -2635570.827500000596046 ], [ 320513.638300001621246, -2635628.436799999326468 ], [ 320572.526099998503923, -2635677.782400000840425 ], [ 320609.957499999552965, -2635672.314800001680851 ], [ 320691.958799999207258, -2635706.659299999475479 ], [ 320726.080600000917912, -2635688.608399998396635 ], [ 320597.109400000423193, -2635531.3597999997437 ], [ 320612.056000001728535, -2635509.598400000482798 ], [ 320789.180599998682737, -2635656.666200000792742 ], [ 320838.995900001376867, -2635669.741599999368191 ], [ 320987.04839999973774, -2635643.854899998754263 ], [ 321012.538699999451637, -2635693.718499999493361 ], [ 321044.659400001168251, -2635657.680599998682737 ], [ 321070.011799998581409, -2635865.819299999624491 ], [ 321157.631999999284744, -2635918.611099999397993 ], [ 321197.752300001680851, -2635923.292899999767542 ], [ 321210.394799999892712, -2635876.516800001263618 ], [ 321240.537399999797344, -2635925.027800001204014 ], [ 321310.854899998754263, -2635959.8614999987185 ], [ 321373.983300000429153, -2635888.708999998867512 ], [ 321409.041999999433756, -2635961.792500000447035 ], [ 321440.990200001746416, -2635988.319899998605251 ], [ 321512.517099998891354, -2635984.838599998503923 ], [ 321518.531300000846386, -2636018.057799998670816 ], [ 321607.191399998962879, -2636055.884199999272823 ], [ 321610.320700000971556, -2636084.2179000005126 ], [ 321677.741599999368191, -2636128.970100000500679 ], [ 321966.374099999666214, -2636193.654599998146296 ], [ 322162.85020000115037, -2636205.316500000655651 ], [ 322170.43019999936223, -2636187.073300000280142 ], [ 322366.285100001841784, -2636247.443300001323223 ], [ 322413.99439999833703, -2636241.612399999052286 ], [ 322416.600999999791384, -2636170.879299998283386 ], [ 322449.0614, -2636212.144299998879433 ], [ 322647.72069999948144, -2636280.8141999989748 ], [ 322667.271699998527765, -2636197.521299999207258 ], [ 322631.108899999409914, -2636161.150199998170137 ], [ 322675.862799998372793, -2636104.399500001221895 ], [ 322721.504299998283386, -2636180.506700001657009 ], [ 322817.010400000959635, -2636202.654100000858307 ], [ 322872.64640000090003, -2636189.804999999701977 ], [ 322887.171799998730421, -2636155.895399998873472 ], [ 322875.575100000947714, -2636098.980200000107288 ], [ 322932.263000000268221, -2636100.811900001019239 ], [ 322961.447999998927116, -2636036.385800000280142 ], [ 322958.489199999719858, -2635930.671999998390675 ], [ 323018.979899998754263, -2635925.874800000339746 ], [ 323048.38120000064373, -2635879.656899999827147 ], [ 323065.388799998909235, -2635622.917700000107288 ], [ 323111.175299998372793, -2635662.423799999058247 ], [ 323141.476700000464916, -2635663.946600001305342 ], [ 323140.534099999815226, -2635597.979800000786781 ], [ 323076.118599999696016, -2635478.141600001603365 ], [ 323058.429900001734495, -2635380.274500001221895 ], [ 323070.423300001770258, -2635289.250599998980761 ], [ 323048.761700000613928, -2635273.666499998420477 ], [ 323066.809799998998642, -2635176.774000000208616 ], [ 323028.261500000953674, -2635122.367400001734495 ], [ 323028.597300000488758, -2635074.465199999511242 ], [ 323078.045699998736382, -2635114.549100000411272 ], [ 323094.943900000303984, -2635089.80350000038743 ], [ 323079.893100000917912, -2634916.072299998253584 ], [ 323109.339200001209974, -2634806.376400001347065 ], [ 323023.067899998277426, -2634779.584499999880791 ], [ 323032.663199998438358, -2634740.244300000369549 ], [ 323000.998599998652935, -2634678.03489999845624 ], [ 322980.121700000017881, -2634683.219500001519918 ], [ 322928.417899999767542, -2634630.4206000007689 ], [ 322791.960900001227856, -2634648.857500001788139 ], [ 322763.925900001078844, -2634736.601300001144409 ], [ 322770.43299999833107, -2634826.27309999987483 ], [ 322718.210999999195337, -2634914.361900001764297 ], [ 322638.069699998944998, -2634876.326200000941753 ], [ 322641.904899999499321, -2634830.622299998998642 ], [ 322623.066300000995398, -2634812.0746 ], [ 322517.735500000417233, -2634981.521299999207258 ], [ 322408.258799999952316, -2635053.137899998575449 ], [ 322329.276399999856949, -2635011.529399998486042 ], [ 322218.402899999171495, -2635070.20549999922514 ], [ 322107.950500000268221, -2635043.72410000115633 ], [ 322131.482500001788139, -2634794.857500001788139 ], [ 322220.341099999845028, -2634787.526999998837709 ], [ 322242.875700000673532, -2634712.653000000864267 ], [ 322231.715700000524521, -2634680.973499998450279 ], [ 322262.627300001680851, -2634674.576699998229742 ], [ 322260.305500000715256, -2634642.618200000375509 ], [ 322293.544700000435114, -2634615.988699998706579 ], [ 322322.223200000822544, -2634630.71229999884963 ], [ 322399.526599999517202, -2634568.270500000566244 ], [ 322393.61089999973774, -2634522.963799998164177 ], [ 322330.552799999713898, -2634505.386700000613928 ], [ 322302.819899998605251, -2634476.64750000089407 ], [ 322331.687800001353025, -2634267.123799998313189 ], [ 322415.076099999248981, -2634262.161100000143051 ], [ 322434.875199999660254, -2634221.458399999886751 ], [ 322483.214200001209974, -2634207.6743 ], [ 322537.271600000560284, -2634150.69990000128746 ], [ 322555.227200001478195, -2634178.012600000947714 ], [ 322643.202199999243021, -2634159.49210000038147 ], [ 322661.9375, -2634094.531700000166893 ], [ 322702.531199999153614, -2634129.550000000745058 ], [ 322767.31980000063777, -2634146.788600001484156 ], [ 322839.408399999141693, -2634137.959399998188019 ], [ 322883.837799999862909, -2634201.214099999517202 ], [ 322915.36089999973774, -2634288.614799998700619 ], [ 322889.384199999272823, -2634402.2029 ], [ 322902.497499998658895, -2634423.155999999493361 ], [ 322947.078299999237061, -2634428.1754 ], [ 322999.619300000369549, -2634485.199700001627207 ], [ 323041.765999998897314, -2634490.50899999961257 ], [ 323092.825599998235703, -2634446.767900001257658 ], [ 323082.982500001788139, -2634428.94480000063777 ], [ 323102.232099998742342, -2634370.865600001066923 ], [ 323121.825699999928474, -2634378.028900001198053 ], [ 323154.055500000715256, -2634346.282900001853704 ], [ 323193.621300000697374, -2634236.264499999582767 ], [ 323171.537200000137091, -2634232.019200000911951 ], [ 323201.58390000090003, -2634138.777399998158216 ], [ 323161.209800001233816, -2634133.36089999973774 ], [ 323160.9037000015378, -2633946.423099998384714 ], [ 323229.901799999177456, -2633845.896499998867512 ], [ 323235.537099998444319, -2633786.076999999582767 ], [ 323264.470400001853704, -2633769.423700001090765 ], [ 323263.215700000524521, -2633728.783100001513958 ], [ 323286.263099998235703, -2633733.700800001621246 ], [ 323309.504999998956919, -2633714.328899998217821 ], [ 323328.301899999380112, -2633629.530999999493361 ], [ 323284.854299999773502, -2633410.523600000888109 ], [ 323196.2162000015378, -2633184.075599998235703 ], [ 323125.436000000685453, -2633152.767900001257658 ], [ 323123.230500001460314, -2633104.395100001245737 ], [ 323152.49040000140667, -2633081.658100001513958 ], [ 323167.725000001490116, -2633008.58559999987483 ], [ 323145.121500000357628, -2632902.661400001496077 ], [ 323085.324999999254942, -2632899.63289999961853 ], [ 323042.786400001496077, -2632943.014600001275539 ], [ 323030.010499998927116, -2632898.554099999368191 ], [ 322898.570099998265505, -2632998.9934 ], [ 322917.586899999529123, -2633114.919799998402596 ], [ 322861.494699999690056, -2633117.361299999058247 ], [ 322845.734999999403954, -2633095.018399998545647 ], [ 322861.612799998372793, -2633054.79619999974966 ], [ 322847.477299999445677, -2632984.406800001859665 ], [ 322793.052000001072884, -2632990.169399999082088 ], [ 322733.905200000852346, -2633021.795099999755621 ], [ 322716.131000000983477, -2633003.125100001692772 ], [ 322731.813000001013279, -2632968.167199999094009 ], [ 322714.502500001341105, -2632947.611600000411272 ], [ 322625.924199998378754, -2632946.39640000090003 ], [ 322609.107500001788139, -2632906.640999998897314 ], [ 322450.517299998551607, -2632900.088100001215935 ], [ 322337.056099999696016, -2632929.598099999129772 ], [ 322301.944600000977516, -2632986.0702 ], [ 322204.565999999642372, -2632960.626299999654293 ], [ 322159.139499999582767, -2632931.316500000655651 ], [ 322043.416000001132488, -2632928.954100001603365 ], [ 321904.914299998432398, -2632945.891600001603365 ], [ 321818.381599999964237, -2632977.435699999332428 ], [ 321744.984700001776218, -2632908.140799999237061 ], [ 321500.273699998855591, -2632678.959300000220537 ], [ 321590.331000000238419, -2632664.545099999755621 ] ], [ [ 329678.622900001704693, -2633710.721500001847744 ], [ 329672.593699999153614, -2633732.330400001257658 ], [ 329717.13120000064373, -2633749.443599998950958 ], [ 329663.686000000685453, -2633773.456500001251698 ], [ 329660.438999999314547, -2633821.731100000441074 ], [ 329611.695599999278784, -2633834.784600000828505 ], [ 329593.009300000965595, -2633867.549699999392033 ], [ 329602.679999999701977, -2633912.383200000971556 ], [ 329741.611099999397993, -2633955.065200001001358 ], [ 329902.703999999910593, -2633954.040800001472235 ], [ 329900.31700000166893, -2633802.973499998450279 ], [ 329822.081700000911951, -2633771.057599999010563 ], [ 329822.652699999511242, -2633711.837000001221895 ], [ 329770.810600001364946, -2633684.476399999111891 ], [ 329758.859700001776218, -2633712.869600001722574 ], [ 329678.622900001704693, -2633710.721500001847744 ] ], [ [ 331398.234000001102686, -2635024.588899999856949 ], [ 331396.716099999845028, -2635080.516600001603365 ], [ 331504.781800001859665, -2635134.747099999338388 ], [ 331563.567999999970198, -2635097.71229999884963 ], [ 331593.44709999859333, -2634993.9847999997437 ], [ 331581.288699999451637, -2634905.923700001090765 ], [ 331547.844000000506639, -2634855.417700000107288 ], [ 331568.055100001394749, -2634773.649300001561642 ], [ 331510.74439999833703, -2634741.763599999248981 ], [ 331461.051300000399351, -2634807.177299998700619 ], [ 331441.6689000017941, -2634920.861400000751019 ], [ 331398.234000001102686, -2635024.588899999856949 ] ], [ [ 319652.557399999350309, -2630294.1385000012815 ], [ 319685.55350000038743, -2630214.491300001740456 ], [ 319729.422200001776218, -2630214.397399999201298 ], [ 319767.964699998497963, -2630237.5044 ], [ 319764.466499999165535, -2630276.208299998193979 ], [ 319857.903499998152256, -2630334.327599998563528 ], [ 319916.840999998152256, -2630302.9054000005126 ], [ 320017.475299999117851, -2630342.826099999248981 ], [ 320230.661800000816584, -2630275.078400000929832 ], [ 320380.762499999254942, -2630140.37779999896884 ], [ 320432.850400000810623, -2629974.1081000007689 ], [ 320443.785599999129772, -2629903.288100000470877 ], [ 320388.883099999278784, -2629820.441300000995398 ], [ 320442.924600001424551, -2629806.002599999308586 ], [ 320454.914799999445677, -2629775.951299998909235 ], [ 320338.928700000047684, -2629726.633000001311302 ], [ 320441.975600000470877, -2629701.892700001597404 ], [ 320559.833099998533726, -2629450.252300001680851 ], [ 320581.874899998307228, -2629703.977299999445677 ], [ 320634.520599998533726, -2629717.491300001740456 ], [ 320637.487300001084805, -2629747.539900001138449 ], [ 320584.322799999266863, -2629781.020300000905991 ], [ 320479.360500000417233, -2629969.355900000780821 ], [ 320451.16270000115037, -2630054.459300000220537 ], [ 320450.640700001269579, -2630190.081500001251698 ], [ 320477.311900001019239, -2630289.35080000013113 ], [ 320585.91499999910593, -2630436.958299998193979 ], [ 320649.659200001507998, -2630465.640900000929832 ], [ 320685.401200000196695, -2630446.593100000172853 ], [ 320678.657699998468161, -2630413.468100000172853 ], [ 320796.505100000649691, -2630487.721400000154972 ], [ 320836.343499999493361, -2630544.604499999433756 ], [ 320799.735300000756979, -2630566.4989 ], [ 320770.332600001245737, -2630636.034800000488758 ], [ 320893.377300001680851, -2630706.23589999973774 ], [ 320912.497800000011921, -2630695.252599999308586 ], [ 320908.582600001245737, -2630644.465500000864267 ], [ 320939.244600001722574, -2630668.523600000888109 ], [ 321211.186900001019239, -2630497.942400000989437 ], [ 321390.048500001430511, -2630210.219500001519918 ], [ 321384.5011, -2630134.34180000051856 ], [ 321428.420400001108646, -2630112.463199999183416 ], [ 321452.431000001728535, -2630044.369100000709295 ], [ 321411.413400001823902, -2629976.352699998766184 ], [ 321420.221200000494719, -2629937.919100001454353 ], [ 321142.346999999135733, -2629628.638399999588728 ], [ 321180.58729999884963, -2629596.972199998795986 ], [ 321304.633499998599291, -2629600.039099998772144 ], [ 321163.040699999779463, -2629476.547600001096725 ], [ 321166.906100001186132, -2629361.358399998396635 ], [ 321220.833599999547005, -2629234.030499998480082 ], [ 321175.758000001311302, -2629173.465599998831749 ], [ 321127.044700000435114, -2629158.5647 ], [ 321072.33559999987483, -2629071.38569999858737 ], [ 321092.940499998629093, -2629021.934999998658895 ], [ 321089.062100000679493, -2628949.401099998503923 ], [ 321051.654399998486042, -2628925.258000001311302 ], [ 321064.717399999499321, -2628866.370999999344349 ], [ 321237.961199998855591, -2628888.601399999111891 ], [ 321292.60869999974966, -2628931.479200001806021 ], [ 321324.239599999040365, -2628841.60530000180006 ], [ 321277.237900000065565, -2628805.664299998432398 ], [ 321256.942999999970198, -2628751.638700000941753 ], [ 321009.190699998289347, -2628657.631400000303984 ], [ 320953.917100001126528, -2628575.644400000572205 ], [ 320937.330699998885393, -2628469.115299999713898 ], [ 320911.627099998295307, -2628487.061999998986721 ], [ 320848.172499999403954, -2628332.25730000063777 ], [ 320907.926100000739098, -2628218.010800000280142 ], [ 320895.884500000625849, -2628180.404399998486042 ], [ 320849.586100000888109, -2628185.145100001245737 ], [ 320877.895599998533726, -2628113.119800001382828 ], [ 320937.196699999272823, -2628086.737399999052286 ], [ 320982.642799999564886, -2627919.5526 ], [ 320852.519000001251698, -2627889.310199998319149 ], [ 320808.088599998503923, -2627938.2489 ], [ 320745.769400000572205, -2627900.636700000613928 ], [ 320712.447999998927116, -2627927.3706 ], [ 320683.025199998170137, -2627907.497000001370907 ], [ 320633.351599998772144, -2627820.499000001698732 ], [ 320642.495299998670816, -2627775.984400000423193 ], [ 320618.067699998617172, -2627743.309000000357628 ], [ 320663.932700000703335, -2627631.667100001126528 ], [ 320660.408399999141693, -2627541.770899999886751 ], [ 320689.179800000041723, -2627483.476700000464916 ], [ 320683.848900001496077, -2627426.828400000929832 ], [ 320584.672100000083447, -2627421.508200000971556 ], [ 320547.070300001651049, -2627507.760400000959635 ], [ 320557.148400001227856, -2627574.306000001728535 ], [ 320519.292500000447035, -2627633.710900001227856 ], [ 320495.039099998772144, -2627737.480799999088049 ], [ 320512.874200001358986, -2627819.590199999511242 ], [ 320470.39919999986887, -2627849.940900001674891 ], [ 320394.592399999499321, -2627991.312100000679493 ], [ 320377.613899998366833, -2627904.766100000590086 ], [ 320304.575100000947714, -2628070.065400000661612 ], [ 320322.796500001102686, -2628119.099300000816584 ], [ 320284.296799998730421, -2628173.3412000015378 ], [ 320273.05799999833107, -2628371.078499998897314 ], [ 320198.832899998873472, -2628468.741799999028444 ], [ 320183.029399998486042, -2628415.084300000220537 ], [ 320129.025100000202656, -2628519.843499999493361 ], [ 320163.349599998444319, -2628534.799800001084805 ], [ 320149.611000001430511, -2628659.829100001603365 ], [ 320113.5472999997437, -2628707.7331000007689 ], [ 320081.831799998879433, -2628695.079100001603365 ], [ 319977.030299998819828, -2628773.898400001227856 ], [ 319919.777300000190735, -2628858.207800000905991 ], [ 319963.776399999856949, -2628987.489599999040365 ], [ 319925.693599998950958, -2629049.531300000846386 ], [ 319939.296799998730421, -2629110.410999998450279 ], [ 319908.427799999713898, -2629166.339699998497963 ], [ 319865.146600000560284, -2629174.225299999117851 ], [ 319856.315900001674891, -2629225.6435999982059 ], [ 319875.41499999910593, -2629332.896899998188019 ], [ 319926.813700001686811, -2629378.693999998271465 ], [ 319821.89299999922514, -2629415.840799998492002 ], [ 319852.786299999803305, -2629525.071600001305342 ], [ 319787.488899998366833, -2629556.477200001478195 ], [ 319741.166799999773502, -2629542.063700001686811 ], [ 319729.448899999260902, -2629577.440099999308586 ], [ 319769.20380000025034, -2629596.062100000679493 ], [ 319750.453999999910593, -2629628.760600000619888 ], [ 319746.907600000500679, -2629719.517900001257658 ], [ 319773.471400000154972, -2629796.24549999833107 ], [ 319677.090300001204014, -2629840.999200001358986 ], [ 319633.505100000649691, -2629808.138099998235703 ], [ 319582.358399998396635, -2629868.22690000012517 ], [ 319577.462000001221895, -2629958.241300001740456 ], [ 319616.787000000476837, -2629971.799499999731779 ], [ 319666.049300000071526, -2629947.477600000798702 ], [ 319731.185699999332428, -2629965.639800000935793 ], [ 319803.640399999916553, -2630019.4864999987185 ], [ 319777.753600001335144, -2630071.264800000935793 ], [ 319638.494899999350309, -2630144.688900001347065 ], [ 319603.223200000822544, -2630111.614900000393391 ], [ 319585.68019999936223, -2630214.554000001400709 ], [ 319617.049600001424551, -2630234.212900001555681 ], [ 319626.991700001060963, -2630278.104400001466274 ], [ 319652.557399999350309, -2630294.1385000012815 ] ], [ [ 319801.583700001239777, -2628147.833299998193979 ], [ 319836.413699999451637, -2628134.93299999833107 ], [ 319896.988499999046326, -2627954.5526 ], [ 319825.398600000888109, -2627970.206999998539686 ], [ 319755.337699998170137, -2628056.980200000107288 ], [ 319652.980500001460314, -2628138.11710000038147 ], [ 319639.7956000007689, -2628267.409499999135733 ], [ 319571.151000000536442, -2628351.380199998617172 ], [ 319581.895899999886751, -2628460.4485 ], [ 319656.823399998247623, -2628496.557399999350309 ], [ 319776.72749999910593, -2628279.450599998235703 ], [ 319801.583700001239777, -2628147.833299998193979 ] ], [ [ 318267.3108000010252, -2628280.197900000959635 ], [ 318281.566100001335144, -2628301.026200000196695 ], [ 318232.540600001811981, -2628347.849399998784065 ], [ 318196.467300001531839, -2628303.581599999219179 ], [ 318139.688499998301268, -2628432.894999999552965 ], [ 318204.649700000882149, -2628535.393899999558926 ], [ 318275.022700000554323, -2628479.943199999630451 ], [ 318266.26630000025034, -2628397.640099998563528 ], [ 318341.8564000017941, -2628344.183400001376867 ], [ 318302.926500000059605, -2628247.184599999338388 ], [ 318267.3108000010252, -2628280.197900000959635 ] ], [ [ 320112.71059999987483, -2628275.003800000995398 ], [ 320184.335499998182058, -2628222.8827 ], [ 320336.812399998307228, -2627860.994699999690056 ], [ 320324.723600000143051, -2627826.014800000935793 ], [ 320273.511199999600649, -2627867.913600001484156 ], [ 320220.106699999421835, -2627750.154500000178814 ], [ 320137.88399999961257, -2627805.271000001579523 ], [ 320093.357200000435114, -2627747.372900001704693 ], [ 320078.821299999952316, -2627654.376499999314547 ], [ 320049.178399998694658, -2627654.454999998211861 ], [ 320024.792700000107288, -2627873.834800001233816 ], [ 320066.183499999344349, -2627901.826999999582767 ], [ 320078.50560000166297, -2628035.071199998259544 ], [ 320021.139400001615286, -2628269.635899998247623 ], [ 320066.887499999254942, -2628286.730399999767542 ], [ 320112.71059999987483, -2628275.003800000995398 ] ], [ [ 318492.361900001764297, -2627734.151299998164177 ], [ 318490.429200001060963, -2627595.325199998915195 ], [ 318526.750500001013279, -2627429.315000001341105 ], [ 318522.176399998366833, -2627381.235100001096725 ], [ 318480.815900001674891, -2627340.234999999403954 ], [ 318308.215300001204014, -2627635.74100000038743 ], [ 318247.558400001376867, -2627655.163499999791384 ], [ 318180.192800000309944, -2627710.241900000721216 ], [ 318140.92850000038743, -2627690.741399999707937 ], [ 318120.918499998748302, -2627708.762299999594688 ], [ 318065.376800000667572, -2627682.458500001579523 ], [ 318111.381999999284744, -2627610.838199999183416 ], [ 318064.685400001704693, -2627571.38459999859333 ], [ 317987.820599999278784, -2627637.183299999684095 ], [ 317967.05799999833107, -2627738.660399999469519 ], [ 317969.645899999886751, -2627856.5702 ], [ 318173.719700001180172, -2627850.085799999535084 ], [ 318156.866700001060963, -2627914.6554000005126 ], [ 318181.455800000578165, -2627942.083000000566244 ], [ 318442.270700000226498, -2627877.580400001257658 ], [ 318480.941500000655651, -2627821.528499998152256 ], [ 318492.361900001764297, -2627734.151299998164177 ] ], [ [ 320336.660599999129772, -2627450.845499999821186 ], [ 320309.207400001585484, -2627499.411699999123812 ], [ 320299.86939999833703, -2627693.504999998956919 ], [ 320298.653799999505281, -2627736.246300000697374 ], [ 320315.701900001615286, -2627755.011199999600649 ], [ 320352.769400000572205, -2627713.936599999666214 ], [ 320352.816799998283386, -2627676.572299998253584 ], [ 320372.848999999463558, -2627654.192400000989437 ], [ 320421.485199999064207, -2627662.95160000026226 ], [ 320479.498599998652935, -2627633.331700000911951 ], [ 320523.101700000464916, -2627536.771099999547005 ], [ 320511.149700000882149, -2627473.872499998658895 ], [ 320523.24720000103116, -2627405.535100001841784 ], [ 320565.123700000345707, -2627382.204199999570847 ], [ 320633.719900000840425, -2627280.777300000190735 ], [ 320641.057100001722574, -2627217.343299999833107 ], [ 320735.387099999934435, -2627162.434999998658895 ], [ 320877.89919999986887, -2627006.755899999290705 ], [ 320949.839499998837709, -2626677.325199998915195 ], [ 320901.283500000834465, -2626660.706000000238419 ], [ 320849.383299998939037, -2626673.0810999982059 ], [ 320735.894600000232458, -2626734.783900000154972 ], [ 320630.284800000488758, -2626848.476599998772144 ], [ 320532.54450000077486, -2627004.603900000452995 ], [ 320467.576200000941753, -2627155.933600001037121 ], [ 320453.131400000303984, -2627295.066500000655651 ], [ 320403.628499999642372, -2627327.185699999332428 ], [ 320357.348799999803305, -2627467.458099998533726 ], [ 320336.660599999129772, -2627450.845499999821186 ] ], [ [ 321662.886300001293421, -2629460.668699998408556 ], [ 321650.707699999213219, -2629417.842999998480082 ], [ 321694.38289999961853, -2629411.595800001174212 ], [ 321711.186200000345707, -2629379.123700000345707 ], [ 321681.181800000369549, -2629223.768199998885393 ], [ 321629.590799998492002, -2629207.522300001233816 ], [ 321581.672200001776218, -2629074.292899999767542 ], [ 321556.691300000995398, -2629079.057100001722574 ], [ 321564.056499999016523, -2629190.365899998694658 ], [ 321545.557300001382828, -2629358.602800000458956 ], [ 321597.99549999833107, -2629387.844799999147654 ], [ 321592.012200001627207, -2629412.839499998837709 ], [ 321629.770199999213219, -2629471.665199998766184 ], [ 321662.886300001293421, -2629460.668699998408556 ] ], [ [ 321364.168999999761581, -2630834.795000001788139 ], [ 321395.105200000107288, -2630833.639499999582767 ], [ 321424.269400000572205, -2630936.929099999368191 ], [ 321448.6864, -2630954.79839999973774 ], [ 321567.3445999994874, -2630909.081000000238419 ], [ 321545.903599999845028, -2630729.089099999517202 ], [ 321492.479699999094009, -2630612.249699998646975 ], [ 321512.423099998384714, -2630586.337200000882149 ], [ 321566.602400001138449, -2630607.510499998927116 ], [ 321581.708500001579523, -2630587.438000001013279 ], [ 321462.333500001579523, -2630436.849399998784065 ], [ 321393.821299999952316, -2630571.3268 ], [ 321380.160300001502037, -2630693.746199999004602 ], [ 321364.168999999761581, -2630834.795000001788139 ] ], [ [ 312715.446800000965595, -2631623.135000001639128 ], [ 312744.906700000166893, -2631637.853300001472235 ], [ 312793.299899999052286, -2631590.420400001108646 ], [ 312870.575599998235703, -2631630.777399998158216 ], [ 312879.009799998253584, -2631588.091899998486042 ], [ 312837.90989999845624, -2631569.521499998867512 ], [ 312847.477699998766184, -2631537.976300001144409 ], [ 312831.107500001788139, -2631526.028400000184774 ], [ 312805.900199998170137, -2631545.53770000115037 ], [ 312811.243200000375509, -2631497.989199999719858 ], [ 312745.515700001269579, -2631454.446400001645088 ], [ 312709.183699999004602, -2631370.1721 ], [ 312985.400400001555681, -2631445.968600001186132 ], [ 312838.745799999684095, -2631295.669700000435114 ], [ 312814.400199998170137, -2631309.039000000804663 ], [ 312776.241999998688698, -2631290.125399999320507 ], [ 312733.382599998265505, -2631315.142400000244379 ], [ 312534.374499998986721, -2631297.109000001102686 ], [ 312482.060100000351667, -2631387.582800000905991 ], [ 312433.295200001448393, -2631470.692499998956919 ], [ 312461.030900001525879, -2631523.088599998503923 ], [ 312418.666000001132488, -2631591.54450000077486 ], [ 312436.519600000232458, -2631710.127700001001358 ], [ 312517.237100001424551, -2631758.728399999439716 ], [ 312565.273899998515844, -2631763.495999999344349 ], [ 312624.510200001299381, -2631650.4474 ], [ 312715.446800000965595, -2631623.135000001639128 ] ], [ [ 306655.875399999320507, -2631315.540300000458956 ], [ 306741.6864, -2631326.48759999871254 ], [ 306815.165500000119209, -2631250.06980000063777 ], [ 306878.864399999380112, -2631138.482200000435114 ], [ 306896.846500001847744, -2631070.360199999064207 ], [ 306959.058499999344349, -2631008.346000000834465 ], [ 307071.24269999936223, -2631038.738299999386072 ], [ 307159.850400000810623, -2631031.018399998545647 ], [ 307189.551699999719858, -2630973.69819999858737 ], [ 307179.624800000339746, -2630925.336100000888109 ], [ 307114.889299999922514, -2630855.59910000115633 ], [ 306949.179299999028444, -2630870.613000001758337 ], [ 306896.817099999636412, -2630919.301899999380112 ], [ 306860.197000000625849, -2630832.383900001645088 ], [ 306959.036200001835823, -2630779.98759999871254 ], [ 306834.297100000083447, -2630639.032499998807907 ], [ 306768.267900001257658, -2630468.69649999961257 ], [ 306688.170099999755621, -2630405.975099999457598 ], [ 306673.886999998241663, -2630362.45160000026226 ], [ 306688.583700001239777, -2630346.848200000822544 ], [ 306688.138000000268221, -2630254.808400001376867 ], [ 306611.070099998265505, -2630120.58729999884963 ], [ 306617.207899998873472, -2630085.045499999076128 ], [ 306672.767400000244379, -2630069.910199999809265 ], [ 306745.912399999797344, -2630013.683600001037121 ], [ 306930.890000000596046, -2630021.592700000852346 ], [ 306982.152699999511242, -2629969.615200001746416 ], [ 307014.29280000180006, -2629778.259300000965595 ], [ 306985.528599999845028, -2629638.303300000727177 ], [ 306889.638000000268221, -2629493.089800000190735 ], [ 306885.146899998188019, -2629430.313700001686811 ], [ 306693.839200001209974, -2629308.412799999117851 ], [ 306703.614000000059605, -2629234.302000001072884 ], [ 306665.901299998164177, -2629195.336599998176098 ], [ 306696.711100000888109, -2629173.526299998164177 ], [ 306786.397599998861551, -2629204.722699999809265 ], [ 306735.052799999713898, -2629035.305100001394749 ], [ 306634.924199998378754, -2629057.341899998486042 ], [ 306401.850900001823902, -2629067.212400000542402 ], [ 306354.19990000128746, -2628760.080400001257658 ], [ 306298.453400000929832, -2628682.336800001561642 ], [ 306257.0439000017941, -2628684.547600001096725 ], [ 306143.938000001013279, -2628546.67119999974966 ], [ 306148.876299999654293, -2628480.877500001341105 ], [ 306114.043999999761581, -2628408.554400000721216 ], [ 306130.842599999159575, -2628258.967700000852346 ], [ 306070.400800000876188, -2628248.583399999886751 ], [ 306065.800700001418591, -2628053.7949 ], [ 306019.686799999326468, -2627983.587400000542402 ], [ 305921.609099999070168, -2627928.989 ], [ 305880.820599999278784, -2627857.359999999403954 ], [ 305840.235500000417233, -2627868.120799999684095 ], [ 305797.391699999570847, -2627911.347600001841784 ], [ 305662.292500000447035, -2627868.905699998140335 ], [ 305498.075199998915195, -2627993.854800000786781 ], [ 305430.967199999839067, -2627944.4037000015378 ], [ 305377.512299999594688, -2627989.652800001204014 ], [ 305182.562300000339746, -2627856.022100001573563 ], [ 305152.392000000923872, -2627753.559500001370907 ], [ 305101.180599998682737, -2627724.796999998390675 ], [ 305083.575199998915195, -2627738.1064000017941 ], [ 304870.518800001591444, -2627708.2027000002563 ], [ 304840.521999999880791, -2627648.288699999451637 ], [ 304864.610800001770258, -2627611.570700000971556 ], [ 304832.570099998265505, -2627559.746399998664856 ], [ 304758.405299998819828, -2627614.328699998557568 ], [ 304728.897999998182058, -2627725.4243 ], [ 304753.123199999332428, -2627838.144499998539686 ], [ 304689.9358000010252, -2627952.2314000017941 ], [ 304725.2195999994874, -2628069.694499999284744 ], [ 304682.141499999910593, -2628151.177299998700619 ], [ 304660.360100001096725, -2628365.518100000917912 ], [ 304589.92850000038743, -2628709.785799998790026 ], [ 304605.273600000888109, -2628901.611900001764297 ], [ 304637.414000000804663, -2629047.335700001567602 ], [ 304720.454199999570847, -2629206.968400001525879 ], [ 304810.506900001317263, -2629266.075500000268221 ], [ 304990.827100001275539, -2629714.9070999994874 ], [ 305013.267299998551607, -2629900.806499999016523 ], [ 304972.042700000107288, -2630057.538199998438358 ], [ 305202.292500000447035, -2630581.414000000804663 ], [ 305393.588100001215935, -2630785.851799998432398 ], [ 305780.422600001096725, -2631110.074299998581409 ], [ 305912.335200000554323, -2631165.089899998158216 ], [ 305943.214299999177456, -2631132.807700000703335 ], [ 306258.560400001704693, -2631460.8596 ], [ 306311.44539999961853, -2631466.876499999314547 ], [ 306505.1891999989748, -2631346.194400001317263 ], [ 306655.875399999320507, -2631315.540300000458956 ] ], [ [ 331582.670899998396635, -2635966.761199999600649 ], [ 331677.43019999936223, -2635977.412599999457598 ], [ 331656.234299998730421, -2635858.34010000154376 ], [ 331565.666600000113249, -2635734.992800001055002 ], [ 331522.145500000566244, -2635602.994300000369549 ], [ 331479.799100000411272, -2635622.2335 ], [ 331467.545899998396635, -2635696.042100001126528 ], [ 331582.670899998396635, -2635966.761199999600649 ] ], [ [ 330942.602099999785423, -2637169.0962999984622 ], [ 330910.166200000792742, -2637179.205400001257658 ], [ 330890.963700000196695, -2637240.771600000560284 ], [ 330957.418299999088049, -2637309.833200000226498 ], [ 330943.229100000113249, -2637376.026500001549721 ], [ 330783.450500000268221, -2637552.577500000596046 ], [ 330748.914599999785423, -2637773.491799999028444 ], [ 330683.064399998635054, -2637814.802200000733137 ], [ 330615.030099999159575, -2637808.5135000012815 ], [ 330569.113899998366833, -2637873.435499999672174 ], [ 330535.551600001752377, -2637969.860800001770258 ], [ 330486.879099998623133, -2637994.193399999290705 ], [ 330456.452399998903275, -2638096.262899998575449 ], [ 330389.808299999684095, -2638163.777800001204014 ], [ 330497.410399999469519, -2638232.026599999517202 ], [ 330612.735399998724461, -2638140.177499998360872 ], [ 330637.4983000010252, -2638047.477699998766184 ], [ 330687.913600001484156, -2638014.255199998617172 ], [ 330740.612199999392033, -2638014.601700000464916 ], [ 330783.54839999973774, -2638052.651799999177456 ], [ 330832.027399998158216, -2637996.984900001436472 ], [ 330789.693399999290705, -2637984.960099998861551 ], [ 330836.197999998927116, -2637900.823399998247623 ], [ 330971.672200001776218, -2637773.363800000399351 ], [ 331082.068599998950958, -2637489.008900001645088 ], [ 331105.860399998724461, -2637384.333599999547005 ], [ 331034.702300000935793, -2637147.0489999987185 ], [ 331068.745299998670816, -2637134.104899998754263 ], [ 331069.892900001257658, -2637063.521099999547005 ], [ 331093.329199999570847, -2636998.900800000876188 ], [ 331116.763000000268221, -2636934.178899999707937 ], [ 331060.884899999946356, -2636915.093800000846386 ], [ 331014.271299999207258, -2637007.004700001329184 ], [ 330942.602099999785423, -2637169.0962999984622 ] ], [ [ 331489.905499998480082, -2637326.515500001609325 ], [ 331542.521000001579523, -2637242.500799998641014 ], [ 331525.134199999272823, -2637145.5135000012815 ], [ 331437.762899998575449, -2636962.590799998492002 ], [ 331405.810100000351667, -2636894.331599999219179 ], [ 331356.139199998229742, -2636891.907900001853704 ], [ 331298.580699998885393, -2636977.459699999541044 ], [ 331263.077399998903275, -2637213.207699999213219 ], [ 331304.512499999254942, -2637342.855500001460314 ], [ 331364.763099998235703, -2637402.203499998897314 ], [ 331411.441599998623133, -2637401.580299999564886 ], [ 331489.905499998480082, -2637326.515500001609325 ] ], [ [ 320628.447599999606609, -2639502.57880000025034 ], [ 320535.097899999469519, -2639488.730700001120567 ], [ 320376.9222999997437, -2639363.688999999314547 ], [ 320363.197299998253584, -2639569.537200000137091 ], [ 320387.465500000864267, -2639913.539900001138449 ], [ 320478.286299999803305, -2639947.636100001633167 ], [ 320595.365100000053644, -2639933.418299999088049 ], [ 320915.470199998468161, -2639949.329500000923872 ], [ 321012.598900001496077, -2640017.504299998283386 ], [ 321058.3761, -2640077.120999999344349 ], [ 321358.299899999052286, -2640123.237300001084805 ], [ 321270.206799998879433, -2639982.636999998241663 ], [ 321186.42960000038147, -2639936.313999999314547 ], [ 321097.946199998259544, -2639918.479299999773502 ], [ 321152.654800001531839, -2639876.959199998527765 ], [ 321139.548099998384714, -2639794.230900000780821 ], [ 321079.942800000309944, -2639665.094999998807907 ], [ 320978.347199998795986, -2639613.987500000745058 ], [ 320925.511100001633167, -2639610.842500001192093 ], [ 320883.633000001311302, -2639475.900499999523163 ], [ 320673.415899999439716, -2639363.24100000038743 ], [ 320628.447599999606609, -2639502.57880000025034 ] ], [ [ 330522.324299998581409, -2638963.821699999272823 ], [ 330459.7837999984622, -2638908.958200000226498 ], [ 330370.934799998998642, -2639017.5493 ], [ 330414.133799999952316, -2639113.018899999558926 ], [ 330413.393199998885393, -2639171.370400000363588 ], [ 330438.364599999040365, -2639208.250700000673532 ], [ 330479.712699998170137, -2639186.546999998390675 ], [ 330481.073300000280142, -2639129.037399999797344 ], [ 330536.246800001710653, -2639066.378899998962879 ], [ 330610.432000000029802, -2639034.523400001227856 ], [ 330677.576299998909235, -2638893.875500001013279 ], [ 330662.6385000012815, -2638850.485100001096725 ], [ 330690.44649999961257, -2638835.717799998819828 ], [ 330677.160199999809265, -2638782.661699999123812 ], [ 330706.300500001758337, -2638741.621199999004602 ], [ 330647.075800001621246, -2638749.042700000107288 ], [ 330598.177299998700619, -2638827.335400000214577 ], [ 330530.730999998748302, -2638840.114500001072884 ], [ 330541.841899998486042, -2638916.126400001347065 ], [ 330522.324299998581409, -2638963.821699999272823 ] ], [ [ 329041.849800001829863, -2654041.738400001078844 ], [ 329031.710099998861551, -2654078.693399999290705 ], [ 329092.118599999696016, -2654211.231199998408556 ], [ 329175.7939000017941, -2654151.254000000655651 ], [ 329198.679800000041723, -2654180.6809 ], [ 329220.630199998617172, -2654159.716899998486042 ], [ 329205.419799998402596, -2654122.375500001013279 ], [ 329248.2635000012815, -2654030.967500001192093 ], [ 329269.653599999845028, -2654054.429000001400709 ], [ 329235.200199998915195, -2654117.888700000941753 ], [ 329235.462400000542402, -2654258.7989999987185 ], [ 329293.285199999809265, -2654288.109099999070168 ], [ 329320.671599999070168, -2654258.601700000464916 ], [ 329310.10530000180006, -2654224.224899999797344 ], [ 329325.215399999171495, -2654184.145700000226498 ], [ 329304.436099998652935, -2654146.694499999284744 ], [ 329323.538499999791384, -2654060.741300001740456 ], [ 329238.708500001579523, -2653907.741500001400709 ], [ 329190.022399999201298, -2653921.647999998182058 ], [ 329106.582100000232458, -2653991.07319999858737 ], [ 329080.3412000015378, -2654039.58839999884367 ], [ 329041.849800001829863, -2654041.738400001078844 ] ], [ [ 329868.816399998962879, -2655763.577799998223782 ], [ 329912.955800000578165, -2655785.121399998664856 ], [ 329867.144099999219179, -2655928.224500000476837 ], [ 329921.856600001454353, -2656069.341400001198053 ], [ 329968.313999999314547, -2656107.932 ], [ 329986.893399998545647, -2656090.000900000333786 ], [ 330022.111400000751019, -2656129.077199999243021 ], [ 330024.870200000703335, -2656171.385499998927116 ], [ 330120.565900001674891, -2656268.289799999445677 ], [ 330152.895199999213219, -2656273.851599998772144 ], [ 330175.056000001728535, -2656245.777899999171495 ], [ 330191.964699998497963, -2656260.214800000190735 ], [ 330260.920400001108646, -2656225.642099998891354 ], [ 330277.357500001788139, -2656298.413699999451637 ], [ 330268.947799999266863, -2656350.776799999177456 ], [ 330300.840300001204014, -2656370.300299998372793 ], [ 330335.642099998891354, -2656338.150199998170137 ], [ 330350.046999998390675, -2656350.271600000560284 ], [ 330330.907400000840425, -2656397.012200001627207 ], [ 330421.095499999821186, -2656424.918299999088049 ], [ 330594.260200001299381, -2656521.755699999630451 ], [ 330671.515999998897314, -2656536.423099998384714 ], [ 330714.502700001001358, -2656522.407800000160933 ], [ 330726.963100001215935, -2656493.940200001001358 ], [ 330698.250300001353025, -2656456.578499998897314 ], [ 330617.796799998730421, -2656422.22239999845624 ], [ 330604.411400001496077, -2656375.188499998301268 ], [ 330393.890500001609325, -2656253.470300000160933 ], [ 330373.757399998605251, -2656220.276599999517202 ], [ 330396.376800000667572, -2656171.275699999183416 ], [ 330379.685100000351667, -2656135.141699999570847 ], [ 330270.626800000667572, -2656071.273299999535084 ], [ 330258.702500000596046, -2656115.405200000852346 ], [ 330281.778400000184774, -2656176.859999999403954 ], [ 330219.424800001084805, -2656140.253699999302626 ], [ 330226.186200000345707, -2655955.000799998641014 ], [ 330166.910000000149012, -2655934.431099999696016 ], [ 330165.557700000703335, -2655890.237399999052286 ], [ 330129.726700000464916, -2655839.037399999797344 ], [ 330117.0016999989748, -2655842.3260000012815 ], [ 330110.213100001215935, -2655791.852600000798702 ], [ 330138.821699999272823, -2655744.846999999135733 ], [ 330052.846400000154972, -2655671.142700001597404 ], [ 329989.475999999791384, -2655672.857500001788139 ], [ 330025.761300001293421, -2655617.947200000286102 ], [ 330005.810100000351667, -2655545.613699998706579 ], [ 329955.227699998766184, -2655521.450800001621246 ], [ 329911.963799998164177, -2655525.918600000441074 ], [ 329868.991500001400709, -2655656.578699998557568 ], [ 329868.816399998962879, -2655763.577799998223782 ] ], [ [ 329330.272300001233816, -2656040.920800000429153 ], [ 329305.576999999582767, -2656128.375100001692772 ], [ 329337.400299999862909, -2656163.659400001168251 ], [ 329334.459300000220537, -2656252.74210000038147 ], [ 329352.832299999892712, -2656263.470100000500679 ], [ 329374.403499998152256, -2656226.006400000303984 ], [ 329443.016100000590086, -2656237.576900001615286 ], [ 329488.6097999997437, -2656218.803300000727177 ], [ 329514.070500001311302, -2656180.8629 ], [ 329502.719399999827147, -2656119.666499998420477 ], [ 329395.721099998801947, -2656017.1891999989748 ], [ 329330.272300001233816, -2656040.920800000429153 ] ], [ [ 329034.743900001049042, -2656254.1985 ], [ 329035.444699998944998, -2656287.180799998342991 ], [ 329001.019000001251698, -2656305.353500001132488 ], [ 328985.574599999934435, -2656351.6266999989748 ], [ 329015.017599999904633, -2656408.074000000953674 ], [ 328999.156500000506639, -2656452.574799999594688 ], [ 329065.895100001245737, -2656463.468400001525879 ], [ 329119.53319999948144, -2656369.0132 ], [ 329169.467000000178814, -2656375.034099999815226 ], [ 329197.745900001376867, -2656356.7010000012815 ], [ 329162.247499998658895, -2656299.297499999403954 ], [ 329175.236099999397993, -2656273.398299999535084 ], [ 329074.078499998897314, -2656178.850999999791384 ], [ 329034.743900001049042, -2656254.1985 ] ], [ [ 327302.660199999809265, -2656566.471900001168251 ], [ 327256.168299999088049, -2656613.137600000947714 ], [ 327281.303399998694658, -2656620.409299999475479 ], [ 327197.405600000172853, -2656726.532699998468161 ], [ 327253.2331000007689, -2656810.988299999386072 ], [ 327289.901999998837709, -2656802.144299998879433 ], [ 327317.609999999403954, -2656766.456799998879433 ], [ 327322.053899999707937, -2656815.5176 ], [ 327298.866900000721216, -2656861.932599999010563 ], [ 327326.724300000816584, -2656895.896899998188019 ], [ 327389.260400000959635, -2656874.277199998497963 ], [ 327459.23369999974966, -2656790.740899998694658 ], [ 327471.559200000017881, -2656731.86600000038743 ], [ 327383.322200000286102, -2656586.970600001513958 ], [ 327341.763700000941753, -2656552.988299999386072 ], [ 327302.660199999809265, -2656566.471900001168251 ] ], [ [ 328447.518699999898672, -2656863.625199999660254 ], [ 328436.786100000143051, -2656991.989399999380112 ], [ 328367.644900001585484, -2657009.313999999314547 ], [ 328320.246100001037121, -2657214.395899999886751 ], [ 328393.042899999767542, -2657204.491399999707937 ], [ 328449.274700000882149, -2657165.379700001329184 ], [ 328453.568799998611212, -2657105.665899999439716 ], [ 328544.272199999541044, -2657097.075800001621246 ], [ 328597.192600000649691, -2657029.629000000655651 ], [ 328619.066500000655651, -2656946.874600000679493 ], [ 328614.724599998444319, -2656866.449700001627207 ], [ 328602.916299998760223, -2656834.948399998247623 ], [ 328584.531199999153614, -2656838.932700000703335 ], [ 328604.460400000214577, -2656772.037300001829863 ], [ 328579.099899999797344, -2656693.407200001180172 ], [ 328542.206599999219179, -2656692.731100000441074 ], [ 328431.46339999884367, -2656815.211500000208616 ], [ 328447.518699999898672, -2656863.625199999660254 ] ], [ [ 328958.541499998420477, -2656933.603399999439716 ], [ 328935.863899998366833, -2656997.311500001698732 ], [ 328954.691199999302626, -2657143.685100000351667 ], [ 328973.807799998670816, -2657150.097500000149012 ], [ 328995.467300001531839, -2657081.270500000566244 ], [ 329061.531899999827147, -2657020.066100001335144 ], [ 329050.345300000160933, -2656976.175999999046326 ], [ 329131.595199998468161, -2656882.51799999922514 ], [ 329046.848999999463558, -2656791.300299998372793 ], [ 329019.575800001621246, -2656836.407299999147654 ], [ 328997.804800000041723, -2656973.903900001198053 ], [ 328958.541499998420477, -2656933.603399999439716 ] ], [ [ 320079.046900000423193, -2658146.621399998664856 ], [ 320061.655600000172853, -2658099.131999999284744 ], [ 320199.358800001442432, -2657933.784099999815226 ], [ 320360.404699999839067, -2657866.61259999871254 ], [ 320581.995799999684095, -2657847.652899999171495 ], [ 320618.686799999326468, -2657884.153499998152256 ], [ 320706.221099998801947, -2657828.329900000244379 ], [ 320858.823800001293421, -2657440.33669999986887 ], [ 320830.9543999992311, -2657402.785100001841784 ], [ 320733.710099998861551, -2657370.181099999696016 ], [ 320588.054000001400709, -2657461.738299999386072 ], [ 320573.115699999034405, -2657440.848900001496077 ], [ 320655.210900001227856, -2657389.229100000113249 ], [ 320682.936299998313189, -2657351.106800001114607 ], [ 320607.741200000047684, -2657328.834399998188019 ], [ 320633.91950000077486, -2657285.670400001108646 ], [ 320736.841400001198053, -2657240.183899998664856 ], [ 320796.900499999523163, -2657236.473099999129772 ], [ 320752.194299999624491, -2657174.038800001144409 ], [ 320593.255199998617172, -2657091.427200000733137 ], [ 320534.648899998515844, -2657178.522100001573563 ], [ 320509.73030000180006, -2657172.865499999374151 ], [ 320486.041799999773502, -2657047.817899998277426 ], [ 320553.932300001382828, -2657050.920099999755621 ], [ 320547.142099998891354, -2657023.129900000989437 ], [ 320470.871100001037121, -2656969.630899999290705 ], [ 320287.55009999871254, -2657059.5608000010252 ], [ 320131.307199999690056, -2657295.881000000983477 ], [ 319802.372499998658895, -2657865.994300000369549 ], [ 319739.630899999290705, -2658035.294199999421835 ], [ 319865.124699998646975, -2658013.2467 ], [ 319698.151500001549721, -2658196.787999998778105 ], [ 319611.828299999237061, -2658329.824799999594688 ], [ 319669.819200001657009, -2658404.590500000864267 ], [ 319751.630100000649691, -2658396.453299999237061 ], [ 319898.586899999529123, -2658313.570900000631809 ], [ 320045.845600001513958, -2658295.85190000012517 ], [ 320017.561999998986721, -2658223.55970000103116 ], [ 320079.046900000423193, -2658146.621399998664856 ] ], [ [ 327282.815699998289347, -2656176.540699999779463 ], [ 327328.216400001198053, -2656234.460999999195337 ], [ 327360.033300001174212, -2656347.19370000064373 ], [ 327434.781100001186132, -2656382.339999999850988 ], [ 327523.817800000309944, -2656482.657600000500679 ], [ 327527.299499999731779, -2656519.620799999684095 ], [ 327566.843800000846386, -2656539.147199999541044 ], [ 327642.403000000864267, -2656501.099199999123812 ], [ 327682.213700000196695, -2656442.252000000327826 ], [ 327682.232500001788139, -2656381.362799998372793 ], [ 327645.209699999541044, -2656272.013700000941753 ], [ 327698.096000000834465, -2656274.148600000888109 ], [ 327624.552999999374151, -2656142.286699999123812 ], [ 327576.151900000870228, -2656110.853000000119209 ], [ 327501.590399999171495, -2656168.732099998742342 ], [ 327468.525100000202656, -2656153.660100001841784 ], [ 327442.407299999147654, -2656102.145700000226498 ], [ 327401.385899998247623, -2656085.421300001442432 ], [ 327378.810499999672174, -2655988.2010000012815 ], [ 327338.601100001484156, -2655957.465300001204014 ], [ 327294.706599999219179, -2655991.612399999052286 ], [ 327307.496500000357628, -2656043.058499999344349 ], [ 327269.634500000625849, -2656039.054099999368191 ], [ 327213.016399998217821, -2656160.855399999767542 ], [ 327255.362300001084805, -2656191.333200000226498 ], [ 327282.815699998289347, -2656176.540699999779463 ] ], [ [ 328538.593100000172853, -2657950.434000000357628 ], [ 328588.729200001806021, -2657995.558800000697374 ], [ 328685.816300000995398, -2657919.1173 ], [ 328709.733300000429153, -2657984.928199999034405 ], [ 328664.272300001233816, -2658003.554200001060963 ], [ 328628.749400001019239, -2658054.933800000697374 ], [ 328590.692999999970198, -2658165.800500001758337 ], [ 328615.239500001072884, -2658233.249800000339746 ], [ 328657.565600000321865, -2658186.279199998825788 ], [ 328694.295200001448393, -2658217.428899999707937 ], [ 328710.837499998509884, -2658259.7489 ], [ 328676.966299999505281, -2658364.860399998724461 ], [ 328718.916000001132488, -2658370.050900001078844 ], [ 328740.9070999994874, -2658434.383699998259544 ], [ 328793.594500001519918, -2658398.333799999207258 ], [ 328799.350099999457598, -2658327.148899998515844 ], [ 328841.99100000038743, -2658304.4232 ], [ 328915.672200001776218, -2658157.887499999254942 ], [ 328906.739199999719858, -2658075.396899998188019 ], [ 328856.665899999439716, -2658029.367199998348951 ], [ 328884.748599998652935, -2657971.951299998909235 ], [ 328860.611400000751019, -2657921.907299999147654 ], [ 328829.217000000178814, -2657935.366599999368191 ], [ 328817.347699999809265, -2657919.389600001275539 ], [ 328883.909499999135733, -2657867.708099998533726 ], [ 328891.731899999082088, -2657790.0962999984622 ], [ 328865.896699998527765, -2657771.628499999642372 ], [ 328770.444400001317263, -2657762.573699999600649 ], [ 328791.114900000393391, -2657713.024999998509884 ], [ 328764.113800000399351, -2657664.940999999642372 ], [ 328751.430300001055002, -2657585.649599999189377 ], [ 328689.691300000995398, -2657593.292199999094009 ], [ 328523.120600000023842, -2657690.402399998158216 ], [ 328486.725000001490116, -2657711.4397 ], [ 328530.63060000166297, -2657762.568599998950958 ], [ 328467.604699999094009, -2657844.378199998289347 ], [ 328508.428100001066923, -2657907.17960000038147 ], [ 328516.779500000178814, -2657955.754000000655651 ], [ 328538.593100000172853, -2657950.434000000357628 ] ] ] ] } }
]
}
